customer_id,total_spent,customer_segment,Churn_Probability,Revenue_At_Risk
C071011,24945.95,New,1.0,24945.95
C004169,25842.33,VIP,0.95,24550.21
C011973,26694.44,VIP,0.9,24025.0
C049803,24616.74,VIP,0.95,23385.9
C026116,25891.24,VIP,0.9,23302.12
C010485,26361.95,Loyal,0.88,23198.52
C078317,23495.32,VIP,0.96,22555.51
C077070,25038.42,VIP,0.89,22284.19
C004355,25640.9,New,0.86,22051.17
C040894,24177.92,VIP,0.89,21518.35
C067331,21950.74,Returning,0.97,21292.22
C080499,22450.94,New,0.93,20879.37
C041211,21898.89,VIP,0.95,20803.95
C045710,22806.66,Returning,0.91,20754.06
C011551,21447.56,Returning,0.96,20589.66
C024097,25322.71,New,0.81,20511.4
C011728,26273.98,VIP,0.78,20493.7
C037741,20393.04,Loyal,1.0,20393.04
C047974,24506.23,VIP,0.83,20340.17
C023612,22342.7,Loyal,0.91,20331.86
C034505,20453.39,Loyal,0.99,20248.86
C075418,21044.13,Loyal,0.95,19991.92
C021839,20919.68,VIP,0.95,19873.7
C022040,21346.69,Loyal,0.93,19852.42
C078826,22749.03,Loyal,0.87,19791.66
C097599,25045.38,Loyal,0.79,19785.85
C049513,21170.87,Returning,0.93,19688.91
C017720,21027.45,New,0.93,19555.53
C068076,21900.4,New,0.89,19491.36
C095660,22918.64,New,0.85,19480.84
C088907,20029.53,New,0.97,19428.64
C079829,22020.55,Returning,0.88,19378.08
C055466,19969.31,New,0.97,19370.23
C001174,20514.67,New,0.94,19283.79
C031841,20942.14,New,0.92,19266.77
C021080,26129.67,Returning,0.73,19074.66
C082663,20923.11,Loyal,0.91,19040.03
C076237,23787.29,Returning,0.8,19029.83
C068412,22460.5,Returning,0.84,18866.82
C032479,19447.5,Returning,0.97,18864.08
C003616,23208.16,Returning,0.81,18798.61
C059035,20131.3,Returning,0.93,18722.11
C026318,27047.79,New,0.69,18662.98
C021983,19089.22,New,0.97,18516.54
C094066,20329.01,VIP,0.91,18499.4
C062750,23250.29,New,0.79,18367.73
C021764,18816.23,Loyal,0.97,18251.74
C014921,18781.35,Returning,0.97,18217.91
C075548,19719.22,New,0.92,18141.68
C078142,18461.95,Returning,0.98,18092.71
C090613,19341.1,New,0.93,17987.22
C044260,18921.99,New,0.95,17975.89
C061582,18587.63,VIP,0.96,17844.12
C085907,18744.59,Returning,0.95,17807.36
C030398,18357.22,VIP,0.97,17806.5
C098605,19302.19,Returning,0.92,17758.01
C099826,21587.67,Returning,0.82,17701.89
C069802,18811.92,VIP,0.94,17683.2
C031790,18039.75,New,0.98,17678.95
C061722,20506.48,VIP,0.86,17635.57
C000574,18503.32,Loyal,0.95,17578.15
C006383,19237.39,Returning,0.91,17506.02
C018980,19012.29,Loyal,0.92,17491.31
C007057,18386.6,VIP,0.95,17467.27
C072332,21528.17,Loyal,0.81,17437.82
C052843,20260.0,New,0.86,17423.6
C060856,17662.6,Loyal,0.98,17309.35
C018054,18209.24,Loyal,0.95,17298.78
C069007,19602.85,VIP,0.88,17250.51
C078285,18143.46,New,0.95,17236.29
C011090,17344.37,Loyal,0.98,16997.48
C075393,19314.21,VIP,0.88,16996.5
C064364,19896.31,Loyal,0.85,16911.86
C014779,17585.93,Returning,0.96,16882.49
C030673,18412.12,VIP,0.91,16755.03
C098871,21439.38,Loyal,0.78,16722.72
C043471,17947.78,Loyal,0.93,16691.44
C086850,17883.92,New,0.93,16632.05
C053870,16499.83,New,1.0,16499.83
C098736,17295.33,Returning,0.95,16430.56
C072725,23422.02,Returning,0.7,16395.41
C090692,16627.48,VIP,0.98,16294.93
C040475,18393.0,Returning,0.88,16185.84
C091480,23398.59,Loyal,0.69,16145.03
C095536,16283.49,VIP,0.99,16120.66
C032639,18866.52,Returning,0.85,16036.54
C011894,16118.49,New,0.99,15957.31
C018894,19374.4,VIP,0.82,15887.01
C020042,17060.8,VIP,0.93,15866.54
C069392,15848.51,VIP,0.99,15690.02
C036359,17229.47,VIP,0.91,15678.82
C034787,17022.56,Loyal,0.92,15660.76
C083713,19563.6,VIP,0.8,15650.88
C038692,18382.43,Loyal,0.85,15625.07
C090204,21694.3,New,0.72,15619.9
C076306,15926.72,VIP,0.98,15608.19
C003376,17512.46,Returning,0.88,15410.96
C084510,15706.38,VIP,0.98,15392.25
C053173,16021.88,VIP,0.96,15381.0
C050453,15831.87,Returning,0.97,15356.91
C015810,15623.68,New,0.98,15311.21
C093272,17293.45,VIP,0.88,15218.24
C019838,16186.19,New,0.94,15215.02
C055286,15660.64,Returning,0.97,15190.82
C039090,15624.14,Loyal,0.97,15155.42
C014278,17221.21,VIP,0.88,15154.66
C000152,24002.43,Returning,0.63,15121.53
C092938,16601.11,Loyal,0.91,15107.01
C067813,20839.73,New,0.72,15004.61
C041612,16129.76,Returning,0.93,15000.68
C065973,15139.89,New,0.99,14988.49
C067273,18955.0,Returning,0.79,14974.45
C063444,28237.97,New,0.53,14966.12
C042918,21603.79,VIP,0.69,14906.62
C055339,15321.26,New,0.97,14861.62
C060398,15809.46,New,0.94,14860.89
C044486,16319.48,Loyal,0.91,14850.73
C069297,15301.57,New,0.97,14842.52
C027336,17378.45,Loyal,0.85,14771.68
C088674,16376.68,Returning,0.9,14739.01
C022963,15160.42,Returning,0.97,14705.61
C006323,15806.12,VIP,0.93,14699.69
C084540,15125.35,VIP,0.97,14671.59
C005269,15587.24,Loyal,0.94,14652.01
C011835,15320.8,Loyal,0.95,14554.76
C097753,18616.15,New,0.78,14520.6
C086542,15205.29,VIP,0.95,14445.03
C023818,15509.12,VIP,0.93,14423.48
C040164,15273.47,VIP,0.94,14357.06
C088877,14782.27,New,0.97,14338.8
C012010,14927.91,VIP,0.96,14330.79
C062565,22730.97,Returning,0.63,14320.51
C063097,23356.21,Returning,0.61,14247.29
C061210,14970.96,New,0.95,14222.41
C092555,15381.99,VIP,0.92,14151.43
C069901,15883.4,VIP,0.89,14136.23
C038349,15991.26,Loyal,0.88,14072.31
C030161,14646.27,Loyal,0.96,14060.42
C022161,14316.58,Returning,0.98,14030.25
C041630,15239.73,Returning,0.92,14020.55
C012251,14438.95,Loyal,0.97,14005.78
C071682,14132.39,Loyal,0.99,13991.07
C073388,23223.0,Loyal,0.6,13933.8
C044702,14305.62,New,0.97,13876.45
C082050,19259.26,New,0.72,13866.67
C095283,14124.0,Returning,0.98,13841.52
C038147,21285.07,Returning,0.65,13835.3
C097114,17057.07,Loyal,0.81,13816.23
C088126,14667.49,VIP,0.94,13787.44
C029475,16596.2,Loyal,0.83,13774.85
C017962,26414.58,Returning,0.52,13735.58
C066814,13980.75,New,0.98,13701.14
C062564,14419.28,Returning,0.95,13698.32
C062087,14121.94,Loyal,0.97,13698.28
C043048,15212.48,VIP,0.9,13691.23
C014341,14359.72,New,0.95,13641.73
C057688,17939.98,Loyal,0.76,13634.38
C042353,14287.85,New,0.95,13573.46
C034117,14087.2,New,0.96,13523.71
C012331,19589.65,Loyal,0.69,13516.86
C084606,14807.74,Loyal,0.91,13475.04
C063466,16977.98,Loyal,0.79,13412.6
C074274,13663.09,VIP,0.98,13389.83
C083819,15028.4,Returning,0.89,13375.28
C033079,14039.06,Loyal,0.95,13337.11
C009557,15503.74,VIP,0.86,13333.22
C031571,13542.21,Returning,0.98,13271.37
C054276,15177.24,Loyal,0.87,13204.2
C004443,22760.71,Loyal,0.58,13201.21
C048877,16044.62,New,0.82,13156.59
C001871,17052.57,Loyal,0.77,13130.48
C000898,13232.21,Returning,0.99,13099.89
C067887,13177.56,Returning,0.99,13045.78
C018108,13171.96,New,0.99,13040.24
C041636,13409.89,New,0.97,13007.59
C089115,17663.74,Loyal,0.73,12894.53
C098818,14466.07,Loyal,0.89,12874.8
C032456,13397.04,VIP,0.96,12861.16
C007124,22854.14,New,0.56,12798.32
C086179,13746.32,Loyal,0.93,12784.08
C052659,13177.58,Loyal,0.97,12782.25
C033334,14173.88,VIP,0.9,12756.49
C065526,15513.52,New,0.82,12721.09
C011617,13520.58,Returning,0.94,12709.35
C015562,17622.27,VIP,0.72,12688.03
C004674,13135.76,VIP,0.96,12610.33
C055213,23778.15,New,0.53,12602.42
C001227,16790.8,New,0.75,12593.1
C070968,12979.31,VIP,0.97,12589.93
C018653,13486.29,VIP,0.93,12542.25
C041657,13025.77,New,0.96,12504.74
C027643,20110.35,New,0.62,12468.42
C001033,12579.2,Loyal,0.99,12453.41
C037810,13387.27,Returning,0.93,12450.16
C022231,12520.75,Loyal,0.99,12395.54
C083842,12906.77,Returning,0.96,12390.5
C046067,12730.07,Returning,0.97,12348.17
C098748,12995.95,Loyal,0.95,12346.15
C014637,13104.61,Returning,0.94,12318.33
C057759,12535.1,New,0.98,12284.4
C047162,14958.38,Loyal,0.82,12265.87
C042171,12835.62,Loyal,0.95,12193.84
C029951,19354.49,Loyal,0.63,12193.33
C093366,12807.81,VIP,0.95,12167.42
C056039,12405.62,Loyal,0.98,12157.51
C010903,14130.08,Returning,0.86,12151.87
C099235,19691.22,New,0.61,12011.64
C066584,13049.14,Returning,0.92,12005.21
C076043,19031.76,New,0.63,11990.01
C099357,12487.82,Loyal,0.96,11988.31
C056420,14407.02,VIP,0.83,11957.83
C008287,12366.19,New,0.96,11871.54
C076125,13190.23,New,0.9,11871.21
C010642,21180.06,Loyal,0.56,11860.83
C048628,12678.22,New,0.93,11790.74
C043003,12361.13,VIP,0.95,11743.07
C097872,15440.62,New,0.76,11734.87
C043651,20896.26,Returning,0.56,11701.91
C039075,13927.25,VIP,0.84,11698.89
C091308,15368.14,Returning,0.76,11679.79
C086856,12285.56,Loyal,0.95,11671.28
C016867,11762.18,VIP,0.99,11644.56
C074394,12914.88,Returning,0.9,11623.39
C028212,17861.17,New,0.65,11609.76
C001854,11967.79,New,0.97,11608.76
C090590,11952.84,Loyal,0.97,11594.25
C066241,12172.74,Loyal,0.95,11564.1
C035067,11779.28,VIP,0.98,11543.69
C029510,18303.53,New,0.63,11531.22
C070849,12382.37,VIP,0.93,11515.6
C046465,13707.12,Loyal,0.84,11513.98
C018467,13075.6,Loyal,0.88,11506.53
C027381,21699.83,New,0.53,11500.91
C058356,20477.49,New,0.56,11467.39
C026636,17112.59,VIP,0.67,11465.44
C094313,12062.93,Loyal,0.95,11459.78
C001415,12056.57,Loyal,0.95,11453.74
C010449,11440.98,New,1.0,11440.98
C017053,17505.81,New,0.65,11378.78
C044203,12312.37,New,0.92,11327.38
C000950,11542.11,Returning,0.98,11311.27
C050864,11653.8,VIP,0.97,11304.19
C057439,13132.49,Returning,0.86,11293.94
C071512,11508.04,Loyal,0.98,11277.88
C055208,11621.18,Loyal,0.97,11272.54
C083840,11736.77,New,0.96,11267.3
C048747,11964.95,VIP,0.94,11247.05
C014545,11468.16,New,0.98,11238.8
C038837,11950.75,Loyal,0.94,11233.7
C061436,14213.94,VIP,0.79,11229.01
C025687,11571.93,New,0.97,11224.77
C061756,12465.08,Loyal,0.9,11218.57
C057673,26058.01,Returning,0.43,11204.94
C055139,11549.28,New,0.97,11202.8
C055418,12585.91,Returning,0.89,11201.46
C069656,11423.19,New,0.98,11194.73
C061512,11772.68,Returning,0.95,11184.05
C095771,11288.91,New,0.99,11176.02
C009871,11618.05,Loyal,0.96,11153.33
C088992,11724.08,VIP,0.95,11137.88
C072788,15830.78,Loyal,0.7,11081.55
C093388,12872.82,VIP,0.86,11070.63
C059986,11642.69,Returning,0.95,11060.56
C081834,12708.56,New,0.87,11056.45
C054685,11874.04,Loyal,0.93,11042.86
C010332,12133.61,Returning,0.91,11041.59
C088234,12113.68,New,0.91,11023.45
C084541,12241.24,Loyal,0.9,11017.12
C073511,15921.91,Returning,0.69,10986.12
C043707,11055.73,New,0.99,10945.17
C037562,13152.85,Returning,0.83,10916.87
C093425,16053.24,Returning,0.68,10916.2
C078878,11462.22,New,0.95,10889.11
C026768,10876.88,Returning,1.0,10876.88
C002953,20137.61,New,0.54,10874.31
C030910,10979.82,Loyal,0.99,10870.02
C045402,11406.76,New,0.95,10836.42
C097416,11824.53,New,0.91,10760.32
C038721,11694.81,VIP,0.92,10759.23
C034383,11086.84,Loyal,0.97,10754.23
C020901,11189.32,VIP,0.96,10741.75
C029515,11390.95,VIP,0.94,10707.49
C073280,12152.85,New,0.88,10694.51
C086447,10851.21,Returning,0.98,10634.19
C075518,11794.99,Loyal,0.9,10615.49
C017647,12924.54,Returning,0.82,10598.12
C062154,13585.56,Loyal,0.78,10596.74
C086698,16046.07,VIP,0.66,10590.41
C017147,11028.83,New,0.96,10587.68
C017137,14500.62,VIP,0.73,10585.45
C003943,10791.29,Returning,0.98,10575.46
C035991,11851.46,Loyal,0.89,10547.8
C001092,13697.41,Loyal,0.77,10547.01
C066332,11100.01,VIP,0.95,10545.01
C089382,12120.67,Returning,0.87,10544.98
C013394,11841.62,New,0.89,10539.04
C069785,11211.01,New,0.94,10538.35
C095868,10752.85,New,0.98,10537.79
C083963,11438.43,VIP,0.92,10523.36
C096556,12227.82,Loyal,0.86,10515.93
C094041,13606.81,New,0.77,10477.24
C086139,10534.01,Returning,0.99,10428.67
C070634,11276.91,Loyal,0.92,10374.76
C040595,10473.67,Returning,0.99,10368.93
C004965,10470.52,New,0.99,10365.81
C081745,10887.16,New,0.95,10342.8
C090791,10545.31,Returning,0.98,10334.4
C084995,11098.21,Loyal,0.93,10321.34
C037235,12263.01,VIP,0.84,10300.93
C084396,10402.15,Loyal,0.99,10298.13
C017743,11192.3,VIP,0.92,10296.92
C024324,14492.09,New,0.71,10289.38
C025130,10557.82,VIP,0.97,10241.09
C097203,12608.26,VIP,0.81,10212.69
C013126,10849.91,New,0.94,10198.92
C003173,10297.26,VIP,0.99,10194.29
C096679,11453.14,Loyal,0.89,10193.29
C058889,11076.79,VIP,0.92,10190.65
C021178,11439.57,Returning,0.89,10181.22
C025632,10944.35,Loyal,0.93,10178.25
C003032,10275.34,Loyal,0.99,10172.59
C016988,11017.07,Loyal,0.92,10135.7
C045447,10528.69,New,0.96,10107.54
C013397,10313.13,VIP,0.98,10106.87
C043491,10414.34,VIP,0.97,10101.91
C064408,10975.0,Returning,0.92,10097.0
C023312,11336.51,Loyal,0.89,10089.49
C038754,10590.84,Returning,0.95,10061.3
C034041,11141.37,VIP,0.9,10027.23
C034971,10227.47,Loyal,0.98,10022.92
C029557,11508.5,VIP,0.87,10012.4
C098183,17251.96,Loyal,0.58,10006.14
C057516,11087.18,VIP,0.9,9978.46
C088348,10286.48,Returning,0.97,9977.89
C019665,10724.36,Loyal,0.93,9973.65
C069753,13289.17,New,0.75,9966.88
C032833,18735.85,New,0.53,9930.0
C093882,10909.05,Returning,0.91,9927.24
C039214,10217.07,Loyal,0.97,9910.56
C020550,9883.56,New,1.0,9883.56
C099076,10606.34,Returning,0.93,9863.9
C098589,9862.21,New,1.0,9862.21
C077753,10833.85,New,0.91,9858.8
C011807,20514.72,Loyal,0.48,9847.07
C062259,11576.6,New,0.85,9840.11
C031060,10809.84,Returning,0.91,9836.95
C070864,11550.99,VIP,0.85,9818.34
C069878,12264.54,Returning,0.8,9811.63
C017700,11533.68,Returning,0.85,9803.63
C029516,10203.5,VIP,0.96,9795.36
C072042,10081.7,Loyal,0.97,9779.25
C006510,12377.48,VIP,0.79,9778.21
C076081,10626.57,VIP,0.92,9776.44
C057250,15275.12,VIP,0.64,9776.08
C077400,9965.4,Returning,0.98,9766.09
C095133,10029.85,Returning,0.97,9728.95
C049244,10454.35,Returning,0.93,9722.55
C007101,10923.84,Loyal,0.89,9722.22
C013024,10674.19,Returning,0.91,9713.51
C016880,10100.98,Loyal,0.96,9696.94
C027100,16988.4,Loyal,0.57,9683.39
C069946,10255.53,Loyal,0.94,9640.2
C092520,24683.53,New,0.39,9626.58
C007733,11318.97,VIP,0.85,9621.12
C070744,10426.45,New,0.92,9592.33
C056182,10082.06,VIP,0.95,9577.96
C065355,10081.29,New,0.95,9577.23
C017934,12738.03,Returning,0.75,9553.52
C086209,11336.73,Loyal,0.84,9522.85
C020493,10819.58,Returning,0.88,9521.23
C073485,20580.64,Loyal,0.46,9467.09
C079194,9537.1,Loyal,0.99,9441.73
C057422,9631.36,Loyal,0.98,9438.73
C026488,9762.69,Returning,0.96,9372.18
C081699,9657.39,New,0.97,9367.67
C094642,10062.2,Loyal,0.93,9357.85
C096960,9606.48,Loyal,0.97,9318.29
C099817,9601.56,Returning,0.97,9313.51
C007687,9491.03,Returning,0.98,9301.21
C037116,11914.9,VIP,0.78,9293.62
C064138,9454.53,VIP,0.98,9265.44
C069593,9524.99,Loyal,0.97,9239.24
C060420,9711.6,Loyal,0.95,9226.02
C089660,9316.42,Loyal,0.99,9223.26
C061951,9498.4,VIP,0.97,9213.45
C001228,11374.09,New,0.81,9213.01
C081116,10006.06,New,0.92,9205.58
C009142,9561.53,Loyal,0.96,9179.07
C047572,9362.23,New,0.98,9174.99
C029268,9166.06,Loyal,1.0,9166.06
C043659,9438.95,Returning,0.97,9155.78
C022472,12704.22,VIP,0.72,9147.04
C071057,9621.26,Returning,0.95,9140.2
C067404,9709.49,Loyal,0.94,9126.92
C041381,9211.56,VIP,0.99,9119.44
C031283,11375.47,New,0.8,9100.38
C054447,9755.78,Returning,0.93,9072.88
C048579,14297.58,Returning,0.63,9007.48
C079272,9001.7,VIP,1.0,9001.7
C060487,10001.05,VIP,0.9,9000.94
C026465,9960.62,Loyal,0.9,8964.56
C088082,9939.75,Loyal,0.9,8945.78
C066035,8941.52,New,1.0,8941.52
C030954,9312.75,Loyal,0.96,8940.24
C047227,17109.01,New,0.52,8896.69
C037626,10846.97,Loyal,0.82,8894.52
C053956,9859.92,VIP,0.9,8873.93
C078483,21113.11,VIP,0.42,8867.51
C046399,9962.22,Returning,0.89,8866.38
C097487,10670.07,New,0.83,8856.16
C082500,11784.93,New,0.75,8838.7
C056425,9709.79,New,0.91,8835.91
C035426,10152.6,Loyal,0.87,8832.76
C092482,10261.72,Loyal,0.86,8825.08
C004152,8819.78,VIP,1.0,8819.78
C028645,12393.9,Returning,0.71,8799.67
C026459,10114.16,VIP,0.87,8799.32
C032585,8977.62,Loyal,0.98,8798.07
C012173,9775.6,VIP,0.9,8798.04
C083860,20935.71,New,0.42,8793.0
C069902,9629.41,Returning,0.91,8762.76
C022354,20366.31,New,0.43,8757.51
C046727,11519.9,Returning,0.76,8755.12
C037470,11979.17,VIP,0.73,8744.79
C036062,9085.28,Loyal,0.96,8721.87
C090262,9073.88,VIP,0.96,8710.92
C014828,9152.37,New,0.95,8694.75
C053191,11748.53,Loyal,0.74,8693.91
C047630,9983.21,New,0.87,8685.39
C063920,8828.29,VIP,0.98,8651.72
C014965,9291.75,VIP,0.93,8641.33
C099074,8727.4,VIP,0.99,8640.13
C079663,8805.23,New,0.98,8629.13
C041753,10913.98,VIP,0.79,8622.04
C082562,8706.2,Loyal,0.99,8619.14
C033834,8967.44,VIP,0.96,8608.74
C066710,8584.87,Loyal,1.0,8584.87
C068842,11747.54,New,0.73,8575.7
C015275,8707.51,New,0.98,8533.36
C061670,9048.16,Loyal,0.94,8505.27
C070997,8847.67,Returning,0.96,8493.76
C099683,10585.52,Returning,0.8,8468.42
C015371,23493.2,New,0.36,8457.55
C065361,8618.36,Returning,0.98,8445.99
C049530,10167.41,New,0.83,8438.95
C004014,8692.79,VIP,0.97,8432.01
C089193,10277.38,New,0.82,8427.45
C000591,8862.16,Loyal,0.95,8419.05
C040701,18289.96,Returning,0.46,8413.38
C050615,9660.6,VIP,0.87,8404.72
C091233,11498.01,VIP,0.73,8393.55
C022515,9024.53,Returning,0.93,8392.81
C071846,8556.97,Returning,0.98,8385.83
C004403,13094.76,VIP,0.64,8380.65
C056710,13727.65,New,0.61,8373.87
C031121,8715.12,Returning,0.96,8366.52
C076606,13065.24,VIP,0.64,8361.75
C012634,9394.28,Returning,0.89,8360.91
C003352,18155.14,New,0.46,8351.36
C026065,8848.89,VIP,0.94,8317.96
C043181,8315.77,New,1.0,8315.77
C076700,9424.0,VIP,0.88,8293.12
C046153,9013.87,VIP,0.92,8292.76
C068544,8461.06,Returning,0.98,8291.84
C087632,9310.32,VIP,0.89,8286.18
C079937,8628.99,Returning,0.96,8283.83
C054967,8422.62,VIP,0.98,8254.17
C007113,8597.63,VIP,0.96,8253.72
C099708,10438.59,New,0.79,8246.49
C095540,9917.99,New,0.83,8231.93
C028257,12276.82,Loyal,0.67,8225.47
C071023,9909.47,VIP,0.83,8224.86
C063825,8649.16,Loyal,0.95,8216.7
C088347,8711.74,Returning,0.94,8189.04
C035531,9094.35,New,0.9,8184.92
C083728,8434.45,Loyal,0.97,8181.42
C001142,8257.72,VIP,0.99,8175.14
C067442,8695.74,Loyal,0.94,8174.0
C077855,10608.29,VIP,0.77,8168.38
C074644,23330.26,New,0.35,8165.59
C002959,8321.53,New,0.98,8155.1
C034402,8294.56,Loyal,0.98,8128.67
C050131,13092.25,New,0.62,8117.2
C013897,13042.02,Loyal,0.62,8086.05
C091212,10639.33,Loyal,0.76,8085.89
C045895,9176.38,New,0.88,8075.21
C073096,8309.07,New,0.97,8059.8
C047105,12193.58,New,0.66,8047.76
C080261,8295.49,Returning,0.97,8046.63
C059345,8279.48,New,0.97,8031.1
C025663,8354.71,Returning,0.96,8020.52
C081486,8262.3,VIP,0.97,8014.43
C005749,8261.58,Loyal,0.97,8013.73
C046195,8001.3,VIP,1.0,8001.3
C059964,26668.32,VIP,0.3,8000.5
C004146,8241.87,VIP,0.97,7994.61
C050276,8218.84,New,0.97,7972.27
C026793,8646.78,Loyal,0.92,7955.04
C061570,8932.94,Returning,0.89,7950.32
C042698,8632.23,New,0.92,7941.65
C092040,8262.48,Loyal,0.96,7931.98
C052273,9219.25,Returning,0.86,7928.56
C081641,9326.96,Loyal,0.85,7927.92
C081492,8800.14,Returning,0.9,7920.13
C092454,14376.92,New,0.55,7907.31
C083075,10965.3,Returning,0.72,7895.02
C067226,7950.88,Returning,0.99,7871.37
C070685,8106.83,Returning,0.97,7863.63
C031267,8275.81,Returning,0.95,7862.02
C025322,8089.92,Loyal,0.97,7847.22
C099626,7983.41,Loyal,0.98,7823.74
C072528,10865.66,Loyal,0.72,7823.28
C013813,22997.25,Returning,0.34,7819.06
C007069,8312.05,Returning,0.94,7813.33
C089709,8308.2,VIP,0.94,7809.71
C027438,8395.14,Returning,0.93,7807.48
C027265,8048.37,New,0.97,7806.92
C013565,8124.9,Loyal,0.96,7799.9
C064349,9391.58,VIP,0.83,7795.01
C083881,8280.8,VIP,0.94,7783.95
C068431,7862.44,VIP,0.99,7783.82
C010721,7773.95,Returning,1.0,7773.95
C038437,20978.1,Loyal,0.37,7761.9
C030068,8233.95,Returning,0.94,7739.91
C041609,8406.02,VIP,0.92,7733.54
C070577,8212.65,VIP,0.94,7719.89
C039796,7863.24,New,0.98,7705.98
C004277,7782.2,Returning,0.99,7704.38
C082426,7770.13,Loyal,0.99,7692.43
C087854,8929.09,New,0.86,7679.02
C083529,7907.73,Returning,0.97,7670.5
C078989,7827.02,Returning,0.98,7670.48
C017077,7970.8,Returning,0.96,7651.97
C020371,8307.28,VIP,0.92,7642.7
C068845,8124.12,VIP,0.94,7636.67
C025842,9779.5,Returning,0.78,7628.01
C025753,8766.03,New,0.87,7626.45
C041488,8104.59,Loyal,0.94,7618.31
C035024,8098.0,Returning,0.94,7612.12
C010830,7832.13,Returning,0.97,7597.17
C077209,14888.66,Loyal,0.51,7593.22
C079421,7825.27,VIP,0.97,7590.51
C008755,10112.87,VIP,0.75,7584.65
C043617,13056.25,New,0.58,7572.62
C077296,7645.04,VIP,0.99,7568.59
C028006,8889.68,Returning,0.85,7556.23
C027638,7630.38,New,0.99,7554.08
C008021,15413.58,Returning,0.49,7552.65
C020102,13245.45,New,0.57,7549.91
C016991,7703.08,Returning,0.98,7549.02
C069046,7622.81,Loyal,0.99,7546.58
C078198,8189.74,VIP,0.92,7534.56
C079122,7929.59,VIP,0.95,7533.11
C072156,8368.08,New,0.9,7531.27
C011201,7761.75,Returning,0.97,7528.9
C069665,8177.6,New,0.92,7523.39
C093258,8358.97,VIP,0.9,7523.07
C022614,7830.34,Returning,0.96,7517.13
C087502,7829.82,Returning,0.96,7516.63
C046448,7737.32,Loyal,0.97,7505.2
C032205,9132.05,VIP,0.82,7488.28
C094497,7635.36,Returning,0.98,7482.65
C057605,7783.04,Returning,0.96,7471.72
C097282,13826.12,New,0.54,7466.1
C086450,11128.98,VIP,0.67,7456.42
C016459,7607.56,Returning,0.98,7455.41
C094708,7590.73,Loyal,0.98,7438.92
C072671,7577.83,Loyal,0.98,7426.27
C095964,7732.52,New,0.96,7423.22
C073474,7813.78,New,0.95,7423.09
C055733,7652.53,VIP,0.97,7422.95
C077007,7976.78,Returning,0.93,7418.41
C040551,9875.51,VIP,0.75,7406.63
C072002,7879.08,Loyal,0.94,7406.34
C093561,8318.14,Loyal,0.89,7403.14
C084866,8698.97,Loyal,0.85,7394.12
C075030,9123.63,Returning,0.81,7390.14
C085256,7942.47,VIP,0.93,7386.5
C081635,7683.19,New,0.96,7375.86
C003800,7601.11,Returning,0.97,7373.08
C029675,7447.37,Returning,0.99,7372.9
C015132,8100.46,New,0.91,7371.42
C034668,7758.48,Loyal,0.95,7370.56
C017774,7511.85,Loyal,0.98,7361.61
C045527,9806.21,Loyal,0.75,7354.66
C046182,7498.63,VIP,0.98,7348.66
C076530,7891.7,New,0.93,7339.28
C003834,7797.12,Returning,0.94,7329.29
C039707,7958.77,New,0.92,7322.07
C065696,7952.67,New,0.92,7316.46
C089962,7620.82,New,0.96,7315.99
C049882,7542.21,Returning,0.97,7315.94
C023187,7384.8,New,0.99,7310.95
C076842,7455.49,VIP,0.98,7306.38
C052858,7374.99,New,0.99,7301.24
C029984,8192.03,New,0.89,7290.91
C075589,7434.27,Loyal,0.98,7285.58
C063755,7570.58,New,0.96,7267.76
C085996,11180.06,Returning,0.65,7267.04
C059280,7627.21,VIP,0.95,7245.85
C066476,7242.32,Returning,1.0,7242.32
C089169,8219.77,VIP,0.88,7233.4
C087706,7597.06,VIP,0.95,7217.21
C006782,7356.46,New,0.98,7209.33
C001236,7429.76,New,0.97,7206.87
C009352,7913.49,Loyal,0.91,7201.28
C064672,7265.88,Loyal,0.99,7193.22
C000922,8256.66,New,0.87,7183.29
C055538,7893.26,VIP,0.91,7182.87
C022333,7543.9,New,0.95,7166.7
C012267,7237.11,Returning,0.99,7164.74
C093338,7372.08,VIP,0.97,7150.92
C026457,7766.53,VIP,0.92,7145.21
C070755,7364.42,Returning,0.97,7143.49
C066342,7211.94,New,0.99,7139.82
C074846,7511.21,VIP,0.95,7135.65
C041857,7277.68,VIP,0.98,7132.13
C052882,7350.54,New,0.97,7130.02
C095907,7193.61,Returning,0.99,7121.67
C032879,8090.45,Returning,0.88,7119.6
C034768,7402.34,Returning,0.96,7106.25
C095794,7315.63,New,0.97,7096.16
C056030,8249.03,New,0.86,7094.17
C052984,8344.43,Loyal,0.85,7092.77
C088806,7465.19,VIP,0.95,7091.93
C090974,7234.69,Returning,0.98,7090.0
C038444,8536.26,Returning,0.83,7085.1
C047944,7700.62,Returning,0.92,7084.57
C084254,7227.53,New,0.98,7082.98
C090722,7225.62,VIP,0.98,7081.11
C073779,8629.97,Returning,0.82,7076.58
C052123,7142.01,New,0.99,7070.59
C092480,10383.44,Loyal,0.68,7060.74
C074122,7204.63,Loyal,0.98,7060.54
C089880,12832.43,VIP,0.55,7057.84
C095083,7115.66,Returning,0.99,7044.5
C039670,7741.02,Returning,0.91,7044.33
C057885,7330.81,New,0.96,7037.58
C069629,7324.12,Returning,0.96,7031.16
C012086,7095.54,New,0.99,7024.58
C029695,7240.44,New,0.97,7023.23
C091682,7971.54,Returning,0.88,7014.96
C047638,7870.24,VIP,0.89,7004.51
C078298,7142.26,Returning,0.98,6999.41
C053301,10599.25,New,0.66,6995.5
C010304,7209.93,New,0.97,6993.63
C078530,11267.58,VIP,0.62,6985.9
C023515,7052.98,VIP,0.99,6982.45
C029901,7670.95,New,0.91,6980.56
C048524,7255.8,Loyal,0.96,6965.57
C047697,7098.22,Returning,0.98,6956.26
C058318,7092.64,Loyal,0.98,6950.79
C058671,6948.63,Returning,1.0,6948.63
C089166,10354.43,Loyal,0.67,6937.47
C038296,7151.88,Returning,0.97,6937.32
C036874,7222.47,VIP,0.96,6933.57
C006839,7207.99,New,0.96,6919.67
C094199,6989.41,Loyal,0.99,6919.52
C029808,6984.68,VIP,0.99,6914.83
C062697,6983.52,New,0.99,6913.68
C048254,7121.44,VIP,0.97,6907.8
C048300,8318.21,Returning,0.83,6904.11
C018030,6973.68,Loyal,0.99,6903.94
C075073,7116.27,Returning,0.97,6902.78
C077975,7186.44,Loyal,0.96,6898.98
C055568,7736.09,VIP,0.89,6885.12
C032893,7095.76,VIP,0.97,6882.89
C060700,7237.32,Loyal,0.95,6875.45
C073907,7002.73,VIP,0.98,6862.68
C012482,7143.09,VIP,0.96,6857.37
C075367,8784.42,Returning,0.78,6851.85
C068366,12681.37,New,0.54,6847.94
C095126,6983.03,VIP,0.98,6843.37
C024538,6908.01,New,0.99,6838.93
C028293,7048.77,New,0.97,6837.31
C060870,7430.19,VIP,0.92,6835.77
C087116,6974.99,Returning,0.98,6835.49
C021625,17504.2,VIP,0.39,6826.64
C021642,7641.42,New,0.89,6800.86
C008006,7295.47,Returning,0.93,6784.79
C018925,6853.18,New,0.99,6784.65
C013345,8920.74,New,0.76,6779.76
C034201,15733.76,Loyal,0.43,6765.52
C014669,6902.94,Loyal,0.98,6764.88
C019528,7043.29,Returning,0.96,6761.56
C023599,6897.38,VIP,0.98,6759.43
C029142,6826.5,New,0.99,6758.24
C000407,7037.15,Loyal,0.96,6755.66
C073352,6890.01,New,0.98,6752.21
C041289,7106.14,Loyal,0.95,6750.83
C044672,7579.69,Loyal,0.89,6745.92
C076028,7410.44,VIP,0.91,6743.5
C080297,6941.42,Loyal,0.97,6733.18
C094803,6989.81,New,0.96,6710.22
C033309,7799.73,Loyal,0.86,6707.77
C078857,9860.07,Returning,0.68,6704.85
C018645,6971.28,Returning,0.96,6692.43
C092981,23053.01,Loyal,0.29,6685.37
C024060,7764.46,Returning,0.86,6677.44
C013632,7577.2,Loyal,0.88,6667.94
C046553,6801.73,Returning,0.98,6665.7
C065710,6730.75,Loyal,0.99,6663.44
C035218,7013.86,Loyal,0.95,6663.17
C016394,9247.7,Returning,0.72,6658.34
C015311,7475.54,VIP,0.89,6653.23
C080487,6707.46,VIP,0.99,6640.39
C069631,6765.18,Loyal,0.98,6629.88
C047677,6978.79,New,0.95,6629.85
C089945,7965.88,VIP,0.83,6611.68
C001293,7682.54,Returning,0.86,6606.98
C040471,6738.74,Returning,0.98,6603.97
C035556,6732.94,Loyal,0.98,6598.28
C038753,7019.42,Returning,0.94,6598.25
C006317,19403.93,Loyal,0.34,6597.34
C031120,6867.31,Loyal,0.96,6592.62
C012166,7164.71,Loyal,0.92,6591.53
C041334,6865.3,Loyal,0.96,6590.69
C026212,6647.06,Loyal,0.99,6580.59
C001750,7303.46,Returning,0.9,6573.11
C038235,6918.72,New,0.95,6572.78
C003557,6637.89,Returning,0.99,6571.51
C012581,6979.79,Loyal,0.94,6561.0
C034232,6763.53,VIP,0.97,6560.62
C077108,6904.65,New,0.95,6559.42
C005062,7623.58,New,0.86,6556.28
C034089,6900.05,Returning,0.95,6555.05
C009297,6898.11,Returning,0.95,6553.2
C068959,7199.67,New,0.91,6551.7
C062012,7360.1,Returning,0.89,6550.49
C075463,6616.65,VIP,0.99,6550.48
C071580,9633.01,VIP,0.68,6550.45
C000956,6683.94,New,0.98,6550.26
C023866,6740.93,New,0.97,6538.7
C080613,6596.35,New,0.99,6530.39
C012223,8587.79,Returning,0.76,6526.72
C046781,6723.85,New,0.97,6522.13
C062429,6585.44,Returning,0.99,6519.59
C018733,6935.71,Loyal,0.94,6519.57
C088368,11852.79,Returning,0.55,6519.03
C054888,6640.14,Loyal,0.98,6507.34
C042454,6847.04,VIP,0.95,6504.69
C027364,7222.71,Returning,0.9,6500.44
C058211,6982.93,Loyal,0.93,6494.12
C073792,7210.45,Loyal,0.9,6489.4
C001335,7374.14,VIP,0.88,6489.24
C072366,6688.42,Loyal,0.97,6487.77
C037502,6548.81,New,0.99,6483.32
C055625,6747.49,VIP,0.96,6477.59
C073918,8990.91,VIP,0.72,6473.46
C051973,15037.67,Returning,0.43,6466.2
C072660,6794.17,VIP,0.95,6454.46
C036431,8375.66,Returning,0.77,6449.26
C049343,6580.07,Loyal,0.98,6448.47
C072306,6716.81,New,0.96,6448.14
C026405,6787.04,Loyal,0.95,6447.69
C027671,6786.8,VIP,0.95,6447.46
C081693,6710.37,Loyal,0.96,6441.96
C059155,7835.79,VIP,0.82,6425.35
C022126,7738.33,VIP,0.83,6422.81
C021363,6420.22,Loyal,1.0,6420.22
C018996,7127.62,Loyal,0.9,6414.86
C073878,6526.88,VIP,0.98,6396.34
C028304,7430.83,Returning,0.86,6390.51
C063728,6514.72,New,0.98,6384.43
C014431,6857.86,VIP,0.93,6377.81
C014557,7680.56,VIP,0.83,6374.86
C082652,8054.12,VIP,0.79,6362.75
C098258,6914.93,New,0.92,6361.74
C022683,6626.21,Loyal,0.96,6361.16
C072121,6836.1,Returning,0.93,6357.57
C007317,9348.66,VIP,0.68,6357.09
C019290,6547.97,Loyal,0.97,6351.53
C035796,8131.97,New,0.78,6342.94
C073784,7204.31,VIP,0.88,6339.79
C033964,7121.47,VIP,0.89,6338.11
C069791,6670.18,Returning,0.95,6336.67
C025027,7036.49,Returning,0.9,6332.84
C033606,14062.8,New,0.45,6328.26
C046051,6324.78,Returning,1.0,6324.78
C071375,6512.29,Returning,0.97,6316.92
C074722,6371.54,Loyal,0.99,6307.82
C032274,6306.45,Loyal,1.0,6306.45
C039255,6776.37,Loyal,0.93,6302.02
C008689,6921.43,VIP,0.91,6298.5
C000399,7223.41,Returning,0.87,6284.37
C069128,7141.14,Returning,0.88,6284.2
C076723,6465.39,VIP,0.97,6271.43
C067042,6394.71,Loyal,0.98,6266.82
C098933,6882.46,Loyal,0.91,6263.04
C047695,7103.0,New,0.88,6250.64
C013374,6866.7,Returning,0.91,6248.7
C061771,6244.06,VIP,1.0,6244.06
C061404,6694.53,VIP,0.93,6225.91
C081580,6416.82,Loyal,0.97,6224.32
C099089,7069.17,Loyal,0.88,6220.87
C068199,6986.16,VIP,0.89,6217.68
C017064,6279.39,VIP,0.99,6216.6
C098139,7057.08,New,0.88,6210.23
C097326,6748.43,Returning,0.92,6208.56
C085410,6262.73,Returning,0.99,6200.1
C065280,11469.38,VIP,0.54,6193.47
C076355,6255.24,Loyal,0.99,6192.69
C067906,6875.44,VIP,0.9,6187.9
C066365,6372.57,New,0.97,6181.39
C065871,6238.24,Returning,0.99,6175.86
C033649,7260.91,Returning,0.85,6171.77
C029648,19278.91,VIP,0.32,6169.25
C070060,12842.62,Returning,0.48,6164.46
C021863,6353.34,Returning,0.97,6162.74
C013954,6406.52,Returning,0.96,6150.26
C043093,6269.32,Returning,0.98,6143.93
C076452,7221.97,Returning,0.85,6138.67
C010766,6261.36,New,0.98,6136.13
C064721,11145.39,Returning,0.55,6129.96
C083943,6191.24,New,0.99,6129.33
C057579,6661.86,VIP,0.92,6128.91
C037787,6516.23,New,0.94,6125.26
C087079,9875.73,New,0.62,6122.95
C067600,6650.77,Returning,0.92,6118.71
C006892,6242.79,New,0.98,6117.93
C032675,6240.04,VIP,0.98,6115.24
C044005,6791.39,Returning,0.9,6112.25
C006232,6429.49,Returning,0.95,6108.02
C044750,6710.21,Returning,0.91,6106.29
C099391,6423.93,New,0.95,6102.73
C097909,6226.89,New,0.98,6102.35
C034638,6488.87,Loyal,0.94,6099.54
C060457,6418.91,Returning,0.95,6097.96
C022007,6997.77,Loyal,0.87,6088.06
C080580,6406.32,Loyal,0.95,6086.0
C078303,6084.57,Loyal,1.0,6084.57
C078147,6336.6,VIP,0.96,6083.14
C079394,7504.43,VIP,0.81,6078.59
C044033,25321.37,Returning,0.24,6077.13
C043670,6263.81,Returning,0.97,6075.9
C009277,10469.87,Loyal,0.58,6072.52
C091723,7140.8,Returning,0.85,6069.68
C049759,6314.88,New,0.96,6062.28
C019865,6061.47,Loyal,1.0,6061.47
C084289,10251.9,Loyal,0.59,6048.62
C007330,6107.37,Returning,0.99,6046.3
C092910,13730.92,VIP,0.44,6041.6
C059411,6292.61,New,0.96,6040.91
C055057,6095.96,VIP,0.99,6035.0
C063946,6158.02,New,0.98,6034.86
C040337,12833.85,Returning,0.47,6031.91
C009695,20788.65,New,0.29,6028.71
C014002,6476.9,Returning,0.93,6023.52
C015889,6020.54,New,1.0,6020.54
C031686,7081.22,New,0.85,6019.04
C085626,11327.05,VIP,0.53,6003.34
C008720,7683.16,Loyal,0.78,5992.86
C024019,6373.27,Returning,0.94,5990.87
C096330,15763.06,VIP,0.38,5989.96
C064276,6367.62,Loyal,0.94,5985.56
C026822,6097.11,Loyal,0.98,5975.17
C083353,7197.75,Loyal,0.83,5974.13
C006085,6288.26,Returning,0.95,5973.85
C018805,6029.49,Loyal,0.99,5969.2
C069731,6148.93,Loyal,0.97,5964.46
C098584,6083.46,Returning,0.98,5961.79
C088403,6077.79,VIP,0.98,5956.23
C019816,6016.38,New,0.99,5956.22
C019556,6321.04,New,0.94,5941.78
C083121,7057.33,New,0.84,5928.16
C046049,6047.67,Returning,0.98,5926.72
C040268,6507.08,VIP,0.91,5921.44
C019210,6366.11,New,0.93,5920.48
C021202,6227.86,New,0.95,5916.47
C048547,6027.56,Returning,0.98,5907.01
C003260,5962.84,Returning,0.99,5903.21
C079198,6147.86,Returning,0.96,5901.95
C041277,7278.89,VIP,0.81,5895.9
C054540,6478.66,Loyal,0.91,5895.58
C000573,7008.33,VIP,0.84,5887.0
C006949,6191.88,VIP,0.95,5882.29
C013675,6535.38,VIP,0.9,5881.84
C019435,5940.87,Returning,0.99,5881.46
C088150,6532.87,New,0.9,5879.58
C088543,5999.09,VIP,0.98,5879.11
C075468,6173.66,Loyal,0.95,5864.98
C086626,8144.99,Returning,0.72,5864.39
C043445,6106.0,VIP,0.96,5861.76
C015863,11955.93,VIP,0.49,5858.41
C082852,6222.19,New,0.94,5848.86
C010697,5907.0,VIP,0.99,5847.93
C009723,6026.78,New,0.97,5845.98
C013439,6022.98,Returning,0.97,5842.29
C026423,6022.5,VIP,0.97,5841.82
C003077,6021.01,Loyal,0.97,5840.38
C076366,6869.41,New,0.85,5839.0
C002821,8713.35,VIP,0.67,5837.94
C035068,6007.03,New,0.97,5826.82
C036198,6006.09,Loyal,0.97,5825.91
C049772,6469.62,Returning,0.9,5822.66
C021362,6540.35,VIP,0.89,5820.91
C056321,8436.07,New,0.69,5820.89
C008791,15310.2,New,0.38,5817.88
C070983,6454.67,New,0.9,5809.2
C018140,6674.25,Returning,0.87,5806.6
C090037,6597.86,Returning,0.88,5806.12
C024053,6165.25,Loyal,0.94,5795.34
C007992,6974.52,VIP,0.83,5788.85
C074187,5896.62,New,0.98,5778.69
C097711,6075.01,Returning,0.95,5771.26
C094206,5949.03,Returning,0.97,5770.56
C038480,8239.71,Loyal,0.7,5767.8
C018334,6001.36,Returning,0.96,5761.31
C082514,5817.46,Returning,0.99,5759.29
C019595,5752.94,VIP,1.0,5752.94
C067249,5989.82,Returning,0.96,5750.23
C050403,7369.72,Loyal,0.78,5748.38
C010514,5860.74,New,0.98,5743.53
C010162,5741.28,Loyal,1.0,5741.28
C082609,7553.68,New,0.76,5740.8
C055370,6103.09,VIP,0.94,5736.9
C018061,5908.12,New,0.97,5730.88
C023191,11692.98,New,0.49,5729.56
C043406,14309.59,Loyal,0.4,5723.84
C047733,6075.96,Returning,0.94,5711.4
C018912,5884.18,Loyal,0.97,5707.65
C050039,5819.87,Returning,0.98,5703.47
C098793,7204.42,New,0.79,5691.49
C009518,5805.28,Loyal,0.98,5689.17
C078941,6391.95,VIP,0.89,5688.84
C023343,5986.5,Loyal,0.95,5687.18
C023662,5801.75,New,0.98,5685.72
C029160,6311.15,VIP,0.9,5680.04
C024836,6038.3,VIP,0.94,5676.0
C046793,8865.89,Loyal,0.64,5674.17
C052721,5848.89,VIP,0.97,5673.42
C019490,5724.69,Returning,0.99,5667.44
C004200,5775.14,Returning,0.98,5659.64
C017954,5834.1,VIP,0.97,5659.08
C004098,10880.91,Loyal,0.52,5658.07
C010908,16164.64,Loyal,0.35,5657.62
C028740,5769.38,New,0.98,5653.99
C051625,6142.72,Returning,0.92,5651.3
C069162,5706.97,Returning,0.99,5649.9
C058778,6565.92,VIP,0.86,5646.69
C087467,15247.53,Returning,0.37,5641.59
C097432,6794.47,New,0.83,5639.41
C006432,6324.19,New,0.89,5628.53
C091505,7708.93,Loyal,0.73,5627.52
C007521,6542.12,New,0.86,5626.22
C005929,6046.74,Loyal,0.93,5623.47
C097796,7495.39,New,0.75,5621.54
C063781,6384.37,Loyal,0.88,5618.25
C038411,5727.13,VIP,0.98,5612.59
C084038,5970.53,Loyal,0.94,5612.3
C048152,5823.17,Loyal,0.96,5590.24
C054594,6141.76,Returning,0.91,5589.0
C095553,5815.8,Loyal,0.96,5583.17
C008614,6131.21,Returning,0.91,5579.4
C024629,5933.9,Loyal,0.94,5577.87
C044992,5929.71,New,0.94,5573.93
C085075,5864.63,New,0.95,5571.4
C021867,6788.39,Loyal,0.82,5566.48
C098042,11834.33,New,0.47,5562.14
C042028,5716.67,Loyal,0.97,5545.17
C038744,6514.29,Returning,0.85,5537.15
C069709,6287.88,New,0.88,5533.33
C049809,6077.06,Returning,0.91,5530.12
C008070,7780.77,New,0.71,5524.35
C095340,5636.59,New,0.98,5523.86
C057401,15776.55,VIP,0.35,5521.79
C007065,5570.18,VIP,0.99,5514.48
C072972,5802.85,VIP,0.95,5512.71
C027919,5738.86,Loyal,0.96,5509.31
C036553,6881.41,New,0.8,5505.13
C083889,6712.72,New,0.82,5504.43
C014903,6322.91,New,0.87,5500.93
C068317,6178.72,New,0.89,5499.06
C003617,6317.44,New,0.87,5496.17
C020136,5843.43,Loyal,0.94,5492.82
C073701,5905.19,New,0.93,5491.83
C000268,5540.82,Loyal,0.99,5485.41
C091434,5709.21,Returning,0.96,5480.84
C094962,5580.67,VIP,0.98,5469.06
C042371,5817.56,New,0.94,5468.51
C021432,8406.94,Returning,0.65,5464.51
C056276,5567.76,VIP,0.98,5456.4
C031554,5994.36,New,0.91,5454.87
C018439,7171.71,Returning,0.76,5450.5
C014713,8782.56,Returning,0.62,5445.19
C033390,6719.07,Returning,0.81,5442.45
C076996,5592.7,Loyal,0.97,5424.92
C046991,9860.0,New,0.55,5423.0
C052302,5586.73,VIP,0.97,5419.13
C025440,5637.77,VIP,0.96,5412.26
C078336,5516.0,Returning,0.98,5405.68
C063486,19936.59,VIP,0.27,5382.88
C040146,7799.73,VIP,0.69,5381.81
C038150,5489.65,New,0.98,5379.86
C025240,6469.96,VIP,0.83,5370.07
C099441,5710.39,VIP,0.94,5367.77
C052046,5365.72,VIP,1.0,5365.72
C068571,6026.45,New,0.89,5363.54
C053855,5893.7,Loyal,0.91,5363.27
C098085,5824.33,New,0.92,5358.38
C099489,5523.52,New,0.97,5357.81
C088029,14878.61,VIP,0.36,5356.3
C017580,5404.87,Loyal,0.99,5350.82
C023727,6437.37,VIP,0.83,5343.02
C095787,5447.78,New,0.98,5338.82
C083623,7517.51,Returning,0.71,5337.43
C071081,5390.81,Returning,0.99,5336.9
C037671,5862.18,Loyal,0.91,5334.58
C025000,9872.06,Returning,0.54,5330.91
C043696,5670.62,VIP,0.94,5330.38
C030040,5852.0,Returning,0.91,5325.32
C095051,5536.3,Returning,0.96,5314.85
C026169,13625.52,Returning,0.39,5313.95
C029572,6315.01,VIP,0.84,5304.61
C070437,5876.36,Loyal,0.9,5288.72
C017330,5499.26,New,0.96,5279.29
C001551,6767.36,New,0.78,5278.54
C087759,6353.83,Returning,0.83,5273.68
C050115,5729.34,Returning,0.92,5270.99
C052469,6500.5,Loyal,0.81,5265.41
C077046,6342.89,New,0.83,5264.6
C084068,5316.32,Returning,0.99,5263.16
C000374,7016.9,Returning,0.75,5262.67
C008450,20207.63,New,0.26,5253.98
C033641,6252.71,Loyal,0.84,5252.28
C048333,5359.08,Returning,0.98,5251.9
C003307,5405.01,Returning,0.97,5242.86
C096674,5572.33,Returning,0.94,5237.99
C008142,5946.97,Loyal,0.88,5233.33
C063604,8865.51,Loyal,0.59,5230.65
C053242,5390.66,Returning,0.97,5228.94
C000526,5335.53,Returning,0.98,5228.82
C042497,5441.28,New,0.96,5223.63
C018907,5866.46,Loyal,0.89,5221.15
C082554,5324.94,Loyal,0.98,5218.44
C029643,5730.11,Returning,0.91,5214.4
C067630,5726.27,Loyal,0.91,5210.91
C010106,5315.82,VIP,0.98,5209.5
C065350,7124.87,Loyal,0.73,5201.16
C099202,7995.27,New,0.65,5196.93
C033151,5468.44,Returning,0.95,5195.02
C021005,11806.82,Loyal,0.44,5195.0
C059675,6410.41,Returning,0.81,5192.43
C006852,10593.05,Returning,0.49,5190.59
C057865,5461.98,Returning,0.95,5188.88
C088114,5241.21,Loyal,0.99,5188.8
C072527,5457.97,Returning,0.95,5185.07
C045684,5237.08,Returning,0.99,5184.71
C082067,7197.91,Loyal,0.72,5182.5
C059465,5879.67,Returning,0.88,5174.11
C038998,5332.25,Loyal,0.97,5172.28
C035528,5218.87,Loyal,0.99,5166.68
C006758,5271.32,Loyal,0.98,5165.89
C059135,5554.24,New,0.93,5165.44
C050519,6703.19,Loyal,0.77,5161.46
C079495,5266.61,Loyal,0.98,5161.28
C070492,5427.94,VIP,0.95,5156.54
C042967,5208.3,Returning,0.99,5156.22
C026462,12268.3,Returning,0.42,5152.69
C053429,5201.83,New,0.99,5149.81
C092674,5984.82,VIP,0.86,5146.95
C048683,8039.32,New,0.64,5145.16
C054180,5404.67,Loyal,0.95,5134.44
C097643,5179.44,Loyal,0.99,5127.65
C078059,19717.25,Returning,0.26,5126.49
C007777,6013.4,Loyal,0.85,5111.39
C048550,6547.21,VIP,0.78,5106.82
C055991,5210.57,Loyal,0.98,5106.36
C036298,7977.3,New,0.64,5105.47
C087175,5261.04,VIP,0.97,5103.21
C053394,7850.53,Returning,0.65,5102.84
C042907,5201.33,Returning,0.98,5097.3
C083677,6450.33,Loyal,0.79,5095.76
C054973,5535.31,Returning,0.92,5092.49
C094000,5141.96,Returning,0.99,5090.54
C051069,5141.43,Returning,0.99,5090.02
C095202,7926.66,Loyal,0.64,5073.06
C022653,5121.66,VIP,0.99,5070.44
C030671,5449.47,New,0.93,5068.01
C028317,6254.06,Returning,0.81,5065.79
C003956,5446.74,Returning,0.93,5065.47
C003314,5165.33,VIP,0.98,5062.02
C080170,5217.63,Returning,0.97,5061.1
C037912,5493.82,Returning,0.92,5054.31
C093781,5258.99,Returning,0.96,5048.63
C053542,5428.35,Loyal,0.93,5048.37
C073760,5301.33,Loyal,0.95,5036.26
C004789,13972.36,New,0.36,5030.05
C007809,5293.11,Loyal,0.95,5028.45
C029339,7393.0,Loyal,0.68,5027.24
C065936,7854.03,Returning,0.64,5026.58
C060719,5024.74,Loyal,1.0,5024.74
C092452,5127.18,New,0.98,5024.64
C042455,5126.6,Returning,0.98,5024.07
C003230,5285.25,New,0.95,5020.99
C049189,6959.86,Returning,0.72,5011.1
C067480,5561.9,VIP,0.9,5005.71
C009376,5100.3,Loyal,0.98,4998.29
C063041,5045.11,VIP,0.99,4994.66
C027001,6087.65,Loyal,0.82,4991.87
C081163,5087.87,Returning,0.98,4986.11
C063802,5244.4,VIP,0.95,4982.18
C068665,5128.3,VIP,0.97,4974.45
C043663,5020.41,Returning,0.99,4970.21
C055845,5069.0,VIP,0.98,4967.62
C041080,5983.9,Returning,0.83,4966.64
C017093,6708.62,Returning,0.74,4964.38
C047956,5759.18,Returning,0.86,4952.89
C083595,10096.96,VIP,0.49,4947.51
C024935,10080.48,Loyal,0.49,4939.44
C064424,5742.61,VIP,0.86,4938.64
C044168,4936.03,New,1.0,4936.03
C023102,4921.48,Loyal,1.0,4921.48
C011944,5067.95,New,0.97,4915.91
C038644,9098.59,New,0.54,4913.24
C003293,5170.65,Loyal,0.95,4912.12
C031149,5113.65,Returning,0.96,4909.1
C053648,4958.56,New,0.99,4908.97
C091945,15817.71,Returning,0.31,4903.49
C028287,16903.3,New,0.29,4901.96
C085062,5321.01,VIP,0.92,4895.33
C002687,5094.29,Loyal,0.96,4890.52
C014229,5686.08,New,0.86,4890.03
C063618,4985.37,Returning,0.98,4885.66
C032258,6183.88,Returning,0.79,4885.27
C057920,5807.96,New,0.84,4878.69
C056184,5074.03,New,0.96,4871.07
C005511,4967.79,Returning,0.98,4868.43
C041738,4965.98,Returning,0.98,4866.66
C071823,5724.47,Returning,0.85,4865.8
C087485,4948.13,Returning,0.98,4849.17
C060292,6461.37,Returning,0.75,4846.03
C037179,5562.69,New,0.87,4839.54
C094015,4885.81,Returning,0.99,4836.95
C042725,6805.25,VIP,0.71,4831.73
C084848,6104.56,Loyal,0.79,4822.6
C072805,8763.37,Returning,0.55,4819.85
C022642,5176.65,New,0.93,4814.28
C003222,5007.92,Returning,0.96,4807.6
C087623,5270.94,VIP,0.91,4796.56
C015819,4995.55,Returning,0.96,4795.73
C096315,4891.7,Loyal,0.98,4793.87
C050996,4793.26,Loyal,1.0,4793.26
C010263,5039.71,Returning,0.95,4787.72
C087492,4876.4,New,0.98,4778.87
C071524,5194.38,New,0.92,4778.83
C043717,6126.04,Returning,0.78,4778.31
C090080,5429.86,VIP,0.88,4778.28
C072080,4874.38,Returning,0.98,4776.89
C012963,5189.98,Loyal,0.92,4774.78
C090050,6817.88,Loyal,0.7,4772.52
C039718,4764.95,VIP,1.0,4764.95
C095770,5063.42,New,0.94,4759.61
C086345,8064.21,New,0.59,4757.88
C062312,5531.17,New,0.86,4756.81
C061128,4851.53,New,0.98,4754.5
C025965,4952.16,Loyal,0.96,4754.07
C069374,4895.04,Returning,0.97,4748.19
C069645,6323.85,VIP,0.75,4742.89
C036187,8615.86,Returning,0.55,4738.72
C034141,7764.87,VIP,0.61,4736.57
C021354,4929.89,Loyal,0.96,4732.69
C005938,4878.04,Loyal,0.97,4731.7
C060421,21502.64,Returning,0.22,4730.58
C057983,18920.09,Returning,0.25,4730.02
C006484,4777.36,Loyal,0.99,4729.59
C097908,5031.45,VIP,0.94,4729.56
C045466,6054.29,New,0.78,4722.35
C078166,4960.45,Returning,0.95,4712.43
C063163,4959.1,New,0.95,4711.15
C037729,4904.99,New,0.96,4708.79
C010339,5009.01,VIP,0.94,4708.47
C090463,4904.53,Returning,0.96,4708.35
C078781,4901.65,VIP,0.96,4705.58
C022104,6271.9,Returning,0.75,4703.92
C049036,4898.04,Returning,0.96,4702.12
C042333,6026.4,Loyal,0.78,4700.59
C036224,4895.59,New,0.96,4699.77
C002754,6095.69,VIP,0.77,4693.68
C064788,18769.01,VIP,0.25,4692.25
C057926,4784.15,Returning,0.98,4688.47
C074522,7942.4,VIP,0.59,4686.02
C052210,4722.7,Returning,0.99,4675.47
C079074,6767.87,VIP,0.69,4669.83
C015791,4814.04,New,0.97,4669.62
C014553,4813.19,VIP,0.97,4668.79
C063121,4715.87,New,0.99,4668.71
C038698,5683.01,Loyal,0.82,4660.07
C013982,4800.89,VIP,0.97,4656.86
C079926,5748.81,Returning,0.81,4656.54
C098655,4748.06,New,0.98,4653.1
C048336,4699.34,VIP,0.99,4652.35
C063711,4691.34,Loyal,0.99,4644.43
C008225,4643.08,New,1.0,4643.08
C015895,4736.37,Loyal,0.98,4641.64
C097053,4782.34,Loyal,0.97,4638.87
C098024,21069.65,New,0.22,4635.32
C068530,8130.66,VIP,0.57,4634.48
C073539,4681.09,VIP,0.99,4634.28
C065084,4982.99,New,0.93,4634.18
C069233,4727.28,New,0.98,4632.73
C081562,4822.36,Loyal,0.96,4629.47
C065823,4815.69,New,0.96,4623.06
C076823,4716.74,Returning,0.98,4622.41
C028651,4909.65,Loyal,0.94,4615.07
C042655,4960.29,VIP,0.93,4613.07
C004525,4907.29,VIP,0.94,4612.85
C026696,5694.29,VIP,0.81,4612.37
C087302,5010.12,Returning,0.92,4609.31
C001026,4702.18,VIP,0.98,4608.14
C075241,10962.74,Loyal,0.42,4604.35
C039153,4601.02,VIP,1.0,4601.02
C013723,5287.32,VIP,0.87,4599.97
C021857,4889.37,Loyal,0.94,4596.01
C061894,9377.88,Loyal,0.49,4595.16
C001582,4734.75,Loyal,0.97,4592.71
C047522,6463.22,Loyal,0.71,4588.89
C040975,6117.48,Loyal,0.75,4588.11
C011754,4825.05,Returning,0.95,4583.8
C058913,4927.68,VIP,0.93,4582.74
C005785,6180.01,VIP,0.74,4573.21
C016736,4614.45,Returning,0.99,4568.31
C074967,6091.07,New,0.75,4568.3
C003000,4706.32,VIP,0.97,4565.13
C052491,12338.06,Loyal,0.37,4565.08
C066703,5369.67,Loyal,0.85,4564.22
C003310,4607.5,Returning,0.99,4561.42
C049463,4601.94,New,0.99,4555.92
C080018,14692.54,VIP,0.31,4554.69
C070651,4947.25,Loyal,0.92,4551.47
C052566,4644.32,VIP,0.98,4551.43
C066813,4840.92,Returning,0.94,4550.46
C082774,4547.51,New,1.0,4547.51
C077112,12281.4,VIP,0.37,4544.12
C074118,4782.65,VIP,0.95,4543.52
C038807,5539.36,VIP,0.82,4542.28
C025149,4632.8,Returning,0.98,4540.14
C065924,4627.68,New,0.98,4535.13
C037115,4714.96,VIP,0.96,4526.36
C055218,4808.9,VIP,0.94,4520.37
C012812,4610.04,VIP,0.98,4517.84
C060402,4555.66,New,0.99,4510.1
C044166,5498.19,New,0.82,4508.52
C069954,5297.02,VIP,0.85,4502.47
C010099,5052.58,Returning,0.89,4496.8
C021930,5052.44,Returning,0.89,4496.67
C097379,4494.87,Loyal,1.0,4494.87
C068176,4494.87,New,1.0,4494.87
C043545,4633.03,VIP,0.97,4494.04
C017709,4538.63,VIP,0.99,4493.24
C020083,4632.05,New,0.97,4493.09
C058639,4538.24,VIP,0.99,4492.86
C040156,5755.82,New,0.78,4489.54
C062590,4487.36,VIP,1.0,4487.36
C085818,4485.74,Loyal,1.0,4485.74
C008028,4481.63,Loyal,1.0,4481.63
C097494,4767.18,Returning,0.94,4481.15
C012751,4976.16,Loyal,0.9,4478.54
C032685,4664.49,Returning,0.96,4477.91
C058190,4810.83,New,0.93,4474.07
C041696,6578.7,New,0.68,4473.52
C002172,4518.62,New,0.99,4473.43
C057253,4515.55,Loyal,0.99,4470.39
C052355,4514.27,Returning,0.99,4469.13
C091524,4601.21,VIP,0.97,4463.17
C015366,4546.52,Returning,0.98,4455.59
C075110,4887.61,Loyal,0.91,4447.73
C021599,4445.53,New,1.0,4445.53
C070700,4722.79,Returning,0.94,4439.42
C063384,4480.5,Returning,0.99,4435.7
C096635,6516.37,VIP,0.68,4431.13
C038051,4706.79,New,0.94,4424.38
C014181,4423.14,VIP,1.0,4423.14
C090551,4558.64,New,0.97,4421.88
C074740,4653.87,VIP,0.95,4421.18
C065433,4504.54,Loyal,0.98,4414.45
C041138,4646.24,Loyal,0.95,4413.93
C065272,11030.68,New,0.4,4412.27
C054818,4456.26,VIP,0.99,4411.7
C048885,5067.47,VIP,0.87,4408.7
C002183,4450.83,Returning,0.99,4406.32
C087531,5062.32,New,0.87,4404.22
C025838,4632.99,VIP,0.95,4401.34
C051388,4396.35,VIP,1.0,4396.35
C061102,5779.74,Returning,0.76,4392.6
C024902,4428.17,New,0.99,4383.89
C095367,5280.21,Loyal,0.83,4382.57
C079836,4761.13,Returning,0.92,4380.24
C010183,21888.89,Loyal,0.2,4377.78
C096840,4510.04,New,0.97,4374.74
C098867,5201.19,Loyal,0.84,4369.0
C052913,4598.89,VIP,0.95,4368.95
C096478,9293.54,Returning,0.47,4367.96
C021108,4852.96,VIP,0.9,4367.66
C016870,5138.28,New,0.85,4367.54
C054437,4693.39,New,0.93,4364.85
C078417,4741.99,VIP,0.92,4362.63
C027992,21811.18,New,0.2,4362.24
C021339,5127.18,Loyal,0.85,4358.1
C056782,4445.49,New,0.98,4356.58
C067782,9674.28,New,0.45,4353.43
C094472,5119.39,New,0.85,4351.48
C013003,4439.4,Loyal,0.98,4350.61
C084951,4622.44,Returning,0.94,4345.09
C082796,4344.0,Loyal,1.0,4344.0
C096000,14977.48,New,0.29,4343.47
C017435,4383.96,New,0.99,4340.12
C049874,4518.06,VIP,0.96,4337.34
C097293,4378.51,Returning,0.99,4334.72
C091386,4333.89,New,1.0,4333.89
C053525,4375.67,Returning,0.99,4331.91
C014239,4558.58,VIP,0.95,4330.65
C093032,4977.29,VIP,0.87,4330.24
C071586,5345.88,Returning,0.81,4330.16
C009031,4373.56,Loyal,0.99,4329.82
C020197,5692.63,Returning,0.76,4326.4
C044267,4326.03,Loyal,1.0,4326.03
C049249,4365.41,Loyal,0.99,4321.76
C001979,6353.11,Returning,0.68,4320.11
C026281,4446.02,New,0.97,4312.64
C019768,6627.11,Loyal,0.65,4307.62
C081871,4581.95,Returning,0.94,4307.03
C071010,5315.49,Loyal,0.81,4305.55
C019161,4531.13,Returning,0.95,4304.57
C052164,4347.97,New,0.99,4304.49
C056898,4677.57,VIP,0.92,4303.36
C082731,4381.29,Returning,0.98,4293.66
C095385,4380.57,VIP,0.98,4292.96
C080341,4932.42,Loyal,0.87,4291.21
C047251,4650.9,Loyal,0.92,4278.83
C098368,4365.31,VIP,0.98,4278.0
C019904,4751.84,VIP,0.9,4276.66
C051403,4406.03,Loyal,0.97,4273.85
C089109,4360.24,New,0.98,4273.04
C019305,4685.32,VIP,0.91,4263.64
C000220,4485.26,Returning,0.95,4261.0
C028012,4580.87,New,0.93,4260.21
C016737,4578.11,Loyal,0.93,4257.64
C039570,4621.15,New,0.92,4251.46
C005112,4471.14,New,0.95,4247.58
C047484,4666.41,New,0.91,4246.43
C029569,9221.31,New,0.46,4241.8
C024802,6144.77,Returning,0.69,4239.89
C039390,4325.0,Returning,0.98,4238.5
C032087,10085.77,Loyal,0.42,4236.02
C026920,6315.92,VIP,0.67,4231.67
C083580,5033.03,Loyal,0.84,4227.75
C020191,4447.01,New,0.95,4224.66
C012787,4267.03,Loyal,0.99,4224.36
C097032,4220.94,New,1.0,4220.94
C099699,4351.23,Returning,0.97,4220.69
C015461,4298.96,Loyal,0.98,4212.98
C080368,4339.73,Returning,0.97,4209.54
C098528,4380.95,Returning,0.96,4205.71
C071203,4778.35,New,0.88,4204.95
C003805,8577.17,Loyal,0.49,4202.81
C006917,4943.42,VIP,0.85,4201.91
C094821,4715.64,VIP,0.89,4196.92
C033472,5518.44,New,0.76,4194.01
C031616,8548.13,VIP,0.49,4188.58
C025611,4868.43,New,0.86,4186.85
C002450,4651.66,Loyal,0.9,4186.49
C008910,5655.39,Returning,0.74,4184.99
C033990,4222.81,Loyal,0.99,4180.58
C013573,4308.82,New,0.97,4179.56
C052054,4307.44,VIP,0.97,4178.22
C038580,4693.75,Returning,0.89,4177.44
C084248,4588.71,New,0.91,4175.73
C053529,4392.29,New,0.95,4172.68
C071009,4438.76,New,0.94,4172.43
C037021,4212.65,Loyal,0.99,4170.52
C012578,4211.25,VIP,0.99,4169.14
C078374,13027.22,Returning,0.32,4168.71
C051194,4295.54,VIP,0.97,4166.67
C090123,6407.99,Loyal,0.65,4165.19
C089216,4627.35,Returning,0.9,4164.62
C000423,4574.76,VIP,0.91,4163.03
C005135,6502.73,VIP,0.64,4161.75
C079379,4203.55,New,0.99,4161.51
C052043,4202.17,Loyal,0.99,4160.15
C040197,4669.73,VIP,0.89,4156.06
C002090,11229.1,VIP,0.37,4154.77
C046408,4282.4,Loyal,0.97,4153.93
C092632,19776.5,New,0.21,4153.06
C080690,4323.93,Returning,0.96,4150.97
C063864,4367.2,Returning,0.95,4148.84
C096782,4183.22,Returning,0.99,4141.39
C049510,4180.34,VIP,0.99,4138.54
C089523,11819.75,Loyal,0.35,4136.91
C061768,5293.45,Returning,0.78,4128.89
C098057,4210.83,New,0.98,4126.61
C089303,4208.0,New,0.98,4123.84
C048139,4340.01,Returning,0.95,4123.01
C029129,4122.45,New,1.0,4122.45
C077684,4204.65,New,0.98,4120.56
C043578,4203.27,New,0.98,4119.2
C093990,4290.75,VIP,0.96,4119.12
C035275,7216.32,Loyal,0.57,4113.3
C014645,6422.01,VIP,0.64,4110.09
C000617,4326.41,New,0.95,4110.09
C014150,4190.51,New,0.98,4106.7
C089520,15767.07,VIP,0.26,4099.44
C043757,4224.9,Loyal,0.97,4098.15
C090133,4223.75,Returning,0.97,4097.04
C032875,4176.5,New,0.98,4092.97
C034510,7575.96,Loyal,0.54,4091.02
C071185,4869.78,Loyal,0.84,4090.62
C007683,6594.5,VIP,0.62,4088.59
C018242,4395.99,Returning,0.93,4088.27
C092114,4301.22,Returning,0.95,4086.16
C054931,4169.5,Returning,0.98,4086.11
C062942,4393.57,Loyal,0.93,4086.02
C088801,4084.61,VIP,1.0,4084.61
C084645,4337.45,New,0.94,4077.2
C089661,4154.94,New,0.98,4071.84
C029138,4153.34,VIP,0.98,4070.27
C065586,4520.77,Returning,0.9,4068.69
C064164,16259.01,Loyal,0.25,4064.75
C033496,4104.52,VIP,0.99,4063.47
C057024,4062.29,VIP,1.0,4062.29
C073398,4060.0,VIP,1.0,4060.0
C021446,20257.15,New,0.2,4051.43
C012322,4309.25,New,0.94,4050.7
C005767,6864.7,Loyal,0.59,4050.17
C021957,4165.88,Returning,0.97,4040.9
C057888,4081.5,Returning,0.99,4040.68
C006302,4122.66,New,0.98,4040.21
C011189,4156.75,New,0.97,4032.05
C070814,4196.5,New,0.96,4028.64
C001858,4683.92,Loyal,0.86,4028.17
C025221,10596.41,Loyal,0.38,4026.64
C018177,4147.93,Loyal,0.97,4023.49
C089693,4105.49,Loyal,0.98,4023.38
C020377,4063.75,New,0.99,4023.11
C004268,4278.39,New,0.94,4021.69
C015672,4145.81,VIP,0.97,4021.44
C078696,4061.46,New,0.99,4020.85
C022442,4367.6,New,0.92,4018.19
C011726,4142.04,New,0.97,4017.78
C099055,4228.84,Returning,0.95,4017.4
C062380,4180.43,New,0.96,4013.21
C063377,4313.19,VIP,0.93,4011.27
C080450,4135.17,Loyal,0.97,4011.11
C074080,4134.79,New,0.97,4010.75
C047411,4220.26,Loyal,0.95,4009.25
C051918,4049.7,Loyal,0.99,4009.2
C012052,9323.15,Returning,0.43,4008.95
C013929,4088.78,New,0.98,4007.0
C020845,4129.97,VIP,0.97,4006.07
C076832,14297.58,New,0.28,4003.32
C012601,5003.05,Returning,0.8,4002.44
C002133,4493.51,New,0.89,3999.22
C067690,4253.23,Loyal,0.94,3998.04
C001438,4121.34,Returning,0.97,3997.7
C010667,4036.2,Loyal,0.99,3995.84
C063797,4250.15,New,0.94,3995.14
C008395,4432.04,VIP,0.9,3988.84
C008148,4528.3,Returning,0.88,3984.9
C061122,4330.34,Loyal,0.92,3983.91
C093102,4022.82,New,0.99,3982.59
C045699,5170.94,VIP,0.77,3981.62
C077254,4466.87,New,0.89,3975.51
C025171,3975.29,New,1.0,3975.29
C045209,4013.78,Returning,0.99,3973.64
C040329,13697.63,VIP,0.29,3972.31
C074043,4051.0,Loyal,0.98,3969.98
C016003,5750.67,New,0.69,3967.96
C012580,4220.97,Returning,0.94,3967.71
C099186,7476.18,VIP,0.53,3962.38
C019377,4773.23,Loyal,0.83,3961.78
C098532,3961.73,VIP,1.0,3961.73
C092307,4001.6,Loyal,0.99,3961.58
C059278,4039.89,VIP,0.98,3959.09
C080449,4441.39,Returning,0.89,3952.84
C052678,4074.4,Loyal,0.97,3952.17
C012604,3991.48,VIP,0.99,3951.57
C081195,7177.08,Loyal,0.55,3947.39
C065834,4588.92,VIP,0.86,3946.47
C050474,12722.98,Loyal,0.31,3944.12
C085374,4100.89,VIP,0.96,3936.85
C001745,4187.25,VIP,0.94,3936.02
C005331,4415.63,New,0.89,3929.91
C025956,4223.86,Returning,0.93,3928.19
C037975,3967.14,VIP,0.99,3927.47
C020808,4043.02,New,0.97,3921.73
C022096,4167.83,VIP,0.94,3917.76
C007030,4659.7,Loyal,0.84,3914.15
C033033,4773.16,Loyal,0.82,3913.99
C023905,4119.83,New,0.95,3913.84
C058962,4033.02,VIP,0.97,3912.03
C057432,4601.55,New,0.85,3911.32
C053658,4115.67,VIP,0.95,3909.89
C089246,3948.25,Loyal,0.99,3908.77
C001453,4157.92,Loyal,0.94,3908.44
C008884,3904.73,New,1.0,3904.73
C027059,3904.33,VIP,1.0,3904.33
C030591,3981.72,VIP,0.98,3902.09
C073861,4381.55,VIP,0.89,3899.58
C014488,4099.98,VIP,0.95,3894.98
C040963,3933.47,Returning,0.99,3894.14
C000223,10814.36,Loyal,0.36,3893.17
C048860,3971.96,VIP,0.98,3892.52
C094936,6077.91,Returning,0.64,3889.86
C014439,4630.58,New,0.84,3889.69
C049853,4272.57,Returning,0.91,3888.04
C008290,4049.85,New,0.96,3887.86
C087243,4681.0,New,0.83,3885.23
C035963,4680.38,New,0.83,3884.72
C070183,4004.75,Returning,0.97,3884.61
C069592,3922.47,VIP,0.99,3883.25
C078784,5316.19,Returning,0.73,3880.82
C049970,4907.97,Returning,0.79,3877.3
C097809,3913.34,VIP,0.99,3874.21
C078319,4035.39,New,0.96,3873.97
C014985,5095.5,New,0.76,3872.58
C049996,3948.59,Loyal,0.98,3869.62
C084203,9911.79,New,0.39,3865.6
C070603,4544.48,Loyal,0.85,3862.81
C089060,10432.5,Loyal,0.37,3860.02
C076092,4149.6,VIP,0.93,3859.13
C064856,8210.85,New,0.47,3859.1
C015057,3937.69,Loyal,0.98,3858.94
C007896,3897.65,Loyal,0.99,3858.67
C026684,3854.76,New,1.0,3854.76
C071295,3893.47,Loyal,0.99,3854.54
C051896,3930.3,Returning,0.98,3851.69
C079457,4139.79,VIP,0.93,3850.0
C026042,3965.16,Returning,0.97,3846.21
C030492,7994.08,New,0.48,3837.16
C056651,4856.64,New,0.79,3836.75
C006300,4123.86,VIP,0.93,3835.19
C022128,4354.44,New,0.88,3831.91
C047857,3949.99,Returning,0.97,3831.49
C020728,4671.35,VIP,0.82,3830.51
C012761,3868.38,VIP,0.99,3829.7
C006469,3906.82,VIP,0.98,3828.68
C007363,4784.58,Returning,0.8,3827.66
C094277,3901.27,VIP,0.98,3823.24
C090250,3936.79,Returning,0.97,3818.69
C049079,5698.27,Loyal,0.67,3817.84
C006040,7195.95,Returning,0.53,3813.85
C089919,3812.67,New,1.0,3812.67
C010280,10892.21,Loyal,0.35,3812.27
C015055,3925.54,VIP,0.97,3807.77
C046634,3843.43,VIP,0.99,3805.0
C037447,3921.94,New,0.97,3804.28
C066490,6037.14,Loyal,0.63,3803.4
C008933,3797.3,Loyal,1.0,3797.3
C047871,8254.27,VIP,0.46,3796.96
C025126,3912.99,Loyal,0.97,3795.6
C085908,6656.88,New,0.57,3794.42
C099104,3870.64,Returning,0.98,3793.23
C031272,4261.13,VIP,0.89,3792.41
C050160,3830.62,Loyal,0.99,3792.31
C006878,3792.0,Loyal,1.0,3792.0
C080682,4301.92,New,0.88,3785.69
C027699,4916.24,Returning,0.77,3785.5
C076598,3901.32,Returning,0.97,3784.28
C062017,3939.74,Loyal,0.96,3782.15
C090658,3820.0,Returning,0.99,3781.8
C074769,5480.53,Loyal,0.69,3781.57
C066756,9694.98,VIP,0.39,3781.04
C097818,3779.26,VIP,1.0,3779.26
C057778,3778.06,VIP,1.0,3778.06
C033163,3850.9,New,0.98,3773.88
C021745,5232.73,Returning,0.72,3767.57
C019802,3841.83,VIP,0.98,3764.99
C081875,11763.32,Loyal,0.32,3764.26
C074940,3879.48,Returning,0.97,3763.1
C051251,4002.17,New,0.94,3762.04
C067888,4177.09,Loyal,0.9,3759.38
C013196,4267.14,Loyal,0.88,3755.08
C029312,3870.24,Loyal,0.97,3754.13
C060301,4035.41,New,0.93,3752.93
C034189,5954.41,New,0.63,3751.28
C061901,4167.17,Loyal,0.9,3750.45
C093834,8716.46,VIP,0.43,3748.08
C078960,3783.79,New,0.99,3745.95
C053071,5269.96,VIP,0.71,3741.67
C005563,3897.34,VIP,0.96,3741.45
C066694,4506.86,Loyal,0.83,3740.69
C077489,4110.45,Loyal,0.91,3740.51
C086918,4984.68,New,0.75,3738.51
C082685,3931.08,Returning,0.95,3734.53
C072007,3807.08,Loyal,0.98,3730.94
C050663,11640.48,Loyal,0.32,3724.95
C008749,3874.51,New,0.96,3719.53
C044601,3794.43,Returning,0.98,3718.54
C025846,6411.01,Loyal,0.58,3718.39
C092598,3753.07,Returning,0.99,3715.54
C082001,5380.48,VIP,0.69,3712.53
C054658,3819.68,New,0.97,3705.09
C073277,4518.32,Returning,0.82,3705.02
C071845,4113.56,VIP,0.9,3702.2
C072916,3734.39,New,0.99,3697.05
C031514,4017.22,New,0.92,3695.84
C031050,11548.44,Returning,0.32,3695.5
C024011,3691.97,New,1.0,3691.97
C000076,3841.99,New,0.96,3688.31
C022384,3762.95,Returning,0.98,3687.69
C015695,4049.27,Returning,0.91,3684.84
C083651,3795.3,VIP,0.97,3681.44
C094217,3794.3,Returning,0.97,3680.47
C070129,3833.52,New,0.96,3680.18
C035859,3676.78,Loyal,1.0,3676.78
C052423,3785.95,Returning,0.97,3672.37
C010453,6008.04,Returning,0.61,3664.9
C024809,3699.2,Loyal,0.99,3662.21
C021424,14081.75,New,0.26,3661.26
C096830,3808.67,New,0.96,3656.32
C032343,3730.42,New,0.98,3655.81
C024934,3726.34,New,0.98,3651.81
C069241,3924.81,Loyal,0.93,3650.07
C015487,8685.42,Returning,0.42,3647.88
C096855,3647.39,Loyal,1.0,3647.39
C077675,3756.7,VIP,0.97,3644.0
C033639,3756.47,New,0.97,3643.78
C044366,3835.52,Returning,0.95,3643.74
C026567,7588.5,New,0.48,3642.48
C087889,6067.06,VIP,0.6,3640.24
C074048,3828.67,Returning,0.95,3637.24
C001446,3668.58,Returning,0.99,3631.89
C056744,3741.48,VIP,0.97,3629.24
C022350,5496.42,New,0.66,3627.64
C074069,3627.19,Loyal,1.0,3627.19
C093030,3700.09,Loyal,0.98,3626.09
C000874,3815.47,New,0.95,3624.7
C015042,3623.38,Loyal,1.0,3623.38
C075916,3728.48,VIP,0.97,3616.63
C094185,4018.2,Loyal,0.9,3616.38
C029465,4350.19,New,0.83,3610.66
C053024,6807.27,VIP,0.53,3607.85
C047949,4679.45,New,0.77,3603.18
C053826,3713.09,New,0.97,3601.7
C030638,3914.83,New,0.92,3601.64
C054532,3712.85,Loyal,0.97,3601.46
C056786,3601.26,Returning,1.0,3601.26
C061888,4000.1,VIP,0.9,3600.09
C029719,3667.51,Returning,0.98,3594.16
C034920,3629.81,Loyal,0.99,3593.51
C072990,3742.54,Returning,0.96,3592.84
C095150,3664.82,VIP,0.98,3591.52
C078606,3591.05,New,1.0,3591.05
C048654,4487.64,Loyal,0.8,3590.11
C029024,5788.26,Loyal,0.62,3588.72
C060244,13282.48,Returning,0.27,3586.27
C008966,3735.45,Loyal,0.96,3586.03
C013955,3768.34,New,0.95,3579.92
C048378,17894.3,Returning,0.2,3578.86
C001127,4205.69,Loyal,0.85,3574.84
C097934,3573.95,New,1.0,3573.95
C026054,4357.88,VIP,0.82,3573.46
C066219,7936.69,VIP,0.45,3571.51
C031080,3799.09,VIP,0.94,3571.14
C075085,12752.41,Returning,0.28,3570.67
C011387,3605.39,Loyal,0.99,3569.34
C029112,3677.78,New,0.97,3567.45
C009166,3831.93,Returning,0.93,3563.69
C065142,9135.2,Loyal,0.39,3562.73
C005719,4394.58,Returning,0.81,3559.61
C062708,3825.59,Loyal,0.93,3557.8
C039720,4442.16,New,0.8,3553.73
C033348,3588.0,Loyal,0.99,3552.12
C072041,3858.45,Loyal,0.92,3549.77
C055046,3696.9,New,0.96,3549.02
C010745,5812.19,New,0.61,3545.44
C021071,4323.07,New,0.82,3544.92
C036877,5715.59,Returning,0.62,3543.67
C036100,3652.69,New,0.97,3543.11
C069596,3541.52,Loyal,1.0,3541.52
C055723,4426.78,Loyal,0.8,3541.42
C021304,3538.42,Loyal,1.0,3538.42
C042335,3721.52,New,0.95,3535.44
C041534,3681.42,Loyal,0.96,3534.16
C092371,4306.47,Returning,0.82,3531.31
C016029,3526.03,VIP,1.0,3526.03
C077107,3525.12,New,1.0,3525.12
C047836,3786.97,Returning,0.93,3521.88
C073381,4455.66,Loyal,0.79,3519.97
C026687,4088.86,Loyal,0.86,3516.42
C011821,3586.16,New,0.98,3514.44
C026339,3622.81,New,0.97,3514.13
C020778,4504.74,VIP,0.78,3513.7
C053809,3737.92,Loyal,0.94,3513.64
C038703,3583.92,Loyal,0.98,3512.24
C041125,9241.05,Loyal,0.38,3511.6
C060375,4179.67,Returning,0.84,3510.92
C044827,3580.18,VIP,0.98,3508.58
C017955,4032.05,Loyal,0.87,3507.88
C011061,3541.19,Loyal,0.99,3505.78
C041205,4801.42,New,0.73,3505.04
C034647,3611.62,New,0.97,3503.27
C054581,6363.5,VIP,0.55,3499.92
C077399,3932.21,Returning,0.89,3499.67
C088080,3606.85,VIP,0.97,3498.64
C052819,3928.26,New,0.89,3496.15
C061793,3564.93,New,0.98,3493.63
C036713,3564.03,VIP,0.98,3492.75
C074317,3836.12,Loyal,0.91,3490.87
C046908,4106.86,VIP,0.85,3490.83
C070585,3561.55,Returning,0.98,3490.32
C077377,3965.4,New,0.88,3489.55
C055792,4057.37,VIP,0.86,3489.34
C043886,3559.43,New,0.98,3488.24
C098411,3488.2,Loyal,1.0,3488.2
C088704,4412.1,Loyal,0.79,3485.56
C063283,3480.85,New,1.0,3480.85
C032739,4193.37,Returning,0.83,3480.5
C044191,3740.69,Loyal,0.93,3478.84
C048301,3513.26,New,0.99,3478.13
C054641,3780.5,Returning,0.92,3478.06
C075267,4345.71,Loyal,0.8,3476.57
C027032,3583.55,New,0.97,3476.04
C058623,3619.7,Returning,0.96,3474.91
C015369,3736.3,New,0.93,3474.76
C013371,3577.61,New,0.97,3470.28
C051678,3574.76,Returning,0.97,3467.52
C097965,3604.69,Returning,0.96,3460.5
C058111,8438.36,Returning,0.41,3459.73
C088675,3720.06,Loyal,0.93,3459.66
C051854,3975.5,New,0.87,3458.68
C018950,4321.35,Returning,0.8,3457.08
C026790,3455.92,Returning,1.0,3455.92
C024360,3525.56,Loyal,0.98,3455.05
C029020,4017.5,Loyal,0.86,3455.05
C094968,3488.45,Loyal,0.99,3453.57
C026538,3597.4,New,0.96,3453.5
C048022,3486.33,Loyal,0.99,3451.47
C093567,3966.08,VIP,0.87,3450.49
C079085,3554.91,New,0.97,3448.26
C006997,3548.44,New,0.97,3441.99
C044484,3781.79,New,0.91,3441.43
C014840,3511.05,Returning,0.98,3440.83
C087470,5292.38,New,0.65,3440.05
C094758,3474.35,New,0.99,3439.61
C035544,4466.2,Returning,0.77,3438.97
C049599,3437.83,Loyal,1.0,3437.83
C051326,4292.99,VIP,0.8,3434.39
C036515,3468.22,New,0.99,3433.54
C035090,4133.25,Loyal,0.83,3430.6
C071702,3571.7,Loyal,0.96,3428.83
C094859,3723.53,VIP,0.92,3425.65
C074766,4176.9,Loyal,0.82,3425.06
C078616,11047.73,VIP,0.31,3424.8
C053599,3640.87,New,0.94,3422.42
C079773,5184.32,New,0.66,3421.65
C028414,3599.96,Returning,0.95,3419.96
C089715,18998.7,New,0.18,3419.77
C044492,3417.97,Returning,1.0,3417.97
C062748,3521.74,VIP,0.97,3416.09
C080617,6696.91,Returning,0.51,3415.42
C056020,3712.36,New,0.92,3415.37
C011007,15521.43,Loyal,0.22,3414.71
C049960,3968.6,New,0.86,3413.0
C009736,7755.97,Returning,0.44,3412.63
C006932,3669.34,VIP,0.93,3412.49
C007188,3407.64,Loyal,1.0,3407.64
C030005,3781.61,New,0.9,3403.45
C006617,5156.14,Returning,0.66,3403.05
C008493,3436.59,New,0.99,3402.22
C003279,4360.45,New,0.78,3401.15
C060771,3399.39,VIP,1.0,3399.39
C052040,3467.35,New,0.98,3398.0
C056775,8084.25,Returning,0.42,3395.38
C060144,3426.56,New,0.99,3392.29
C051472,16153.19,Loyal,0.21,3392.17
C010300,3390.8,Returning,1.0,3390.8
C001390,3645.15,VIP,0.93,3389.99
C058931,3456.74,Returning,0.98,3387.61
C077373,3641.68,Loyal,0.93,3386.76
C037503,4574.02,New,0.74,3384.77
C002038,3523.34,VIP,0.96,3382.41
C061944,3410.05,VIP,0.99,3375.95
C043831,3515.9,New,0.96,3375.26
C060382,3478.1,Loyal,0.97,3373.76
C034745,3514.24,VIP,0.96,3373.67
C055835,3666.63,VIP,0.92,3373.3
C090462,3586.66,New,0.94,3371.46
C054941,3703.62,New,0.91,3370.29
C086400,3508.22,VIP,0.96,3367.89
C030406,5180.45,VIP,0.65,3367.29
C024397,3366.82,Loyal,1.0,3366.82
C041791,3395.26,New,0.99,3361.31
C004561,3358.7,Returning,1.0,3358.7
C069969,6996.06,VIP,0.48,3358.11
C026092,3531.54,Returning,0.95,3354.96
C063451,3458.68,Returning,0.97,3354.92
C008036,5408.5,VIP,0.62,3353.27
C036734,3456.68,VIP,0.97,3352.98
C005939,3853.96,New,0.87,3352.95
C027144,3385.72,Loyal,0.99,3351.86
C081477,4857.22,Loyal,0.69,3351.48
C005347,3350.43,New,1.0,3350.43
C071674,4238.08,VIP,0.79,3348.08
C088333,3347.07,VIP,1.0,3347.07
C055387,3558.97,VIP,0.94,3345.43
C086966,3375.71,VIP,0.99,3341.95
C057049,3375.5,Returning,0.99,3341.74
C023111,3711.69,VIP,0.9,3340.52
C093752,3408.31,VIP,0.98,3340.14
C033653,4573.05,New,0.73,3338.33
C050179,3834.42,VIP,0.87,3335.95
C013360,3970.57,Returning,0.84,3335.28
C071479,3368.47,VIP,0.99,3334.79
C000187,8127.76,VIP,0.41,3332.38
C079412,3364.64,Loyal,0.99,3330.99
C062951,4896.31,New,0.68,3329.49
C061982,3739.66,New,0.89,3328.3
C061175,3578.14,VIP,0.93,3327.67
C027977,3429.0,New,0.97,3326.13
C002236,3324.72,Returning,1.0,3324.72
C074931,3391.57,Returning,0.98,3323.74
C081452,3459.89,Loyal,0.96,3321.49
C030836,3532.49,VIP,0.94,3320.54
C099092,3353.9,New,0.99,3320.36
C090825,3492.5,New,0.95,3317.88
C095688,3384.49,New,0.98,3316.8
C057719,5434.96,VIP,0.61,3315.33
C068521,3899.35,Returning,0.85,3314.45
C011626,3448.05,New,0.96,3310.13
C005765,11412.72,Returning,0.29,3309.69
C053576,3342.65,Returning,0.99,3309.22
C002376,3482.49,New,0.95,3308.37
C044099,3374.97,New,0.98,3307.47
C056278,3838.62,Returning,0.86,3301.21
C068074,3298.09,Loyal,1.0,3298.09
C096523,3435.29,VIP,0.96,3297.88
C028675,3544.63,Returning,0.93,3296.51
C009591,4393.62,New,0.75,3295.22
C012068,3327.2,VIP,0.99,3293.93
C008186,4064.32,New,0.81,3292.1
C020087,3358.18,VIP,0.98,3291.02
C081078,3323.62,Loyal,0.99,3290.38
C078542,3615.13,Loyal,0.91,3289.77
C064445,3460.82,VIP,0.95,3287.78
C065587,4057.59,New,0.81,3286.65
C061936,3777.24,VIP,0.87,3286.2
C075150,3819.68,Loyal,0.86,3284.92
C049661,3316.57,Returning,0.99,3283.4
C064726,3527.02,VIP,0.93,3280.13
C090796,3563.05,VIP,0.92,3278.01
C018354,3810.71,VIP,0.86,3277.21
C087994,3308.04,VIP,0.99,3274.96
C085314,3758.25,Loyal,0.87,3269.68
C058692,3630.46,Returning,0.9,3267.41
C080543,3984.6,Loyal,0.82,3267.37
C029069,3400.18,VIP,0.96,3264.17
C003958,3263.85,Loyal,1.0,3263.85
C078146,3296.19,New,0.99,3263.23
C037177,3363.49,New,0.97,3262.59
C035198,4405.67,VIP,0.74,3260.2
C032418,3325.49,VIP,0.98,3258.98
C098380,3465.85,VIP,0.94,3257.9
C065532,3357.76,Returning,0.97,3257.03
C075499,4228.97,New,0.77,3256.31
C079369,3387.38,Loyal,0.96,3251.88
C006677,5906.97,Loyal,0.55,3248.83
C016948,3345.52,Returning,0.97,3245.15
C045546,3450.73,New,0.94,3243.69
C087713,4566.95,New,0.71,3242.53
C071489,4210.09,Returning,0.77,3241.77
C072647,3272.32,New,0.99,3239.6
C027072,3239.56,New,1.0,3239.56
C006701,3239.54,Loyal,1.0,3239.54
C048473,3520.91,New,0.92,3239.24
C078137,3439.73,Loyal,0.94,3233.35
C023221,3714.86,VIP,0.87,3231.93
C090890,3400.65,New,0.95,3230.62
C091335,4969.67,VIP,0.65,3230.29
C051836,3399.74,Returning,0.95,3229.75
C023324,3628.44,New,0.89,3229.31
C046129,3839.94,Returning,0.84,3225.55
C077239,3257.71,Loyal,0.99,3225.13
C073882,3580.73,Loyal,0.9,3222.66
C027593,3287.2,VIP,0.98,3221.46
C077458,24775.11,New,0.13,3220.76
C061920,3252.99,Returning,0.99,3220.46
C069341,3536.96,Returning,0.91,3218.63
C003856,3250.89,Returning,0.99,3218.38
C049641,4073.22,VIP,0.79,3217.84
C098518,3459.41,Returning,0.93,3217.25
C006659,22979.16,New,0.14,3217.08
C007985,3316.25,Loyal,0.97,3216.76
C063023,3654.17,Loyal,0.88,3215.67
C005778,3246.79,VIP,0.99,3214.32
C088163,3246.57,New,0.99,3214.1
C070106,3313.09,VIP,0.97,3213.7
C009208,3244.11,New,0.99,3211.67
C096443,3344.62,New,0.96,3210.84
C027716,3601.8,Loyal,0.89,3205.6
C019615,3203.65,VIP,1.0,3203.65
C011847,3443.35,New,0.93,3202.32
C099867,4999.9,Returning,0.64,3199.94
C032604,3632.87,Loyal,0.88,3196.93
C000967,5412.39,Returning,0.59,3193.31
C058533,4200.59,New,0.76,3192.45
C008054,4198.4,VIP,0.76,3190.78
C087526,3843.8,VIP,0.83,3190.35
C062841,3467.4,VIP,0.92,3190.01
C059386,3221.28,VIP,0.99,3189.07
C041090,3187.53,New,1.0,3187.53
C081031,3219.26,New,0.99,3187.07
C085966,3704.45,VIP,0.86,3185.83
C087895,3217.96,VIP,0.99,3185.78
C029787,4362.22,Loyal,0.73,3184.42
C032862,3282.59,VIP,0.97,3184.11
C096534,3316.18,VIP,0.96,3183.53
C021241,3315.52,VIP,0.96,3182.9
C026767,3212.26,Loyal,0.99,3180.14
C010289,4024.62,New,0.79,3179.45
C074795,3276.93,Returning,0.97,3178.62
C041013,3210.6,VIP,0.99,3178.49
C058215,3176.63,Returning,1.0,3176.63
C003630,3208.62,New,0.99,3176.53
C079710,3274.24,VIP,0.97,3176.01
C005833,7385.68,New,0.43,3175.84
C086308,3205.38,Loyal,0.99,3173.33
C083499,3204.72,Loyal,0.99,3172.67
C017761,3235.77,New,0.98,3171.05
C042662,3409.6,Returning,0.93,3170.93
C045449,3231.66,Returning,0.98,3167.03
C053475,3331.72,New,0.95,3165.13
C035783,3295.96,Returning,0.96,3164.12
C028368,3227.89,Returning,0.98,3163.33
C048162,3227.03,Returning,0.98,3162.49
C061578,8321.52,Loyal,0.38,3162.18
C088226,3632.66,New,0.87,3160.41
C098067,3550.67,VIP,0.89,3160.1
C018901,3191.32,New,0.99,3159.41
C081266,3947.9,New,0.8,3158.32
C006803,6314.59,New,0.5,3157.3
C015572,3219.41,Loyal,0.98,3155.02
C076283,3285.42,New,0.96,3154.0
C082915,3184.07,New,0.99,3152.23
C011296,3151.87,VIP,1.0,3151.87
C081391,3247.64,New,0.97,3150.21
C001600,3460.06,Returning,0.91,3148.65
C010341,3745.63,Returning,0.84,3146.33
C067160,3456.61,Returning,0.91,3145.52
C053616,3176.66,New,0.99,3144.89
C028410,4191.45,VIP,0.75,3143.59
C059008,3174.12,VIP,0.99,3142.38
C074809,3174.04,Returning,0.99,3142.3
C032783,3273.01,Loyal,0.96,3142.09
C033250,3136.98,Loyal,1.0,3136.98
C068116,4746.04,Loyal,0.66,3132.39
C032857,6956.96,Returning,0.45,3130.63
C012951,3129.07,Loyal,1.0,3129.07
C028187,3225.83,Returning,0.97,3129.06
C069607,3159.35,VIP,0.99,3127.76
C089134,13597.83,New,0.23,3127.5
C065859,3156.53,New,0.99,3124.96
C025253,11572.53,New,0.27,3124.58
C011690,3124.22,New,1.0,3124.22
C032005,3323.52,Loyal,0.94,3124.11
C068632,5576.41,VIP,0.56,3122.79
C083283,3122.61,New,1.0,3122.61
C074482,3507.25,Loyal,0.89,3121.45
C025088,6241.32,Loyal,0.5,3120.66
C036407,3150.83,New,0.99,3119.32
C090619,3212.07,VIP,0.97,3115.71
C078631,3210.16,Returning,0.97,3113.86
C088568,3144.21,VIP,0.99,3112.77
C066439,3111.25,New,1.0,3111.25
C025435,3141.39,New,0.99,3109.98
C082155,3204.71,VIP,0.97,3108.57
C004941,9714.1,Returning,0.32,3108.51
C012650,3341.75,New,0.93,3107.83
C072907,3267.91,VIP,0.95,3104.51
C028904,3336.91,VIP,0.93,3103.33
C075895,3265.71,New,0.95,3102.42
C016127,3524.11,VIP,0.88,3101.22
C003781,3131.84,Returning,0.99,3100.52
C006940,3131.48,VIP,0.99,3100.17
C029651,3332.32,Loyal,0.93,3099.06
C039525,3778.91,Returning,0.82,3098.71
C085228,3260.69,VIP,0.95,3097.66
C003947,3126.64,Loyal,0.99,3095.37
C070243,3477.64,New,0.89,3095.1
C057420,4239.43,Loyal,0.73,3094.78
C086105,3124.81,Returning,0.99,3093.56
C000009,3290.78,Loyal,0.94,3093.33
C054208,3324.89,Loyal,0.93,3092.15
C051024,7538.5,New,0.41,3090.78
C078110,3185.73,VIP,0.97,3090.16
C098255,3395.52,Loyal,0.91,3089.92
C034120,3089.7,VIP,1.0,3089.7
C035308,3118.32,Returning,0.99,3087.14
C045060,14699.88,Returning,0.21,3086.97
C045153,3085.95,VIP,1.0,3085.95
C056945,3148.73,Loyal,0.98,3085.76
C070026,3116.42,New,0.99,3085.26
C005013,3145.52,Returning,0.98,3082.61
C051246,3279.13,New,0.94,3082.38
C072040,3080.55,New,1.0,3080.55
C061141,3142.43,VIP,0.98,3079.58
C016671,3844.76,VIP,0.8,3075.81
C061461,3203.92,Loyal,0.96,3075.76
C061173,3134.39,New,0.98,3071.7
C053713,7142.26,VIP,0.43,3071.17
C027117,3301.81,VIP,0.93,3070.68
C021649,3165.08,VIP,0.97,3070.13
C033625,3132.67,Loyal,0.98,3070.02
C068975,3231.31,New,0.95,3069.74
C072369,3197.5,Loyal,0.96,3069.6
C036173,3068.66,Returning,1.0,3068.66
C012957,3096.56,Loyal,0.99,3065.59
C077432,3063.97,VIP,1.0,3063.97
C086516,4254.0,Returning,0.72,3062.88
C041627,3125.34,VIP,0.98,3062.83
C003026,3292.9,VIP,0.93,3062.4
C066868,3189.51,Returning,0.96,3061.93
C006205,7464.88,Returning,0.41,3060.6
C086561,3122.93,Returning,0.98,3060.47
C003219,3122.47,VIP,0.98,3060.02
C023293,3183.29,Loyal,0.96,3055.96
C019689,6236.51,Loyal,0.49,3055.89
C042004,3116.71,New,0.98,3054.38
C020633,3084.6,Loyal,0.99,3053.75
C000495,3180.23,VIP,0.96,3053.02
C063071,3177.91,New,0.96,3050.79
C086537,5251.24,Returning,0.58,3045.72
C072443,3499.36,VIP,0.87,3044.44
C047298,3202.23,Loyal,0.95,3042.12
C083165,4406.69,New,0.69,3040.62
C038896,3069.57,Loyal,0.99,3038.87
C008589,3100.8,VIP,0.98,3038.78
C038415,7233.87,Loyal,0.42,3038.23
C053736,3265.38,VIP,0.93,3036.8
C013507,3196.03,Loyal,0.95,3036.23
C081248,3065.46,VIP,0.99,3034.81
C052163,10462.36,VIP,0.29,3034.08
C033196,3192.76,VIP,0.95,3033.12
C039864,4152.97,Loyal,0.73,3031.67
C056993,4324.38,VIP,0.7,3027.07
C046891,3218.37,VIP,0.94,3025.27
C020848,3218.24,VIP,0.94,3025.15
C006214,3024.06,VIP,1.0,3024.06
C012001,3085.66,VIP,0.98,3023.95
C060786,3054.47,VIP,0.99,3023.93
C080966,3180.8,Returning,0.95,3021.76
C092249,3019.01,VIP,1.0,3019.01
C009509,3018.91,VIP,1.0,3018.91
C057740,3111.64,New,0.97,3018.29
C097749,3110.39,VIP,0.97,3017.08
C019588,3047.3,Returning,0.99,3016.83
C096391,3046.19,New,0.99,3015.73
C050781,3075.68,VIP,0.98,3014.17
C077746,3106.66,VIP,0.97,3013.46
C028496,3463.51,Loyal,0.87,3013.25
C088105,4781.62,Loyal,0.63,3012.42
C065004,4780.56,Returning,0.63,3011.75
C046644,9122.53,Returning,0.33,3010.43
C018772,3908.78,Returning,0.77,3009.76
C072405,3070.85,Returning,0.98,3009.43
C045355,3070.13,New,0.98,3008.73
C097827,3266.76,Returning,0.92,3005.42
C050688,3065.22,Returning,0.98,3003.92
C094052,7147.59,Returning,0.42,3001.99
C067423,3062.1,Loyal,0.98,3000.86
C097121,3030.62,Returning,0.99,3000.31
C065516,2999.9,VIP,1.0,2999.9
C002902,3092.61,VIP,0.97,2999.83
C023283,3030.03,New,0.99,2999.73
C083247,6381.94,New,0.47,2999.51
C066947,3027.19,New,0.99,2996.92
C063062,3026.54,Returning,0.99,2996.27
C099497,2994.66,New,1.0,2994.66
C019766,8806.79,Returning,0.34,2994.31
C018934,4462.51,New,0.67,2989.88
C022849,6792.97,Loyal,0.44,2988.91
C075909,3045.6,Returning,0.98,2984.69
C039344,3076.95,Loyal,0.97,2984.64
C045126,3076.22,Returning,0.97,2983.93
C094309,3139.7,VIP,0.95,2982.71
C053480,11471.25,VIP,0.26,2982.52
C071688,4451.33,Returning,0.67,2982.39
C023949,3041.46,VIP,0.98,2980.63
C089946,3101.9,Loyal,0.96,2977.82
C060800,3038.07,VIP,0.98,2977.31
C025772,3068.89,VIP,0.97,2976.82
C083938,3585.39,New,0.83,2975.87
C074133,2970.09,New,1.0,2970.09
C091157,3030.13,Returning,0.98,2969.53
C019850,3092.87,Returning,0.96,2969.16
C036708,3806.37,VIP,0.78,2968.97
C044152,2968.2,Returning,1.0,2968.2
C025871,3531.23,Returning,0.84,2966.23
C026706,4556.19,VIP,0.65,2961.52
C022090,3051.3,New,0.97,2959.76
C016234,4931.62,New,0.6,2958.97
C029620,3081.59,VIP,0.96,2958.33
C036354,4285.33,New,0.69,2956.88
C056302,8447.68,VIP,0.35,2956.69
C017347,3077.92,Loyal,0.96,2954.8
C037105,3077.75,VIP,0.96,2954.64
C076994,3013.97,Returning,0.98,2953.69
C014728,3013.74,Loyal,0.98,2953.47
C061758,4840.28,VIP,0.61,2952.57
C058203,3513.76,Returning,0.84,2951.56
C057517,3986.21,VIP,0.74,2949.8
C092351,3072.62,New,0.96,2949.72
C015341,6019.3,New,0.49,2949.46
C027556,8426.26,New,0.35,2949.19
C050825,9826.31,Loyal,0.3,2947.89
C076183,3203.14,New,0.92,2946.89
C042652,2945.75,VIP,1.0,2945.75
C051491,3005.75,Loyal,0.98,2945.64
C042289,3201.17,New,0.92,2945.08
C064247,3034.34,Returning,0.97,2943.31
C004864,5255.51,New,0.56,2943.09
C074250,2941.8,New,1.0,2941.8
C086188,3501.67,New,0.84,2941.4
C035477,12776.49,Returning,0.23,2938.59
C002503,3193.08,Loyal,0.92,2937.63
C071581,3262.26,New,0.9,2936.03
C095141,3156.92,VIP,0.93,2935.94
C013865,3053.99,New,0.96,2931.83
C040256,5141.64,VIP,0.57,2930.73
C063168,3485.11,VIP,0.84,2927.49
C073899,4364.8,Returning,0.67,2924.42
C084388,3249.12,Loyal,0.9,2924.21
C093980,3746.84,Returning,0.78,2922.54
C068611,3012.87,VIP,0.97,2922.48
C010000,10823.02,New,0.27,2922.22
C030254,4233.67,New,0.69,2921.23
C071050,2947.01,New,0.99,2917.54
C097411,3645.89,VIP,0.8,2916.71
C051913,10055.64,Returning,0.29,2916.14
C086288,2944.73,VIP,0.99,2915.28
C077000,4048.8,VIP,0.72,2915.14
C001119,2941.87,Loyal,0.99,2912.45
C091449,2971.64,Returning,0.98,2912.21
C067993,3063.55,New,0.95,2910.37
C065718,3306.46,New,0.88,2909.68
C009188,4475.38,VIP,0.65,2909.0
C094640,3029.17,New,0.96,2908.0
C091208,2907.02,Returning,1.0,2907.02
C089897,3261.59,Returning,0.89,2902.82
C012423,3023.44,Returning,0.96,2902.5
C048594,2931.77,VIP,0.99,2902.45
C009116,2901.88,New,1.0,2901.88
C073450,3085.6,VIP,0.94,2900.46
C069276,2989.73,Returning,0.97,2900.04
C068438,2928.04,Loyal,0.99,2898.76
C082253,3017.02,Returning,0.96,2896.34
C049728,3182.44,VIP,0.91,2896.02
C032097,3217.09,VIP,0.9,2895.38
C093051,2954.42,VIP,0.98,2895.33
C087323,2984.82,VIP,0.97,2895.28
C066092,2924.4,VIP,0.99,2895.16
C068992,2924.0,VIP,0.99,2894.76
C093506,2894.04,Returning,1.0,2894.04
C030358,2893.62,VIP,1.0,2893.62
C066280,3249.21,New,0.89,2891.8
C041653,2920.91,VIP,0.99,2891.7
C008765,3075.31,Loyal,0.94,2890.79
C043350,3211.26,VIP,0.9,2890.13
C001587,3009.4,VIP,0.96,2889.02
C063881,2946.21,Loyal,0.98,2887.29
C040715,2974.94,Returning,0.97,2885.69
C016462,2881.75,Returning,1.0,2881.75
C069545,4176.09,New,0.69,2881.5
C065695,4572.91,New,0.63,2880.93
C078513,2936.39,Loyal,0.98,2877.66
C066344,2905.23,Returning,0.99,2876.18
C021732,3305.74,Loyal,0.87,2875.99
C053432,3159.3,Loyal,0.91,2874.96
C008787,2873.53,Loyal,1.0,2873.53
C078044,3056.45,Loyal,0.94,2873.06
C034036,3301.79,VIP,0.87,2872.56
C008781,3419.13,New,0.84,2872.07
C048833,3021.49,Loyal,0.95,2870.42
C075115,2928.82,Loyal,0.98,2870.24
C056632,6523.06,Returning,0.44,2870.15
C042304,2897.72,Returning,0.99,2868.74
C033460,2897.01,New,0.99,2868.04
C091110,5515.23,VIP,0.52,2867.92
C080575,2896.29,VIP,0.99,2867.33
C038040,2984.48,Returning,0.96,2865.1
C026289,2983.89,Returning,0.96,2864.53
C059598,3147.34,VIP,0.91,2864.08
C003183,3216.59,VIP,0.89,2862.77
C047339,2861.25,New,1.0,2861.25
C086580,3010.44,VIP,0.95,2859.92
C041132,3665.4,Returning,0.78,2859.01
C029332,2917.14,VIP,0.98,2858.8
C062722,5833.13,New,0.49,2858.23
C071407,3008.45,Loyal,0.95,2858.03
C006188,2855.16,VIP,1.0,2855.16
C049257,2942.84,Returning,0.97,2854.55
C009982,2972.69,Returning,0.96,2853.78
C067884,3035.33,New,0.94,2853.21
C087762,2907.54,VIP,0.98,2849.39
C086180,2937.44,New,0.97,2849.32
C034911,2906.91,VIP,0.98,2848.77
C060480,11864.07,Loyal,0.24,2847.38
C087530,3025.01,Returning,0.94,2843.51
C031443,2868.93,VIP,0.99,2840.24
C077056,3594.79,Loyal,0.79,2839.88
C094195,3339.57,New,0.85,2838.63
C093466,2866.99,Returning,0.99,2838.32
C018597,2891.98,New,0.98,2834.14
C011338,3215.57,VIP,0.88,2829.7
C028590,3721.82,New,0.76,2828.58
C050288,2946.0,VIP,0.96,2828.16
C098744,3366.73,VIP,0.84,2828.05
C089096,3366.28,Loyal,0.84,2827.68
C011405,2885.16,VIP,0.98,2827.46
C055576,2943.9,VIP,0.96,2826.14
C075551,3038.22,Loyal,0.93,2825.54
C048910,2879.91,Returning,0.98,2822.31
C082482,2878.28,Returning,0.98,2820.71
C069304,2820.27,Loyal,1.0,2820.27
C095711,2907.22,VIP,0.97,2820.0
C087426,2819.16,New,1.0,2819.16
C018201,3129.12,VIP,0.9,2816.21
C091931,2843.11,Returning,0.99,2814.68
C006555,2962.54,Returning,0.95,2814.41
C056641,5409.36,Loyal,0.52,2812.87
C042666,2870.21,Returning,0.98,2812.81
C060107,3470.8,VIP,0.81,2811.35
C056609,5736.81,Loyal,0.49,2811.04
C065927,2838.21,New,0.99,2809.83
C079096,2896.03,Loyal,0.97,2809.15
C083859,2836.04,Loyal,0.99,2807.68
C008814,2924.38,New,0.96,2807.4
C073482,2807.2,Loyal,1.0,2807.2
C036408,2953.85,VIP,0.95,2806.16
C030480,2805.24,Returning,1.0,2805.24
C016154,2861.31,New,0.98,2804.08
C040856,2831.45,Returning,0.99,2803.14
C029702,2860.24,Loyal,0.98,2803.04
C024389,3376.14,Returning,0.83,2802.2
C053836,2801.25,Loyal,1.0,2801.25
C039398,2910.96,Returning,0.96,2794.52
C011669,4107.02,New,0.68,2792.77
C072902,3034.23,Loyal,0.92,2791.49
C020353,2937.55,Returning,0.95,2790.67
C012074,2998.49,Returning,0.93,2788.6
C033457,2933.75,Loyal,0.95,2787.06
C081036,2813.14,Returning,0.99,2785.01
C083234,3393.02,VIP,0.82,2782.28
C014520,2809.98,Returning,0.99,2781.88
C065792,2864.76,Returning,0.97,2778.82
C051406,2952.86,New,0.94,2775.69
C038425,3343.21,VIP,0.83,2774.86
C051484,3556.08,Returning,0.78,2773.74
C017365,2859.29,New,0.97,2773.51
C088294,2827.91,New,0.98,2771.35
C075007,2799.34,VIP,0.99,2771.35
C001273,2798.75,Loyal,0.99,2770.76
C082218,2826.87,Returning,0.98,2770.33
C039952,3042.19,New,0.91,2768.39
C011079,2853.09,Returning,0.97,2767.5
C096153,2765.75,VIP,1.0,2765.75
C035779,4007.75,Returning,0.69,2765.35
C093477,2792.49,New,0.99,2764.57
C006299,2909.14,Loyal,0.95,2763.68
C030694,3588.4,Loyal,0.77,2763.07
C056465,2877.72,New,0.96,2762.61
C062000,2817.45,New,0.98,2761.1
C050863,2816.71,New,0.98,2760.38
C038645,2936.0,Loyal,0.94,2759.84
C082926,2758.54,Loyal,1.0,2758.54
C030259,2814.39,VIP,0.98,2758.1
C035915,6413.79,New,0.43,2757.93
C089521,2869.49,Loyal,0.96,2754.71
C065154,3318.86,Returning,0.83,2754.65
C063155,2839.75,VIP,0.97,2754.56
C062043,2896.26,VIP,0.95,2751.45
C034740,2834.61,VIP,0.97,2749.57
C027048,15233.37,Loyal,0.18,2742.01
C016555,4089.66,Returning,0.67,2740.07
C021667,2765.95,New,0.99,2738.29
C074013,2880.84,New,0.95,2736.8
C031026,2846.08,Loyal,0.96,2732.24
C063421,21009.13,Returning,0.13,2731.19
C000887,2786.81,VIP,0.98,2731.07
C073422,2998.96,Loyal,0.91,2729.05
C067238,3136.33,Returning,0.87,2728.61
C047746,3031.01,Returning,0.9,2727.91
C022228,2810.49,New,0.97,2726.18
C019114,2752.01,New,0.99,2724.49
C092265,2807.82,VIP,0.97,2723.59
C038030,2837.05,Loyal,0.96,2723.57
C077627,2749.87,VIP,0.99,2722.37
C065521,3163.12,Loyal,0.86,2720.28
C053746,2774.22,Loyal,0.98,2718.74
C095429,2717.52,Returning,1.0,2717.52
C016654,2890.51,Loyal,0.94,2717.08
C023382,2828.39,VIP,0.96,2715.25
C000115,3016.69,Returning,0.9,2715.02
C000839,3525.68,Loyal,0.77,2714.77
C054795,2798.17,Loyal,0.97,2714.22
C035132,2713.46,VIP,1.0,2713.46
C063796,3154.52,VIP,0.86,2712.89
C052760,2767.58,Returning,0.98,2712.23
C066530,2854.62,New,0.95,2711.89
C021907,2765.27,VIP,0.98,2709.96
C002377,2822.18,VIP,0.96,2709.29
C083961,2972.57,New,0.91,2705.04
C012436,8442.7,Loyal,0.32,2701.66
C015737,2813.31,New,0.96,2700.78
C008822,3215.19,Returning,0.84,2700.76
C008366,2784.24,VIP,0.97,2700.71
C081762,2727.06,Returning,0.99,2699.79
C023847,3460.5,Returning,0.78,2699.19
C032902,2698.26,VIP,1.0,2698.26
C019224,3173.68,New,0.85,2697.63
C087780,2780.72,Loyal,0.97,2697.3
C017315,2780.38,Returning,0.97,2696.97
C016262,2779.76,VIP,0.97,2696.37
C025073,2751.03,VIP,0.98,2696.01
C001762,4147.44,Returning,0.65,2695.84
C066533,2807.96,VIP,0.96,2695.64
C051758,2994.35,Loyal,0.9,2694.92
C075962,2776.79,Returning,0.97,2693.49
C040496,3543.06,New,0.76,2692.73
C087636,8972.45,VIP,0.3,2691.74
C047565,7083.49,VIP,0.38,2691.73
C098257,2744.93,Returning,0.98,2690.03
C071158,2770.74,VIP,0.97,2687.62
C089192,5716.77,Returning,0.47,2686.88
C050310,3534.99,Loyal,0.76,2686.59
C016427,2797.92,VIP,0.96,2686.0
C094244,2917.27,VIP,0.92,2683.89
C093875,2738.52,Loyal,0.98,2683.75
C020267,3015.02,VIP,0.89,2683.37
C043785,6386.76,Loyal,0.42,2682.44
C058464,2682.14,VIP,1.0,2682.14
C081564,2707.67,VIP,0.99,2680.59
C067631,3572.06,New,0.75,2679.04
C095333,3720.2,Returning,0.72,2678.54
C049810,3667.76,VIP,0.73,2677.46
C013956,2875.92,New,0.93,2674.61
C054612,2784.61,VIP,0.96,2673.23
C088135,2698.5,Returning,0.99,2671.52
C092781,3423.76,New,0.78,2670.53
C088979,2931.83,Loyal,0.91,2667.97
C063744,2667.72,Loyal,1.0,2667.72
C014294,2837.15,Loyal,0.94,2666.92
C021616,2963.05,Returning,0.9,2666.75
C055260,2865.73,VIP,0.93,2665.13
C052459,2691.43,Returning,0.99,2664.52
C044830,2775.46,New,0.96,2664.44
C096564,2662.69,New,1.0,2662.69
C052865,2715.9,New,0.98,2661.58
C043673,3245.51,VIP,0.82,2661.32
C017907,5909.69,Returning,0.45,2659.36
C070033,11074.17,Loyal,0.24,2657.8
C035759,3240.9,New,0.82,2657.54
C050620,3019.27,VIP,0.88,2656.96
C085763,8852.83,New,0.3,2655.85
C010993,2825.02,VIP,0.94,2655.52
C052295,2706.8,New,0.98,2652.66
C009981,2881.79,VIP,0.92,2651.25
C075440,2758.68,Loyal,0.96,2648.33
C056337,2702.1,New,0.98,2648.06
C036075,2673.66,VIP,0.99,2646.92
C041641,22048.4,Loyal,0.12,2645.81
C024197,2971.63,Returning,0.89,2644.75
C045296,2670.42,Loyal,0.99,2643.72
C042450,3389.26,VIP,0.78,2643.62
C019541,3183.29,New,0.83,2642.13
C035124,2668.1,VIP,0.99,2641.42
C029870,2809.16,New,0.94,2640.61
C032582,2694.02,VIP,0.98,2640.14
C069995,2666.59,Loyal,0.99,2639.92
C085317,2749.83,VIP,0.96,2639.84
C005689,2867.43,VIP,0.92,2638.04
C046584,4058.43,Loyal,0.65,2637.98
C092834,2637.12,Returning,1.0,2637.12
C023278,2636.88,Returning,1.0,2636.88
C098351,6759.83,Returning,0.39,2636.33
C016580,2689.48,Loyal,0.98,2635.69
C039611,9087.93,Loyal,0.29,2635.5
C027382,4320.25,Loyal,0.61,2635.35
C025386,6263.38,VIP,0.42,2630.62
C040083,2629.72,Returning,1.0,2629.72
C002745,2629.67,New,1.0,2629.67
C096081,2655.51,VIP,0.99,2628.95
C093733,2738.18,VIP,0.96,2628.65
C006731,2736.86,New,0.96,2627.39
C037150,3127.47,New,0.84,2627.07
C028601,2626.97,VIP,1.0,2626.97
C000525,2653.13,Loyal,0.99,2626.6
C042273,4375.67,Loyal,0.6,2625.4
C042868,5354.95,VIP,0.49,2623.93
C021212,2882.79,New,0.91,2623.34
C006548,2622.84,New,1.0,2622.84
C077092,2676.34,Loyal,0.98,2622.81
C014321,2731.21,Returning,0.96,2621.96
C034848,2880.36,Loyal,0.91,2621.13
C020303,2620.62,Returning,1.0,2620.62
C091561,2943.79,VIP,0.89,2619.97
C012792,4030.01,Returning,0.65,2619.51
C075179,2618.87,New,1.0,2618.87
C073880,2754.67,Loyal,0.95,2616.94
C022024,5032.18,New,0.52,2616.73
C098232,3958.34,Loyal,0.66,2612.5
C048481,2638.81,New,0.99,2612.42
C063580,5673.02,VIP,0.46,2609.59
C093474,2718.25,VIP,0.96,2609.52
C036691,3143.34,Returning,0.83,2608.97
C094454,3068.75,Loyal,0.85,2608.44
C090142,2716.29,Loyal,0.96,2607.64
C035270,8146.78,Loyal,0.32,2606.97
C044525,2895.28,New,0.9,2605.75
C020175,3382.35,New,0.77,2604.41
C054316,15316.17,VIP,0.17,2603.75
C083399,2795.91,Loyal,0.93,2600.2
C095917,2597.79,Loyal,1.0,2597.79
C059045,3055.74,VIP,0.85,2597.38
C054744,2705.59,VIP,0.96,2597.37
C032595,2623.32,New,0.99,2597.09
C083456,3461.41,VIP,0.75,2596.06
C087217,5522.15,New,0.47,2595.41
C020798,2851.81,Returning,0.91,2595.15
C032170,2620.11,Loyal,0.99,2593.91
C093468,2946.65,Returning,0.88,2593.05
C061042,2881.02,Loyal,0.9,2592.92
C013971,3013.37,VIP,0.86,2591.5
C090935,11778.25,New,0.22,2591.22
C043248,2615.95,Returning,0.99,2589.79
C075861,2640.6,Returning,0.98,2587.79
C000103,2722.66,Returning,0.95,2586.53
C049902,2585.88,Returning,1.0,2585.88
C084216,2665.83,Loyal,0.97,2585.86
C070807,5169.47,Returning,0.5,2584.74
C034132,2610.72,New,0.99,2584.61
C072623,2748.31,VIP,0.94,2583.41
C097208,4100.09,New,0.63,2583.06
C069370,15192.67,New,0.17,2582.75
C073768,2662.41,Returning,0.97,2582.54
C063707,2581.78,Returning,1.0,2581.78
C096084,4033.34,Loyal,0.64,2581.34
C052555,2900.3,Loyal,0.89,2581.27
C070929,2630.9,New,0.98,2578.28
C063860,2685.7,Loyal,0.96,2578.27
C038443,2683.36,Loyal,0.96,2576.03
C085485,2738.26,Loyal,0.94,2573.96
C098675,2573.43,New,1.0,2573.43
C055375,2597.64,Returning,0.99,2571.66
C018882,7561.58,Loyal,0.34,2570.94
C070990,2647.05,VIP,0.97,2567.64
C031012,2593.21,New,0.99,2567.28
C088879,23322.62,Returning,0.11,2565.49
C018143,2644.23,Returning,0.97,2564.9
C095636,2728.09,New,0.94,2564.4
C095753,2727.83,Returning,0.94,2564.16
C067733,9495.82,VIP,0.27,2563.87
C044069,2558.7,New,1.0,2558.7
C082698,2665.29,New,0.96,2558.68
C038858,12182.09,Loyal,0.21,2558.24
C064869,3236.18,VIP,0.79,2556.58
C089645,11113.79,New,0.23,2556.17
C019350,3931.39,Loyal,0.65,2555.4
C090912,5109.31,VIP,0.5,2554.66
C050464,2776.1,VIP,0.92,2554.01
C023628,2551.65,Loyal,1.0,2551.65
C031249,3443.41,New,0.74,2548.12
C088366,4109.38,New,0.62,2547.82
C084624,11574.06,Returning,0.22,2546.29
C087224,2679.67,New,0.95,2545.69
C091873,2827.23,New,0.9,2544.51
C016047,2543.3,Returning,1.0,2543.3
C031647,3682.46,Returning,0.69,2540.9
C035877,7255.91,New,0.35,2539.57
C048332,3789.14,Returning,0.67,2538.72
C027543,2950.82,Loyal,0.86,2537.71
C061627,6854.47,VIP,0.37,2536.15
C011777,3728.23,Returning,0.68,2535.2
C083816,2695.65,Returning,0.94,2533.91
C086494,2583.29,Loyal,0.98,2531.62
C049020,2692.43,Returning,0.94,2530.88
C083278,2750.91,New,0.92,2530.84
C018068,2582.05,New,0.98,2530.41
C061148,2750.32,VIP,0.92,2530.29
C020067,2526.99,Returning,1.0,2526.99
C023466,2604.85,New,0.97,2526.7
C013932,3608.54,New,0.7,2525.98
C034606,2576.73,Returning,0.98,2525.2
C016420,2833.92,New,0.89,2522.19
C096063,5728.7,VIP,0.44,2520.63
C075099,2519.15,Returning,1.0,2519.15
C009976,2623.92,Returning,0.96,2518.96
C042788,2544.32,New,0.99,2518.88
C038355,2543.9,New,0.99,2518.46
C039440,2623.29,Loyal,0.96,2518.36
C054598,2569.38,New,0.98,2517.99
C068003,2569.22,Returning,0.98,2517.84
C002448,2517.79,Returning,1.0,2517.79
C079892,2893.65,Returning,0.87,2517.48
C056508,2734.64,Returning,0.92,2515.87
C080446,2540.88,Returning,0.99,2515.47
C075958,2619.22,Loyal,0.96,2514.45
C070558,2539.52,Returning,0.99,2514.12
C016395,2565.39,Returning,0.98,2514.08
C085944,2538.03,Loyal,0.99,2512.65
C084853,2643.21,New,0.95,2511.05
C063300,2758.79,Loyal,0.91,2510.5
C000615,2535.43,Returning,0.99,2510.08
C001071,2587.27,Loyal,0.97,2509.65
C032383,5016.73,New,0.5,2508.36
C028989,2610.11,Returning,0.96,2505.71
C057489,5113.5,VIP,0.49,2505.61
C047644,2528.22,Returning,0.99,2502.94
C043973,2501.16,New,1.0,2501.16
C031428,2604.76,VIP,0.96,2500.57
C094385,2687.8,VIP,0.93,2499.65
C078253,2523.61,New,0.99,2498.37
C051155,3330.4,VIP,0.75,2497.8
C040624,2742.17,VIP,0.91,2495.37
C000964,3041.65,Loyal,0.82,2494.15
C078446,2493.44,VIP,1.0,2493.44
C061709,3115.88,Returning,0.8,2492.7
C037848,4984.96,VIP,0.5,2492.48
C070209,2492.29,New,1.0,2492.29
C083864,2517.06,New,0.99,2491.89
C054752,4294.65,VIP,0.58,2490.9
C022262,2893.7,Loyal,0.86,2488.58
C093482,2704.07,VIP,0.92,2487.74
C021593,4784.12,Returning,0.52,2487.74
C047494,2538.45,Loyal,0.98,2487.68
C013275,2560.71,New,0.97,2483.89
C047089,3761.55,VIP,0.66,2482.62
C001863,2533.06,Loyal,0.98,2482.4
C097594,2584.01,VIP,0.96,2480.65
C043072,5512.18,Returning,0.45,2480.48
C098564,2582.82,Loyal,0.96,2479.51
C013416,3873.34,New,0.64,2478.94
C048531,2609.34,Returning,0.95,2478.87
C047514,2503.88,New,0.99,2478.84
C000863,2478.81,Returning,1.0,2478.81
C009992,2477.46,New,1.0,2477.46
C099506,10761.12,New,0.23,2475.06
C016097,2499.66,VIP,0.99,2474.66
C049369,2474.01,Loyal,1.0,2474.01
C001470,2842.49,Returning,0.87,2472.97
C039668,17653.28,Loyal,0.14,2471.46
C041536,2521.86,Returning,0.98,2471.42
C093264,2774.99,Returning,0.89,2469.74
C036911,3739.22,Returning,0.66,2467.89
C000924,2518.16,Loyal,0.98,2467.8
C014410,3917.07,New,0.63,2467.75
C075301,2868.92,New,0.86,2467.27
C065358,2467.27,New,1.0,2467.27
C093354,3083.22,VIP,0.8,2466.58
C013155,2465.87,New,1.0,2465.87
C071934,2541.77,Loyal,0.97,2465.52
C007173,2464.27,VIP,1.0,2464.27
C098612,2932.71,Returning,0.84,2463.48
C095256,3672.31,Loyal,0.67,2460.45
C067503,2510.19,VIP,0.98,2459.99
C028327,6830.85,New,0.36,2459.11
C060847,2483.73,New,0.99,2458.89
C079380,4097.02,VIP,0.6,2458.21
C082715,2532.24,New,0.97,2456.27
C088058,2531.94,New,0.97,2455.98
C038266,2724.66,Loyal,0.9,2452.19
C062372,2665.33,New,0.92,2452.1
C005032,2851.25,New,0.86,2452.07
C034024,2605.32,Loyal,0.94,2449.0
C045727,2605.19,VIP,0.94,2448.88
C075831,2524.44,VIP,0.97,2448.71
C055516,2661.4,New,0.92,2448.49
C078204,2447.4,VIP,1.0,2447.4
C015479,3446.88,New,0.71,2447.28
C083440,2602.92,New,0.94,2446.74
C008019,2599.38,Returning,0.94,2443.42
C080727,2492.11,New,0.98,2442.27
C019777,2624.82,New,0.93,2441.08
C006176,6972.72,Loyal,0.35,2440.45
C078359,2439.74,Loyal,1.0,2439.74
C091691,2650.71,Returning,0.92,2438.65
C072086,5670.91,New,0.43,2438.49
C031611,2462.71,Loyal,0.99,2438.08
C002475,5078.88,New,0.48,2437.86
C065731,2539.43,VIP,0.96,2437.85
C028090,3868.87,Returning,0.63,2437.39
C036306,3926.71,VIP,0.62,2434.56
C034224,5660.94,Loyal,0.43,2434.2
C047348,2589.26,New,0.94,2433.9
C064544,3120.26,Returning,0.78,2433.8
C043237,2862.11,Returning,0.85,2432.79
C018210,2480.81,New,0.98,2431.19
C059123,2431.11,VIP,1.0,2431.11
C068415,2891.64,VIP,0.84,2428.98
C075766,3154.26,VIP,0.77,2428.78
C093521,2529.53,Loyal,0.96,2428.35
C064602,4495.71,VIP,0.54,2427.68
C091495,2889.87,New,0.84,2427.49
C024073,2426.96,Loyal,1.0,2426.96
C057477,2475.57,Loyal,0.98,2426.06
C086636,16167.2,New,0.15,2425.08
C096080,2449.11,Returning,0.99,2424.62
C037332,2635.32,Loyal,0.92,2424.49
C075773,2576.98,VIP,0.94,2422.36
C027238,2522.75,VIP,0.96,2421.84
C065085,2542.31,New,0.95,2415.19
C056455,2514.1,Loyal,0.96,2413.54
C074221,3133.75,Returning,0.77,2412.99
C059956,2941.8,New,0.82,2412.28
C083371,3768.65,VIP,0.64,2411.94
C097468,2650.1,Loyal,0.91,2411.59
C056385,2411.08,Loyal,1.0,2411.08
C072827,3595.79,Returning,0.67,2409.18
C004320,2590.31,Loyal,0.93,2408.99
C014026,2483.31,New,0.97,2408.81
C064781,10028.92,Loyal,0.24,2406.94
C029763,3208.74,Loyal,0.75,2406.55
C006749,2702.6,Returning,0.89,2405.31
C005541,3294.52,Returning,0.73,2405.0
C049143,2731.54,New,0.88,2403.76
C035873,2699.49,VIP,0.89,2402.55
C078622,5103.87,Loyal,0.47,2398.82
C098598,2397.52,Loyal,1.0,2397.52
C002528,2549.01,New,0.94,2396.07
C043321,3630.04,New,0.66,2395.83
C026964,2467.42,VIP,0.97,2393.4
C019235,2417.44,Loyal,0.99,2393.27
C021563,2492.11,New,0.96,2392.43
C074760,11952.62,VIP,0.2,2390.52
C097024,2413.69,Returning,0.99,2389.55
C045366,2462.75,VIP,0.97,2388.87
C062940,13269.92,VIP,0.18,2388.59
C024007,2594.27,VIP,0.92,2386.73
C051706,2485.88,Returning,0.96,2386.44
C010849,3669.01,Loyal,0.65,2384.86
C003338,2944.23,Returning,0.81,2384.83
C042993,2939.86,New,0.81,2381.29
C073038,19823.77,New,0.12,2378.85
C062834,2402.75,New,0.99,2378.72
C025968,5798.68,Loyal,0.41,2377.46
C025866,2763.78,Returning,0.86,2376.85
C090904,2400.7,Returning,0.99,2376.69
C009087,2555.5,Returning,0.93,2376.62
C083016,2400.42,Returning,0.99,2376.42
C084352,2555.21,VIP,0.93,2376.35
C088512,2449.24,New,0.97,2375.76
C026356,2374.8,VIP,1.0,2374.8
C097999,8478.87,Loyal,0.28,2374.08
C014953,2637.65,Loyal,0.9,2373.89
C038092,2373.14,Returning,1.0,2373.14
C012515,2471.72,New,0.96,2372.85
C027725,2372.74,New,1.0,2372.74
C091853,2858.58,Returning,0.83,2372.62
C085031,2445.9,VIP,0.97,2372.52
C063458,2396.46,New,0.99,2372.5
C073940,2497.28,Loyal,0.95,2372.42
C036571,2370.62,New,1.0,2370.62
C095986,2495.28,Loyal,0.95,2370.52
C051421,2787.33,New,0.85,2369.23
C030850,3759.73,VIP,0.63,2368.63
C022375,2492.99,Returning,0.95,2368.34
C053906,2441.03,New,0.97,2367.8
C047715,2390.85,New,0.99,2366.94
C016189,2365.95,VIP,1.0,2365.95
C043489,2413.6,Loyal,0.98,2365.33
C062819,2413.11,Loyal,0.98,2364.85
C001388,4145.54,Loyal,0.57,2362.96
C042807,2567.13,VIP,0.92,2361.76
C042612,9834.42,Loyal,0.24,2360.26
C014525,3805.49,New,0.62,2359.4
C060537,3275.31,Loyal,0.72,2358.22
C057409,2358.04,Returning,1.0,2358.04
C081631,2381.57,Loyal,0.99,2357.75
C038851,2357.71,Loyal,1.0,2357.71
C088590,2455.8,VIP,0.96,2357.57
C037391,2380.87,VIP,0.99,2357.06
C071383,2507.3,VIP,0.94,2356.86
C053471,2648.07,Returning,0.89,2356.78
C014486,2379.93,Loyal,0.99,2356.13
C088284,2378.85,Loyal,0.99,2355.06
C026566,2504.04,Returning,0.94,2353.8
C003002,2978.73,New,0.79,2353.2
C000520,3511.92,VIP,0.67,2352.99
C010956,2476.07,VIP,0.95,2352.27
C003255,3358.32,Returning,0.7,2350.82
C054664,2640.9,Returning,0.89,2350.4
C052820,2447.13,Loyal,0.96,2349.24
C066846,2420.78,Returning,0.97,2348.16
C086258,2395.85,Returning,0.98,2347.93
C048090,3129.81,VIP,0.75,2347.36
C039983,3047.58,Returning,0.77,2346.64
C052367,2444.2,New,0.96,2346.43
C050033,2346.26,Loyal,1.0,2346.26
C052275,7567.86,VIP,0.31,2346.04
C066861,2417.66,New,0.97,2345.13
C001752,3550.76,Loyal,0.66,2343.5
C074064,2390.84,Loyal,0.98,2343.02
C071404,2465.97,Loyal,0.95,2342.67
C063053,2390.43,Returning,0.98,2342.62
C095472,2390.2,Loyal,0.98,2342.4
C024156,2631.0,VIP,0.89,2341.59
C076693,2340.8,Loyal,1.0,2340.8
C079524,2438.04,Loyal,0.96,2340.52
C034819,3119.14,Returning,0.75,2339.36
C040372,2599.03,New,0.9,2339.13
C096193,2436.42,VIP,0.96,2338.96
C028602,2360.44,VIP,0.99,2336.84
C084534,2360.15,VIP,0.99,2336.55
C086059,4966.6,Loyal,0.47,2334.3
C078689,2456.3,Returning,0.95,2333.48
C066782,4487.32,Returning,0.52,2333.41
C056289,2356.58,VIP,0.99,2333.01
C055909,2380.44,New,0.98,2332.83
C059951,2355.85,Returning,0.99,2332.29
C015268,2332.01,New,1.0,2332.01
C034718,2354.23,VIP,0.99,2330.69
C074787,2708.6,New,0.86,2329.4
C031084,2376.79,Returning,0.98,2329.25
C092735,12940.13,New,0.18,2329.22
C022175,2587.79,VIP,0.9,2329.01
C008865,3472.32,Returning,0.67,2326.45
C067522,2325.63,Loyal,1.0,2325.63
C045554,2801.49,Returning,0.83,2325.24
C056519,2372.58,New,0.98,2325.13
C087804,2348.09,Returning,0.99,2324.61
C082860,2324.04,VIP,1.0,2324.04
C018216,2446.06,Returning,0.95,2323.76
C015725,2346.64,Loyal,0.99,2323.17
C009574,4835.34,VIP,0.48,2320.96
C001349,2416.07,Loyal,0.96,2319.43
C060200,2727.62,Returning,0.85,2318.48
C006925,2793.06,New,0.83,2318.24
C027080,2389.85,Returning,0.97,2318.15
C019571,2341.15,VIP,0.99,2317.74
C044535,2387.59,VIP,0.97,2315.96
C033559,2544.41,New,0.91,2315.41
C093047,2435.9,VIP,0.95,2314.1
C001147,2314.1,New,1.0,2314.1
C004813,2542.67,Returning,0.91,2313.83
C067387,3044.21,VIP,0.76,2313.6
C091958,25697.33,Returning,0.09,2312.76
C082474,2459.18,Returning,0.94,2311.63
C086483,2484.3,Returning,0.93,2310.4
C060742,2332.22,Returning,0.99,2308.9
C060781,2331.95,Loyal,0.99,2308.63
C074381,4048.4,Loyal,0.57,2307.59
C050425,2329.8,New,0.99,2306.5
C017552,2305.42,New,1.0,2305.42
C061276,2304.8,Loyal,1.0,2304.8
C057398,2503.7,VIP,0.92,2303.4
C070763,6398.27,Returning,0.36,2303.38
C033918,2347.38,Loyal,0.98,2300.43
C001231,2299.69,VIP,1.0,2299.69
C089957,5110.3,Loyal,0.45,2299.64
C075563,2345.61,Returning,0.98,2298.7
C035115,2642.09,Loyal,0.87,2298.62
C079277,2445.12,Returning,0.94,2298.41
C037557,2290.9,Loyal,1.0,2290.9
C096742,6190.74,Returning,0.37,2290.57
C024955,8176.4,New,0.28,2289.39
C059624,2515.35,Loyal,0.91,2288.97
C006542,2540.5,Returning,0.9,2286.45
C043524,4853.39,New,0.47,2281.09
C073990,2533.57,Returning,0.9,2280.21
C009921,2326.22,New,0.98,2279.7
C019839,2279.56,Returning,1.0,2279.56
C098956,2922.28,Returning,0.78,2279.38
C094932,2399.06,New,0.95,2279.11
C005235,11990.98,Returning,0.19,2278.29
C089822,2323.94,VIP,0.98,2277.46
C042176,3398.17,New,0.67,2276.77
C024096,3793.5,Returning,0.6,2276.1
C029522,2809.74,Loyal,0.81,2275.89
C011792,2320.02,Loyal,0.98,2273.62
C083944,2642.81,Loyal,0.86,2272.82
C054394,2343.1,Loyal,0.97,2272.81
C095836,2294.74,Loyal,0.99,2271.79
C068782,2291.47,New,0.99,2268.56
C011590,2288.59,Loyal,0.99,2265.7
C072536,2570.86,New,0.88,2262.36
C018703,2600.22,Returning,0.87,2262.19
C073358,2307.89,Returning,0.98,2261.73
C047303,2260.76,New,1.0,2260.76
C095207,2260.68,VIP,1.0,2260.68
C063331,2259.74,VIP,1.0,2259.74
C004544,7282.68,Loyal,0.31,2257.63
C090629,7054.59,Loyal,0.32,2257.47
C013766,2818.13,Loyal,0.8,2254.5
C097730,2254.34,VIP,1.0,2254.34
C030949,2300.34,New,0.98,2254.33
C075339,2275.37,Loyal,0.99,2252.62
C033112,2296.16,Loyal,0.98,2250.24
C000832,2445.25,New,0.92,2249.63
C051984,2776.91,Returning,0.81,2249.3
C056892,2271.46,Loyal,0.99,2248.75
C062265,2248.6,Returning,1.0,2248.6
C053661,2293.59,Loyal,0.98,2247.72
C027186,3353.2,New,0.67,2246.64
C046879,2364.49,New,0.95,2246.27
C007209,2337.9,New,0.96,2244.38
C053382,5608.31,Loyal,0.4,2243.32
C051566,2360.0,New,0.95,2242.0
C031491,14914.7,Returning,0.15,2237.2
C014248,2236.8,VIP,1.0,2236.8
C020866,2378.27,Returning,0.94,2235.57
C050359,2255.94,VIP,0.99,2233.38
C030503,27891.61,VIP,0.08,2231.33
C056647,2348.2,New,0.95,2230.79
C068427,2252.77,VIP,0.99,2230.24
C007731,4954.2,Loyal,0.45,2229.39
C027457,2296.96,Loyal,0.97,2228.05
C020165,3906.42,New,0.57,2226.66
C031949,2271.86,Loyal,0.98,2226.42
C031467,2248.14,Loyal,0.99,2225.66
C099955,2225.11,VIP,1.0,2225.11
C004605,2366.94,New,0.94,2224.92
C097619,2292.87,Loyal,0.97,2224.08
C088750,2366.01,New,0.94,2224.05
C096491,2390.28,Returning,0.93,2222.96
C021143,3704.66,Loyal,0.6,2222.8
C091590,3001.25,New,0.74,2220.93
C028779,2288.99,New,0.97,2220.32
C066954,2288.59,VIP,0.97,2219.93
C024909,2336.43,Returning,0.95,2219.61
C035797,22190.59,Returning,0.1,2219.06
C033880,2311.43,Returning,0.96,2218.97
C042660,2919.54,VIP,0.76,2218.85
C021078,2287.24,Returning,0.97,2218.62
C088401,2549.94,VIP,0.87,2218.45
C053660,2286.42,Returning,0.97,2217.83
C025416,2216.46,Returning,1.0,2216.46
C098358,2215.78,Loyal,1.0,2215.78
C082683,2235.49,New,0.99,2213.14
C050195,2328.77,VIP,0.95,2212.33
C030782,5672.26,New,0.39,2212.18
C073369,5978.4,Returning,0.37,2212.01
C037393,2234.2,VIP,0.99,2211.86
C099398,2428.91,Returning,0.91,2210.31
C017248,2232.61,Loyal,0.99,2210.28
C091093,2599.73,VIP,0.85,2209.77
C030702,11628.05,VIP,0.19,2209.33
C065971,2231.61,New,0.99,2209.29
C026550,2375.16,Loyal,0.93,2208.9
C012753,2349.31,VIP,0.94,2208.35
C007970,2229.04,VIP,0.99,2206.75
C015207,2228.27,New,0.99,2205.99
C001058,2589.09,Loyal,0.85,2200.73
C034587,2291.02,Returning,0.96,2199.38
C041648,2338.75,VIP,0.94,2198.42
C064194,2197.1,Returning,1.0,2197.1
C030823,2525.07,New,0.87,2196.81
C049198,2194.78,Loyal,1.0,2194.78
C046407,2309.83,Loyal,0.95,2194.34
C016324,10448.78,New,0.21,2194.24
C050381,2285.51,Loyal,0.96,2194.09
C022644,12185.46,Returning,0.18,2193.38
C020628,2383.91,VIP,0.92,2193.2
C008038,2215.3,Loyal,0.99,2193.15
C061661,2193.04,VIP,1.0,2193.04
C095445,2610.0,Loyal,0.84,2192.4
C032580,12175.16,Returning,0.18,2191.53
C008093,9525.87,Returning,0.23,2190.95
C072346,3981.26,VIP,0.55,2189.69
C051464,2256.31,New,0.97,2188.62
C013536,2210.55,Returning,0.99,2188.44
C047759,2327.91,VIP,0.94,2188.24
C012692,3473.2,Loyal,0.63,2188.12
C039419,2733.96,VIP,0.8,2187.17
C009141,2186.79,Returning,1.0,2186.79
C041472,2277.5,New,0.96,2186.4
C040782,2229.32,VIP,0.98,2184.73
C067479,3032.31,VIP,0.72,2183.26
C073601,2246.42,New,0.97,2179.03
C055696,2268.76,New,0.96,2178.01
C038677,2827.27,VIP,0.77,2177.0
C007618,2198.9,VIP,0.99,2176.91
C078120,2220.77,Returning,0.98,2176.35
C084872,2241.78,Loyal,0.97,2174.53
C039050,2196.23,Loyal,0.99,2174.27
C048228,2441.31,Loyal,0.89,2172.77
C044604,21725.6,Loyal,0.1,2172.56
C013520,2358.25,Returning,0.92,2169.59
C083132,2283.67,Returning,0.95,2169.49
C013812,2332.7,New,0.93,2169.41
C099539,2283.19,New,0.95,2169.03
C067955,2408.38,Returning,0.9,2167.54
C016069,2257.58,Loyal,0.96,2167.28
C072914,2279.76,Returning,0.95,2165.77
C015293,2379.23,New,0.91,2165.1
C093386,2545.48,New,0.85,2163.66
C021899,3727.13,New,0.58,2161.74
C037819,2202.34,Returning,0.98,2158.29
C072642,2452.4,Loyal,0.88,2158.11
C070458,2996.85,Loyal,0.72,2157.73
C008486,2369.6,Returning,0.91,2156.34
C011322,2245.09,Returning,0.96,2155.29
C002087,2245.08,VIP,0.96,2155.28
C048467,2155.08,Loyal,1.0,2155.08
C013209,2199.04,Returning,0.98,2155.06
C099477,2154.7,VIP,1.0,2154.7
C016039,2220.99,VIP,0.97,2154.36
C007738,2173.97,VIP,0.99,2152.23
C080797,2150.93,New,1.0,2150.93
C039624,3070.94,Returning,0.7,2149.66
C028585,2528.46,New,0.85,2149.19
C036781,2215.6,Returning,0.97,2149.13
C021164,4884.19,VIP,0.44,2149.04
C020446,2149.01,VIP,1.0,2149.01
C034629,2170.69,Returning,0.99,2148.98
C052094,2414.55,New,0.89,2148.95
C003892,3113.81,New,0.69,2148.53
C009130,4212.61,Loyal,0.51,2148.43
C039248,2261.31,Loyal,0.95,2148.24
C075795,2526.68,VIP,0.85,2147.68
C059340,5963.33,Returning,0.36,2146.8
C047945,2212.07,VIP,0.97,2145.71
C098114,14304.51,New,0.15,2145.68
C014825,2167.15,VIP,0.99,2145.48
C043217,2189.27,Returning,0.98,2145.48
C069806,2231.69,VIP,0.96,2142.42
C022322,2163.31,VIP,0.99,2141.68
C060928,2277.04,Loyal,0.94,2140.42
C099908,2182.64,VIP,0.98,2138.99
C058584,2251.38,Loyal,0.95,2138.81
C067150,2159.62,New,0.99,2138.02
C049586,2158.97,Returning,0.99,2137.38
C002892,15250.0,Returning,0.14,2135.0
C089484,15243.18,VIP,0.14,2134.05
C025390,2177.08,VIP,0.98,2133.54
C072201,2960.94,Loyal,0.72,2131.88
C051634,2152.89,Loyal,0.99,2131.36
C077511,2151.36,New,0.99,2129.85
C088718,2877.87,New,0.74,2129.62
C031061,2194.55,New,0.97,2128.71
C020428,2217.4,Loyal,0.96,2128.7
C072860,2474.46,Loyal,0.86,2128.04
C067100,13298.32,Loyal,0.16,2127.73
C065190,2148.22,VIP,0.99,2126.74
C089274,2126.5,Returning,1.0,2126.5
C013365,2530.49,VIP,0.84,2125.61
C077944,3125.08,New,0.68,2125.05
C034245,2165.42,Loyal,0.98,2122.11
C069529,2257.29,Loyal,0.94,2121.85
C090027,2791.46,Returning,0.76,2121.51
C069972,26499.05,Loyal,0.08,2119.92
C068901,2648.62,Loyal,0.8,2118.9
C003017,2354.05,VIP,0.9,2118.65
C028665,2277.99,New,0.93,2118.53
C023806,2117.53,Loyal,1.0,2117.53
C028160,2202.77,Returning,0.96,2114.66
C075328,2249.61,New,0.94,2114.63
C037853,2202.47,Returning,0.96,2114.37
C071939,2157.42,VIP,0.98,2114.27
C019475,2134.55,Loyal,0.99,2113.2
C064274,2271.76,VIP,0.93,2112.74
C093084,2200.26,Loyal,0.96,2112.25
C035641,2295.8,New,0.92,2112.14
C025341,15084.36,VIP,0.14,2111.81
C072283,2154.36,Returning,0.98,2111.27
C097717,2671.85,VIP,0.79,2110.76
C062237,2638.1,VIP,0.8,2110.48
C054268,2153.27,VIP,0.98,2110.2
C099132,2130.06,VIP,0.99,2108.76
C049262,2422.38,Returning,0.87,2107.47
C066460,3096.63,Returning,0.68,2105.71
C022388,2148.48,VIP,0.98,2105.51
C011693,2535.94,Loyal,0.83,2104.83
C001842,2262.9,VIP,0.93,2104.5
C020536,2213.91,Returning,0.95,2103.21
C076252,2595.35,New,0.81,2102.23
C046715,2102.14,VIP,1.0,2102.14
C004624,2121.85,Returning,0.99,2100.63
C082106,3043.67,Loyal,0.69,2100.13
C099179,2121.16,VIP,0.99,2099.95
C021190,2141.56,VIP,0.98,2098.73
C015808,2119.26,Loyal,0.99,2098.07
C012899,2329.62,VIP,0.9,2096.66
C080490,2095.89,Returning,1.0,2095.89
C050270,4657.11,VIP,0.45,2095.7
C043009,2157.38,VIP,0.97,2092.66
C056599,2551.06,Returning,0.82,2091.87
C064234,2112.82,New,0.99,2091.69
C040148,3217.26,VIP,0.65,2091.22
C041056,2402.56,Returning,0.87,2090.23
C043515,2088.23,VIP,1.0,2088.23
C017100,2641.53,Returning,0.79,2086.81
C028103,2084.85,Loyal,1.0,2084.85
C042508,2104.73,Loyal,0.99,2083.68
C028677,2572.04,Loyal,0.81,2083.35
C072193,2123.5,Returning,0.98,2081.03
C008184,2143.85,VIP,0.97,2079.53
C081712,3998.57,Loyal,0.52,2079.26
C095415,2474.06,Returning,0.84,2078.21
C002955,4831.81,Loyal,0.43,2077.68
C028442,2097.24,New,0.99,2076.27
C044724,2357.98,Returning,0.88,2075.02
C094265,2095.3,Loyal,0.99,2074.35
C054043,2205.18,Loyal,0.94,2072.87
C020264,14804.72,VIP,0.14,2072.66
C001676,2623.38,VIP,0.79,2072.47
C065183,2181.18,Loyal,0.95,2072.12
C096984,12950.53,New,0.16,2072.08
C069293,2135.91,Returning,0.97,2071.83
C055117,2325.96,VIP,0.89,2070.1
C071922,2111.34,Loyal,0.98,2069.11
C021790,2068.64,Returning,1.0,2068.64
C041869,2131.59,Loyal,0.97,2067.64
C044919,2109.76,VIP,0.98,2067.56
C002779,2793.54,VIP,0.74,2067.22
C088891,2130.02,Returning,0.97,2066.12
C047726,2374.7,VIP,0.87,2065.99
C020365,2129.65,VIP,0.97,2065.76
C024456,2828.8,VIP,0.73,2065.02
C023638,2064.52,VIP,1.0,2064.52
C044797,2548.49,Returning,0.81,2064.28
C013465,2172.64,VIP,0.95,2064.01
C080609,3557.5,New,0.58,2063.35
C028551,2104.49,Loyal,0.98,2062.4
C052468,2104.21,New,0.98,2062.13
C022274,2082.55,VIP,0.99,2061.72
C061574,11452.44,Returning,0.18,2061.44
C082158,2712.1,New,0.76,2061.2
C098941,2396.72,New,0.86,2061.18
C053444,2146.64,New,0.96,2060.77
C056762,2101.2,Loyal,0.98,2059.18
C078033,3119.86,New,0.66,2059.11
C046146,2366.13,VIP,0.87,2058.53
C047221,2121.8,New,0.97,2058.15
C091066,3428.13,Returning,0.6,2056.88
C045384,2419.74,New,0.85,2056.78
C091411,3316.42,Returning,0.62,2056.18
C076502,2187.02,Returning,0.94,2055.8
C058526,3669.11,New,0.56,2054.7
C087811,10267.85,New,0.2,2053.57
C058112,2137.24,Loyal,0.96,2051.75
C043546,7889.86,Loyal,0.26,2051.36
C069479,2134.48,New,0.96,2049.1
C071620,2225.17,Returning,0.92,2047.16
C002034,2109.86,Returning,0.97,2046.56
C022289,2086.93,VIP,0.98,2045.19
C090294,2271.4,New,0.9,2044.26
C064220,2174.33,Returning,0.94,2043.87
C010207,8514.84,New,0.24,2043.56
C055377,5523.02,Loyal,0.37,2043.52
C077993,2585.53,VIP,0.79,2042.57
C089460,2062.07,VIP,0.99,2041.45
C031591,2102.48,Returning,0.97,2039.41
C053930,2578.66,Returning,0.79,2037.14
C076648,2340.8,VIP,0.87,2036.5
C050715,2098.17,Returning,0.97,2035.22
C062545,2096.86,Loyal,0.97,2033.95
C050442,2075.06,VIP,0.98,2033.56
C016317,2074.14,Returning,0.98,2032.66
C057512,2094.19,New,0.97,2031.36
C006291,2943.32,Returning,0.69,2030.89
C032395,2093.21,Returning,0.97,2030.41
C000475,2899.69,Loyal,0.7,2029.78
C036996,2536.99,Returning,0.8,2029.59
C098357,2205.61,New,0.92,2029.16
C067142,2181.69,Returning,0.93,2028.97
C052277,2204.89,Returning,0.92,2028.5
C062904,2090.72,VIP,0.97,2028.0
C012726,4223.22,VIP,0.48,2027.15
C078703,2302.24,Loyal,0.88,2025.97
C042644,2299.06,Returning,0.88,2023.17
C000699,2022.86,Loyal,1.0,2022.86
C056984,2063.94,Returning,0.98,2022.66
C056515,2888.41,VIP,0.7,2021.89
C092062,2062.98,VIP,0.98,2021.72
C076354,2060.91,New,0.98,2019.69
C009688,2059.89,New,0.98,2018.69
C051203,2017.53,Returning,1.0,2017.53
C045400,2015.87,Loyal,1.0,2015.87
C031781,2035.68,Returning,0.99,2015.32
C056114,2054.09,Returning,0.98,2013.01
C094213,2096.84,Loyal,0.96,2012.97
C022190,2187.88,VIP,0.92,2012.85
C001859,2211.88,New,0.91,2012.81
C054449,2032.84,Returning,0.99,2012.51
C049922,5438.86,New,0.37,2012.38
C062247,2011.56,New,1.0,2011.56
C092403,8045.67,New,0.25,2011.42
C053290,4021.6,Returning,0.5,2010.8
C009275,4184.76,Returning,0.48,2008.68
C053039,6686.72,Returning,0.3,2006.02
C005035,5014.91,Loyal,0.4,2005.96
C066290,2046.89,Loyal,0.98,2005.95
C046006,3581.55,New,0.56,2005.67
C035374,2156.48,Returning,0.93,2005.53
C095676,2046.13,New,0.98,2005.21
C035328,3084.91,New,0.65,2005.19
C030066,13366.71,New,0.15,2005.01
C094797,6908.94,New,0.29,2003.59
C070944,5414.08,New,0.37,2003.21
C053860,2022.66,New,0.99,2002.43
C017874,2085.86,Loyal,0.96,2002.43
C060626,2198.36,Loyal,0.91,2000.51
C069449,2499.04,Returning,0.8,1999.23
C088236,2017.83,New,0.99,1997.65
C094658,2037.85,New,0.98,1997.09
C084280,2194.32,New,0.91,1996.83
C075076,2036.72,Loyal,0.98,1995.99
C050104,1994.94,VIP,1.0,1994.94
C076623,4071.29,Returning,0.49,1994.93
C078484,2015.05,New,0.99,1994.9
C027235,2035.52,New,0.98,1994.81
C091045,2011.59,VIP,0.99,1991.47
C003176,2188.01,VIP,0.91,1991.09
C013028,3432.16,Loyal,0.58,1990.65
C036150,6219.66,New,0.32,1990.29
C075370,2970.28,VIP,0.67,1990.09
C029381,2136.39,VIP,0.93,1986.84
C007302,2112.34,VIP,0.94,1985.6
C080926,2158.03,Returning,0.92,1985.39
C029090,7939.06,New,0.25,1984.76
C066623,2132.85,Returning,0.93,1983.55
C030964,2509.23,New,0.79,1982.29
C002517,2043.32,Loyal,0.97,1982.02
C079129,2064.57,Loyal,0.96,1981.99
C003822,1981.54,VIP,1.0,1981.54
C073842,2021.11,VIP,0.98,1980.69
C040299,2787.48,VIP,0.71,1979.11
C013660,2603.93,New,0.76,1978.99
C042456,2326.14,VIP,0.85,1977.22
C084351,2034.2,Returning,0.97,1973.17
C043092,2077.01,Loyal,0.95,1973.16
C084023,2054.51,VIP,0.96,1972.33
C070041,2097.56,VIP,0.94,1971.71
C035737,1971.06,Loyal,1.0,1971.06
C087931,2008.35,VIP,0.98,1968.18
C087338,3279.66,VIP,0.6,1967.8
C058263,1966.62,Loyal,1.0,1966.62
C044834,2004.56,Returning,0.98,1964.47
C096853,2024.55,Returning,0.97,1963.81
C051263,10332.61,Loyal,0.19,1963.2
C095328,2133.25,Returning,0.92,1962.59
C050243,8176.96,Returning,0.24,1962.47
C086128,1981.54,Loyal,0.99,1961.72
C056753,4456.28,Returning,0.44,1960.76
C048222,5766.08,Loyal,0.34,1960.47
C073282,3212.63,VIP,0.61,1959.7
C064002,2059.46,New,0.95,1956.49
C040896,1956.27,New,1.0,1956.27
C091126,3556.66,Returning,0.55,1956.16
C075574,2793.38,New,0.7,1955.37
C040341,1974.93,New,0.99,1955.18
C045129,2057.63,Loyal,0.95,1954.75
C010613,2298.54,Loyal,0.85,1953.76
C080385,1973.47,New,0.99,1953.74
C056718,2638.28,VIP,0.74,1952.33
C093249,2054.58,VIP,0.95,1951.85
C017495,2192.66,VIP,0.89,1951.47
C073206,3096.07,VIP,0.63,1950.52
C040212,1949.76,VIP,1.0,1949.76
C051626,4427.35,VIP,0.44,1948.03
C077670,2950.6,New,0.66,1947.4
C005661,3091.04,Returning,0.63,1947.36
C046500,2006.0,VIP,0.97,1945.82
C052662,1944.33,New,1.0,1944.33
C055584,2736.58,New,0.71,1942.97
C048179,2003.02,New,0.97,1942.93
C066944,1961.81,Loyal,0.99,1942.19
C004196,2851.71,VIP,0.68,1939.16
C027287,2062.1,Returning,0.94,1938.37
C057845,1938.02,VIP,1.0,1938.02
C068132,4967.22,New,0.39,1937.22
C026425,1995.19,Returning,0.97,1935.33
C054960,2058.58,Returning,0.94,1935.07
C011426,12900.2,Returning,0.15,1935.03
C006249,1953.88,Returning,0.99,1934.34
C021505,19334.97,VIP,0.1,1933.5
C061163,2927.84,New,0.66,1932.37
C050506,2219.18,New,0.87,1930.69
C088045,4825.12,Returning,0.4,1930.05
C077574,1929.94,New,1.0,1929.94
C054106,1948.48,Returning,0.99,1929.0
C097138,2922.45,New,0.66,1928.82
C041999,1988.26,Returning,0.97,1928.61
C041781,6426.68,VIP,0.3,1928.0
C036152,3323.57,VIP,0.58,1927.67
C099907,2241.3,Returning,0.86,1927.52
C060903,2876.57,Returning,0.67,1927.3
C073924,3854.38,Returning,0.5,1927.19
C097201,7134.88,VIP,0.27,1926.42
C081268,19261.09,Loyal,0.1,1926.11
C017708,2751.25,Loyal,0.7,1925.87
C069041,1964.91,Returning,0.98,1925.61
C087886,1925.31,VIP,1.0,1925.31
C071482,1964.15,Returning,0.98,1924.87
C037817,2565.98,VIP,0.75,1924.48
C086899,3631.07,VIP,0.53,1924.47
C017241,2186.53,Returning,0.88,1924.15
C088370,2263.45,Returning,0.85,1923.93
C005800,1962.18,Returning,0.98,1922.94
C098959,1982.13,Loyal,0.97,1922.67
C037958,1981.12,Returning,0.97,1921.69
C073612,2314.22,Loyal,0.83,1920.8
C041822,1938.73,New,0.99,1919.34
C036331,2017.4,Returning,0.95,1916.53
C003242,1935.89,VIP,0.99,1916.53
C058833,1995.98,Loyal,0.96,1916.14
C071077,1935.48,Returning,0.99,1916.13
C050799,1973.66,Returning,0.97,1914.45
C038054,1994.19,Loyal,0.96,1914.42
C094380,1931.21,New,0.99,1911.9
C052602,1970.39,VIP,0.97,1911.28
C034301,1970.17,VIP,0.97,1911.06
C015395,1949.61,Loyal,0.98,1910.62
C057645,2984.57,VIP,0.64,1910.12
C077218,1989.55,Returning,0.96,1909.97
C052316,2300.58,Loyal,0.83,1909.48
C092703,1907.03,New,1.0,1907.03
C080842,3125.89,Loyal,0.61,1906.79
C071918,2931.71,New,0.65,1905.61
C004412,7056.43,Loyal,0.27,1905.24
C034243,1902.67,New,1.0,1902.67
C087656,1960.61,Returning,0.97,1901.79
C035396,3222.96,Returning,0.59,1901.55
C075405,2136.21,VIP,0.89,1901.23
C012180,1959.48,Returning,0.97,1900.7
C098823,4525.42,New,0.42,1900.68
C062668,1979.88,VIP,0.96,1900.68
C081966,1958.97,VIP,0.97,1900.2
C086017,1919.06,VIP,0.99,1899.87
C044887,6128.43,New,0.31,1899.81
C059272,1899.69,New,1.0,1899.69
C029848,13564.6,Returning,0.14,1899.04
C079947,1917.66,Loyal,0.99,1898.48
C031744,1977.29,Returning,0.96,1898.2
C016070,2108.67,VIP,0.9,1897.8
C057810,2131.92,VIP,0.89,1897.41
C060024,9033.83,New,0.21,1897.1
C073495,1896.59,New,1.0,1896.59
C056541,13542.63,VIP,0.14,1895.97
C042603,12619.95,VIP,0.15,1892.99
C081135,2057.13,New,0.92,1892.56
C002505,1971.04,New,0.96,1892.2
C030963,2055.38,New,0.92,1890.95
C019485,1990.43,Loyal,0.95,1890.91
C001292,1909.79,Loyal,0.99,1890.69
C061212,5109.13,Loyal,0.37,1890.38
C048273,1908.27,Returning,0.99,1889.19
C063474,1946.47,Returning,0.97,1888.08
C069063,1926.02,VIP,0.98,1887.5
C034790,1945.86,VIP,0.97,1887.48
C098031,1925.88,New,0.98,1887.36
C057426,1986.26,Returning,0.95,1886.95
C076034,1985.99,Returning,0.95,1886.69
C009421,1884.38,Returning,1.0,1884.38
C064260,1883.27,VIP,1.0,1883.27
C029526,5231.03,New,0.36,1883.17
C019355,2046.3,New,0.92,1882.6
C035464,2294.46,Returning,0.82,1881.46
C026909,2138.02,Returning,0.88,1881.46
C018787,2137.65,New,0.88,1881.13
C079961,2021.61,New,0.93,1880.1
C092625,2065.86,Returning,0.91,1879.93
C051732,1918.0,VIP,0.98,1879.64
C050343,6960.61,New,0.27,1879.36
C021337,1879.04,Returning,1.0,1879.04
C020833,2019.45,VIP,0.93,1878.09
C024883,1896.43,VIP,0.99,1877.47
C051983,1877.29,VIP,1.0,1877.29
C049119,2470.0,Loyal,0.76,1877.2
C010555,1953.64,Returning,0.96,1875.49
C008286,1932.35,New,0.97,1874.38
C074545,7809.67,Loyal,0.24,1874.32
C021921,1891.94,Returning,0.99,1873.02
C041828,1930.73,Returning,0.97,1872.81
C053111,2370.03,New,0.79,1872.32
C021746,3342.25,New,0.56,1871.66
C029635,18711.24,VIP,0.1,1871.12
C015551,1870.43,New,1.0,1870.43
C048027,1928.05,Returning,0.97,1870.21
C017650,1925.21,Returning,0.97,1867.45
C036466,2963.72,VIP,0.63,1867.14
C012213,1924.05,VIP,0.97,1866.33
C046273,1884.02,Returning,0.99,1865.18
C058574,1903.16,Loyal,0.98,1865.1
C071756,1922.64,Returning,0.97,1864.96
C056730,1922.59,VIP,0.97,1864.91
C040448,1922.57,VIP,0.97,1864.89
C037161,4907.21,New,0.38,1864.74
C091841,1883.44,VIP,0.99,1864.61
C095047,1864.47,Loyal,1.0,1864.47
C067504,1882.08,VIP,0.99,1863.26
C000461,1940.67,VIP,0.96,1863.04
C018190,9312.33,New,0.2,1862.47
C082354,2909.86,Loyal,0.64,1862.31
C075054,5167.09,Returning,0.36,1860.15
C062354,3320.2,Loyal,0.56,1859.31
C030218,5633.22,New,0.33,1858.96
C089611,2134.64,VIP,0.87,1857.14
C038518,1856.35,VIP,1.0,1856.35
C031384,4124.81,New,0.45,1856.16
C029036,2039.51,New,0.91,1855.95
C036779,2474.5,Returning,0.75,1855.88
C015404,1893.04,Returning,0.98,1855.18
C027138,7728.44,VIP,0.24,1854.83
C008236,1873.54,New,0.99,1854.8
C041777,2131.35,VIP,0.87,1854.27
C002868,1931.42,Loyal,0.96,1854.16
C029881,1852.44,Loyal,1.0,1852.44
C083154,2344.74,VIP,0.79,1852.34
C097243,3307.55,Returning,0.56,1852.23
C019205,1929.29,VIP,0.96,1852.12
C054899,1908.97,VIP,0.97,1851.7
C099388,3034.7,New,0.61,1851.17
C082058,1969.09,New,0.94,1850.94
C032291,2127.41,New,0.87,1850.85
C063068,3186.95,Loyal,0.58,1848.43
C088110,1886.07,VIP,0.98,1848.35
C047180,1884.54,Returning,0.98,1846.85
C044268,1903.18,Loyal,0.97,1846.08
C092501,1864.51,New,0.99,1845.86
C094404,2028.03,New,0.91,1845.51
C010094,1921.48,Returning,0.96,1844.62
C041378,2095.94,Loyal,0.88,1844.43
C052766,4390.64,Returning,0.42,1844.07
C028178,1881.69,VIP,0.98,1844.06
C008857,3022.79,Loyal,0.61,1843.9
C063992,1881.42,VIP,0.98,1843.79
C013434,1881.16,New,0.98,1843.54
C048919,1860.93,New,0.99,1842.32
C052716,2669.81,New,0.69,1842.17
C095209,2045.4,Loyal,0.9,1840.86
C056008,2358.57,Loyal,0.78,1839.68
C072638,1877.17,VIP,0.98,1839.63
C085862,1856.79,Returning,0.99,1838.22
C002440,1890.87,Loyal,0.97,1834.14
C000537,1890.57,Loyal,0.97,1833.85
C000653,1833.67,VIP,1.0,1833.67
C055102,1852.07,Loyal,0.99,1833.55
C033214,1851.84,Loyal,0.99,1833.32
C022018,1950.15,Returning,0.94,1833.14
C085388,1849.95,Returning,0.99,1831.45
C009966,1989.15,Returning,0.92,1830.02
C094168,3809.63,New,0.48,1828.62
C034555,2611.24,New,0.7,1827.87
C076793,1827.81,Loyal,1.0,1827.81
C005002,1922.24,New,0.95,1826.13
C022329,2172.6,Returning,0.84,1824.98
C019892,10138.48,New,0.18,1824.93
C060605,2121.25,Returning,0.86,1824.28
C078480,2940.68,Returning,0.62,1823.22
C099462,1981.71,Loyal,0.92,1823.17
C091913,1898.89,VIP,0.96,1822.93
C060167,3574.25,New,0.51,1822.87
C013268,1840.33,Loyal,0.99,1821.93
C078118,1958.26,Returning,0.93,1821.18
C074403,1820.06,Loyal,1.0,1820.06
C082850,1875.72,New,0.97,1819.45
C045081,1856.55,VIP,0.98,1819.42
C061794,1819.38,VIP,1.0,1819.38
C039591,2560.44,Loyal,0.71,1817.91
C077111,1873.95,Returning,0.97,1817.73
C095815,1854.2,Loyal,0.98,1817.12
C046745,1871.62,Loyal,0.97,1815.47
C008312,1852.49,VIP,0.98,1815.44
C026604,1852.46,VIP,0.98,1815.41
C086584,2881.27,Loyal,0.63,1815.2
C066076,8640.71,VIP,0.21,1814.55
C063588,1814.36,New,1.0,1814.36
C037648,1831.85,New,0.99,1813.53
C037109,2084.16,Loyal,0.87,1813.22
C008502,3125.61,New,0.58,1812.85
C058185,1830.47,VIP,0.99,1812.17
C028853,1811.94,Returning,1.0,1811.94
C006836,1829.73,Returning,0.99,1811.43
C051133,1989.09,Loyal,0.91,1810.07
C007419,1809.11,VIP,1.0,1809.11
C004367,1845.25,Returning,0.98,1808.34
C095368,1864.03,VIP,0.97,1808.11
C037967,1844.91,VIP,0.98,1808.01
C062365,1807.29,Loyal,1.0,1807.29
C049572,2125.95,Loyal,0.85,1807.06
C002981,1902.06,VIP,0.95,1806.96
C060790,1985.39,New,0.91,1806.7
C085098,1806.2,New,1.0,1806.2
C059104,1984.6,New,0.91,1805.99
C050323,1824.12,Loyal,0.99,1805.88
C051647,3685.03,New,0.49,1805.66
C083143,1941.15,VIP,0.93,1805.27
C027023,1898.35,VIP,0.95,1803.43
C084960,13861.55,Returning,0.13,1802.0
C079620,1857.15,VIP,0.97,1801.44
C048663,4002.67,VIP,0.45,1801.2
C098220,5808.68,VIP,0.31,1800.69
C069180,2093.45,Returning,0.86,1800.37
C025135,7824.78,Loyal,0.23,1799.7
C047993,1893.97,VIP,0.95,1799.27
C002739,2167.58,New,0.83,1799.09
C087550,1816.12,Loyal,0.99,1797.96
C007678,1953.2,Returning,0.92,1796.94
C080655,1833.14,Loyal,0.98,1796.48
C081365,1851.4,Loyal,0.97,1795.86
C018876,2136.4,VIP,0.84,1794.58
C082236,2425.05,New,0.74,1794.54
C081734,1887.02,VIP,0.95,1792.67
C037284,1946.8,Loyal,0.92,1791.06
C046513,1827.33,Returning,0.98,1790.78
C080324,2631.95,Returning,0.68,1789.73
C037238,1789.22,Loyal,1.0,1789.22
C073103,1805.71,Returning,0.99,1787.65
C049338,1786.29,VIP,1.0,1786.29
C056108,2151.77,VIP,0.83,1785.97
C070971,19841.28,Returning,0.09,1785.72
C019081,3306.88,VIP,0.54,1785.72
C063807,1918.93,Loyal,0.93,1784.6
C039886,1820.62,New,0.98,1784.21
C098570,2122.77,VIP,0.84,1783.13
C008926,2510.32,Returning,0.71,1782.33
C011249,1957.86,Returning,0.91,1781.65
C010155,2919.68,VIP,0.61,1781.0
C064674,3179.01,Returning,0.56,1780.25
C049451,1854.09,VIP,0.96,1779.93
C060900,1854.01,New,0.96,1779.85
C072140,1796.48,New,0.99,1778.52
C034418,4333.01,New,0.41,1776.53
C032705,1869.68,New,0.95,1776.2
C043354,1811.49,Returning,0.98,1775.26
C087255,1775.0,New,1.0,1775.0
C091355,13652.51,New,0.13,1774.83
C085015,1791.92,Loyal,0.99,1774.0
C008379,1773.26,VIP,1.0,1773.26
C006433,1770.67,New,1.0,1770.67
C042042,1806.73,New,0.98,1770.6
C031660,1769.63,Loyal,1.0,1769.63
C069841,1900.52,VIP,0.93,1767.48
C080546,1784.4,VIP,0.99,1766.56
C061713,1821.15,New,0.97,1766.52
C033399,5350.65,Returning,0.33,1765.71
C012092,1765.29,VIP,1.0,1765.29
C043557,1857.91,Loyal,0.95,1765.01
C089480,1961.05,Returning,0.9,1764.94
C024482,1877.29,Returning,0.94,1764.65
C027551,1800.56,VIP,0.98,1764.55
C000808,1836.96,Loyal,0.96,1763.48
C026024,1875.4,New,0.94,1762.88
C047620,4298.44,Loyal,0.41,1762.36
C080950,1835.59,New,0.96,1762.17
C042665,1797.42,New,0.98,1761.47
C092594,1797.31,Loyal,0.98,1761.36
C088896,1913.94,Loyal,0.92,1760.82
C071223,1778.1,Returning,0.99,1760.32
C046318,1760.27,New,1.0,1760.27
C002168,6069.49,Loyal,0.29,1760.15
C009859,19556.76,New,0.09,1760.11
C023750,1892.51,Loyal,0.93,1760.03
C038104,1872.21,Loyal,0.94,1759.88
C028111,1776.85,New,0.99,1759.08
C022129,1891.43,New,0.93,1759.03
C096776,1851.39,New,0.95,1758.82
C045610,1910.97,Loyal,0.92,1758.09
C075820,1757.94,VIP,1.0,1757.94
C030041,1757.57,New,1.0,1757.57
C025117,1829.67,Returning,0.96,1756.48
C042313,1829.23,Loyal,0.96,1756.06
C036247,19511.34,New,0.09,1756.02
C028099,1755.81,Returning,1.0,1755.81
C009203,1791.44,New,0.98,1755.61
C003836,1847.4,VIP,0.95,1755.03
C086843,3132.29,Returning,0.56,1754.08
C060081,1865.84,New,0.94,1753.89
C063264,1846.16,New,0.95,1753.85
C078821,1807.26,Loyal,0.97,1753.04
C044755,3505.96,New,0.5,1752.98
C038813,8764.11,Loyal,0.2,1752.82
C003232,1788.4,New,0.98,1752.63
C083616,2037.87,Loyal,0.86,1752.57
C095871,1769.57,VIP,0.99,1751.87
C083307,1751.69,Returning,1.0,1751.69
C018330,1804.29,Returning,0.97,1750.16
C062761,1822.83,Returning,0.96,1749.92
C023339,7605.16,VIP,0.23,1749.19
C077316,8328.45,Loyal,0.21,1748.97
C009507,2819.72,New,0.62,1748.23
C090090,1839.54,Returning,0.95,1747.56
C098563,1781.33,VIP,0.98,1745.7
C018850,1779.7,Returning,0.98,1744.11
C053894,1779.32,New,0.98,1743.73
C057959,1916.17,New,0.91,1743.71
C039939,1743.43,New,1.0,1743.43
C055775,1761.01,VIP,0.99,1743.4
C029187,1760.95,Loyal,0.99,1743.34
C030919,1778.88,New,0.98,1743.3
C044285,1760.26,Returning,0.99,1742.66
C094513,2765.77,Loyal,0.63,1742.44
C001603,2599.18,New,0.67,1741.45
C070770,1813.41,Returning,0.96,1740.87
C049674,1913.0,Loyal,0.91,1740.83
C100000,1758.39,Loyal,0.99,1740.81
C044628,24854.67,Returning,0.07,1739.83
C008995,1757.37,VIP,0.99,1739.8
C086281,1775.09,New,0.98,1739.59
C051804,1756.46,Loyal,0.99,1738.9
C091359,3049.26,New,0.57,1738.08
C069614,2145.2,New,0.81,1737.61
C072773,2895.77,New,0.6,1737.46
C033930,1790.68,New,0.97,1736.96
C001748,1736.91,Loyal,1.0,1736.91
C014793,14469.26,Returning,0.12,1736.31
C087410,3097.91,Returning,0.56,1734.83
C015682,1752.24,New,0.99,1734.72
C051245,1734.58,Loyal,1.0,1734.58
C050587,1824.99,Returning,0.95,1733.74
C089261,1842.84,Loyal,0.94,1732.27
C067379,1823.13,VIP,0.95,1731.97
C007097,2509.8,New,0.69,1731.76
C062804,1784.28,Loyal,0.97,1730.75
C030599,3605.64,Returning,0.48,1730.71
C043802,5088.97,Loyal,0.34,1730.25
C090466,1747.38,Returning,0.99,1729.91
C077492,1729.72,Loyal,1.0,1729.72
C083475,1729.19,New,1.0,1729.19
C028044,1782.51,VIP,0.97,1729.03
C058488,1727.93,Loyal,1.0,1727.93
C007133,1962.36,Returning,0.88,1726.88
C012801,1761.51,Returning,0.98,1726.28
C020591,1896.65,VIP,0.91,1725.95
C099968,1834.94,Returning,0.94,1724.84
C061943,1777.41,VIP,0.97,1724.09
C084723,1795.79,VIP,0.96,1723.96
C043298,1740.25,Loyal,0.99,1722.85
C020306,2648.47,Returning,0.65,1721.51
C013321,5062.67,Loyal,0.34,1721.31
C006690,2530.18,New,0.68,1720.52
C018966,1753.32,VIP,0.98,1718.25
C015939,1771.27,Loyal,0.97,1718.13
C000301,2043.38,VIP,0.84,1716.44
C047881,2092.16,Returning,0.82,1715.57
C056365,1786.97,New,0.96,1715.49
C044842,2018.11,VIP,0.85,1715.39
C028891,4762.54,New,0.36,1714.51
C017202,1749.45,Returning,0.98,1714.46
C053164,4395.98,New,0.39,1714.43
C004010,1785.76,Returning,0.96,1714.33
C083230,2016.46,New,0.85,1713.99
C021660,1803.56,New,0.95,1713.38
C018593,2037.47,Returning,0.84,1711.47
C015804,2672.47,Returning,0.64,1710.38
C022638,1819.49,Returning,0.94,1710.32
C021927,1745.12,Returning,0.98,1710.22
C057172,9001.05,Returning,0.19,1710.2
C017021,1727.46,Loyal,0.99,1710.19
C069606,21374.4,Loyal,0.08,1709.95
C027843,1799.21,VIP,0.95,1709.25
C018533,21353.83,VIP,0.08,1708.31
C038065,2005.97,Returning,0.85,1705.07
C087395,1704.42,VIP,1.0,1704.42
C043990,1721.59,New,0.99,1704.37
C043949,1739.14,VIP,0.98,1704.36
C015839,1831.9,Loyal,0.93,1703.67
C001414,1774.45,VIP,0.96,1703.47
C040842,1793.13,VIP,0.95,1703.47
C080009,2541.54,New,0.67,1702.83
C038604,1890.88,VIP,0.9,1701.79
C000783,24285.56,New,0.07,1699.99
C023541,1844.98,Loyal,0.92,1697.38
C039521,14143.95,Returning,0.12,1697.27
C072776,1824.6,Returning,0.93,1696.88
C059395,1767.27,Returning,0.96,1696.58
C060340,1995.85,VIP,0.85,1696.47
C071453,2068.83,New,0.82,1696.44
C087809,1730.79,Loyal,0.98,1696.17
C045433,1730.21,Returning,0.98,1695.61
C083387,1747.6,Loyal,0.97,1695.17
C023518,2118.55,VIP,0.8,1694.84
C035853,1694.54,VIP,1.0,1694.54
C069096,2066.03,Returning,0.82,1694.14
C062085,1881.47,VIP,0.9,1693.32
C018621,1762.66,VIP,0.96,1692.15
C069318,2728.68,Returning,0.62,1691.78
C086807,1967.03,Returning,0.86,1691.65
C039361,1724.76,New,0.98,1690.26
C040451,1723.87,Loyal,0.98,1689.39
C004420,1721.12,Loyal,0.98,1686.7
C011039,2108.06,Returning,0.8,1686.45
C060170,2341.18,New,0.72,1685.65
C065340,1774.23,New,0.95,1685.52
C061644,2514.46,Loyal,0.67,1684.69
C050437,2673.18,Returning,0.63,1684.1
C061748,2028.18,VIP,0.83,1683.39
C052911,1699.49,New,0.99,1682.5
C057007,1682.36,Returning,1.0,1682.36
C020331,1978.7,VIP,0.85,1681.9
C004017,1788.84,Loyal,0.94,1681.51
C067530,1715.61,Returning,0.98,1681.3
C083279,2270.62,Returning,0.74,1680.26
C019453,1749.46,Loyal,0.96,1679.48
C095574,1731.35,Returning,0.97,1679.41
C086660,1767.2,VIP,0.95,1678.84
C096422,4662.73,Loyal,0.36,1678.58
C088107,2664.14,Returning,0.63,1678.41
C024999,1729.83,Loyal,0.97,1677.94
C054273,1711.78,VIP,0.98,1677.54
C071266,7293.52,VIP,0.23,1677.51
C083258,1884.79,New,0.89,1677.46
C030856,1677.32,Loyal,1.0,1677.32
C090709,1693.89,Loyal,0.99,1676.95
C020410,1693.44,Loyal,0.99,1676.51
C010671,1727.96,Loyal,0.97,1676.12
C060134,1762.23,Returning,0.95,1674.12
C067531,2574.8,Loyal,0.65,1673.62
C034893,1761.59,Loyal,0.95,1673.51
C083737,2040.62,Loyal,0.82,1673.31
C042359,1780.07,New,0.94,1673.27
C098520,1760.76,Returning,0.95,1672.72
C084843,1671.4,Loyal,1.0,1671.4
C027661,1671.02,Returning,1.0,1671.02
C088766,1686.75,VIP,0.99,1669.88
C034022,1685.85,Returning,0.99,1668.99
C052445,7256.35,Returning,0.23,1668.96
C068162,1700.78,Returning,0.98,1666.76
C037553,1666.69,Returning,1.0,1666.69
C039241,1735.78,Loyal,0.96,1666.35
C000872,2162.97,Loyal,0.77,1665.49
C024606,1734.38,Loyal,0.96,1665.0
C086392,1829.54,New,0.91,1664.88
C059673,1770.7,Returning,0.94,1664.46
C087779,1663.64,Loyal,1.0,1663.64
C055997,1806.6,VIP,0.92,1662.07
C029600,3192.7,Loyal,0.52,1660.2
C097733,1660.04,New,1.0,1660.04
C044059,1693.8,VIP,0.98,1659.92
C085532,3131.3,Loyal,0.53,1659.59
C008075,1658.84,Returning,1.0,1658.84
C093159,1843.08,New,0.9,1658.77
C003883,1764.08,New,0.94,1658.24
C029953,2717.32,VIP,0.61,1657.57
C098127,11048.15,Returning,0.15,1657.22
C023880,1672.7,VIP,0.99,1655.97
C064127,2095.84,VIP,0.79,1655.71
C036648,1671.96,Loyal,0.99,1655.24
C036824,1654.37,VIP,1.0,1654.37
C007334,3446.18,Loyal,0.48,1654.17
C077823,1687.83,Returning,0.98,1654.07
C075760,1759.57,New,0.94,1654.0
C029116,1653.95,VIP,1.0,1653.95
C093698,1722.78,Returning,0.96,1653.87
C043609,1992.25,VIP,0.83,1653.57
C078964,2850.22,Loyal,0.58,1653.13
C039957,1704.0,New,0.97,1652.88
C016681,1685.81,Returning,0.98,1652.09
C024442,1685.62,Returning,0.98,1651.91
C061420,1989.13,Returning,0.83,1650.98
C064344,1650.92,Loyal,1.0,1650.92
C044302,1684.61,VIP,0.98,1650.92
C000102,8687.6,Loyal,0.19,1650.64
C069294,1719.23,VIP,0.96,1650.46
C050080,1683.95,Returning,0.98,1650.27
C054451,1650.0,VIP,1.0,1650.0
C030534,1665.17,Returning,0.99,1648.52
C037001,1681.22,Returning,0.98,1647.6
C055381,1646.67,Loyal,1.0,1646.67
C086049,1849.75,Loyal,0.89,1646.28
C085233,1714.75,New,0.96,1646.16
C017585,1696.99,VIP,0.97,1646.08
C082184,1662.41,Loyal,0.99,1645.79
C025051,4447.95,Returning,0.37,1645.74
C055459,4444.05,Returning,0.37,1644.3
C032237,1767.8,New,0.93,1644.05
C067743,1847.18,New,0.89,1643.99
C058843,6318.47,Loyal,0.26,1642.8
C074376,1887.8,Returning,0.87,1642.39
C028979,1804.66,Returning,0.91,1642.24
C078221,4209.32,VIP,0.39,1641.63
C015045,1674.91,Loyal,0.98,1641.41
C011760,1640.81,Returning,1.0,1640.81
C065991,2000.59,Returning,0.82,1640.48
C011577,1638.87,Returning,1.0,1638.87
C076071,6301.28,VIP,0.26,1638.33
C084048,10238.77,Returning,0.16,1638.2
C071366,7442.88,Loyal,0.22,1637.43
C011070,1903.21,VIP,0.86,1636.76
C096282,1634.67,VIP,1.0,1634.67
C052640,1651.0,Returning,0.99,1634.49
C079358,1719.3,VIP,0.95,1633.33
C056178,2474.14,Loyal,0.66,1632.93
C099312,1649.27,Loyal,0.99,1632.78
C085672,1683.08,New,0.97,1632.59
C030128,1648.95,Loyal,0.99,1632.46
C057670,1897.54,New,0.86,1631.88
C086215,1717.53,VIP,0.95,1631.65
C068993,1754.32,New,0.93,1631.52
C073007,1874.25,VIP,0.87,1630.6
C008515,1679.9,VIP,0.97,1629.5
C073660,1662.41,Loyal,0.98,1629.16
C010882,6512.43,Returning,0.25,1628.11
C099476,1627.36,Returning,1.0,1627.36
C087102,1676.38,New,0.97,1626.09
C021885,1625.56,New,1.0,1625.56
C016246,1934.37,Returning,0.84,1624.87
C023995,1710.1,Loyal,0.95,1624.59
C060547,14765.0,VIP,0.11,1624.15
C086321,1621.31,Loyal,1.0,1621.31
C009452,1760.98,Loyal,0.92,1620.1
C008505,1928.08,Returning,0.84,1619.59
C042276,1704.23,VIP,0.95,1619.02
C065157,2346.09,Returning,0.69,1618.8
C083815,2653.63,Returning,0.61,1618.71
C093412,4045.63,VIP,0.4,1618.25
C095824,1667.56,Returning,0.97,1617.53
C041268,1633.72,Loyal,0.99,1617.38
C048253,2099.45,VIP,0.77,1616.58
C075437,1901.52,Loyal,0.85,1616.29
C071066,2411.84,New,0.67,1615.93
C085223,1665.7,Returning,0.97,1615.73
C090329,7024.48,New,0.23,1615.63
C071004,1794.11,VIP,0.9,1614.7
C000251,1630.8,Loyal,0.99,1614.49
C071816,1647.36,Returning,0.98,1614.41
C047766,1754.4,Loyal,0.92,1614.05
C040093,2273.21,Loyal,0.71,1613.98
C073558,1613.82,Loyal,1.0,1613.82
C009722,1629.2,Returning,0.99,1612.91
C011318,1644.56,Loyal,0.98,1611.67
C079905,2334.5,VIP,0.69,1610.8
C036701,23010.95,Loyal,0.07,1610.77
C058772,1830.22,Returning,0.88,1610.59
C069447,1625.81,Loyal,0.99,1609.55
C053389,1642.27,VIP,0.98,1609.42
C093595,2145.42,VIP,0.75,1609.06
C097683,1827.86,Loyal,0.88,1608.52
C051446,2035.86,VIP,0.79,1608.33
C057751,5954.73,Loyal,0.27,1607.78
C068011,1607.26,Returning,1.0,1607.26
C099794,12350.47,New,0.13,1605.56
C036368,1605.53,New,1.0,1605.53
C049010,1802.82,Returning,0.89,1604.51
C087816,2545.99,New,0.63,1603.97
C020961,1743.44,New,0.92,1603.96
C041513,1651.07,Returning,0.97,1601.54
C021780,1633.73,New,0.98,1601.06
C097710,11425.65,Loyal,0.14,1599.59
C074439,1719.71,VIP,0.93,1599.33
C027721,2350.45,VIP,0.68,1598.31
C080835,1996.84,Returning,0.8,1597.47
C044720,1661.67,Loyal,0.96,1595.2
C041941,1644.13,VIP,0.97,1594.81
C043223,1610.74,VIP,0.99,1594.63
C041084,2125.91,VIP,0.75,1594.43
C017769,2125.47,New,0.75,1594.1
C058578,1643.27,New,0.97,1593.97
C019967,1659.9,New,0.96,1593.5
C013499,1592.64,Loyal,1.0,1592.64
C027122,1748.67,New,0.91,1591.29
C039893,8839.18,VIP,0.18,1591.05
C083696,1987.69,VIP,0.8,1590.15
C056159,1590.03,Returning,1.0,1590.03
C025981,2889.4,VIP,0.55,1589.17
C053347,1961.6,New,0.81,1588.9
C026817,1604.86,VIP,0.99,1588.81
C030743,2997.49,Returning,0.53,1588.67
C081576,1588.37,New,1.0,1588.37
C017614,1960.51,Returning,0.81,1588.01
C019663,7939.59,New,0.2,1587.92
C059526,1706.61,Loyal,0.93,1587.15
C066030,2734.48,Loyal,0.58,1586.0
C014171,1585.78,Loyal,1.0,1585.78
C082629,5463.71,Loyal,0.29,1584.48
C020957,2880.17,VIP,0.55,1584.09
C032179,1649.46,Returning,0.96,1583.48
C076729,8331.91,Returning,0.19,1583.06
C099203,1978.13,New,0.8,1582.5
C099161,2929.03,Loyal,0.54,1581.68
C035162,3674.34,Loyal,0.43,1579.97
C002649,1578.35,VIP,1.0,1578.35
C052826,1948.49,Returning,0.81,1578.28
C018591,1594.07,New,0.99,1578.13
C091758,1593.79,Loyal,0.99,1577.85
C092878,1696.42,Loyal,0.93,1577.67
C052003,1577.16,New,1.0,1577.16
C029218,10513.28,Returning,0.15,1576.99
C022005,1607.41,Returning,0.98,1575.26
C078397,1657.25,New,0.95,1574.39
C034673,1605.98,Returning,0.98,1573.86
C034277,1748.63,Loyal,0.9,1573.77
C086802,2043.5,Loyal,0.77,1573.5
C059072,1621.61,Loyal,0.97,1572.96
C091242,3020.71,New,0.52,1570.77
C024234,1569.73,VIP,1.0,1569.73
C086762,1634.69,Returning,0.96,1569.3
C011052,2307.23,Returning,0.68,1568.92
C007202,1568.86,VIP,1.0,1568.86
C042529,1633.26,Returning,0.96,1567.93
C028763,1650.28,New,0.95,1567.77
C065540,2238.83,Returning,0.7,1567.18
C076394,1566.03,New,1.0,1566.03
C083396,1581.8,VIP,0.99,1565.98
C085412,1648.38,New,0.95,1565.96
C042746,1841.62,VIP,0.85,1565.38
C086237,7826.74,VIP,0.2,1565.35
C050405,2173.88,Returning,0.72,1565.19
C045006,1596.74,New,0.98,1564.81
C030424,1580.28,Loyal,0.99,1564.48
C015245,1578.95,VIP,0.99,1563.16
C077246,1662.22,New,0.94,1562.49
C020357,1698.35,Loyal,0.92,1562.48
C000240,1642.17,New,0.95,1560.06
C096814,10399.99,VIP,0.15,1560.0
C009632,1695.45,Returning,0.92,1559.81
C012036,2436.06,Loyal,0.64,1559.08
C057998,1607.29,New,0.97,1559.07
C063332,1607.07,New,0.97,1558.86
C053591,1855.41,New,0.84,1558.54
C061652,1623.04,New,0.96,1558.12
C094182,3708.53,VIP,0.42,1557.58
C033424,1710.63,Loyal,0.91,1556.67
C041243,3112.85,VIP,0.5,1556.42
C012623,22223.49,Returning,0.07,1555.64
C003137,1873.33,VIP,0.83,1554.86
C034452,1649.19,Loyal,0.94,1550.24
C045391,1685.04,Loyal,0.92,1550.24
C072879,6200.2,New,0.25,1550.05
C074567,1581.68,VIP,0.98,1550.05
C032593,1597.51,Returning,0.97,1549.58
C052374,3366.85,Loyal,0.46,1548.75
C044669,1613.01,New,0.96,1548.49
C072460,1576.16,New,0.98,1544.64
C096526,1558.95,Loyal,0.99,1543.36
C043472,7333.23,VIP,0.21,1539.98
C060512,11845.92,VIP,0.13,1539.97
C013054,1587.44,VIP,0.97,1539.82
C020929,1587.37,New,0.97,1539.75
C022019,1637.74,New,0.94,1539.48
C079343,5920.07,VIP,0.26,1539.22
C083521,1553.75,Returning,0.99,1538.21
C050910,1553.35,Loyal,0.99,1537.82
C066648,1537.74,Returning,1.0,1537.74
C000753,2049.99,Loyal,0.75,1537.49
C047700,2105.22,New,0.73,1536.81
C046019,1550.94,Loyal,0.99,1535.43
C020413,1535.1,VIP,1.0,1535.1
C026848,1744.22,VIP,0.88,1534.91
C014737,1649.84,VIP,0.93,1534.35
C082341,1548.52,VIP,0.99,1533.03
C066069,1561.25,Returning,0.98,1530.02
C031162,6372.78,VIP,0.24,1529.47
C064124,8995.44,Loyal,0.17,1529.22
C087385,1528.89,Returning,1.0,1528.89
C081756,1558.52,New,0.98,1527.35
C070518,1527.2,New,1.0,1527.2
C024080,1574.36,Loyal,0.97,1527.13
C050434,5652.55,Loyal,0.27,1526.19
C060460,6103.83,Loyal,0.25,1525.96
C078450,1525.86,Loyal,1.0,1525.86
C053682,1539.52,Returning,0.99,1524.12
C009411,1587.46,New,0.96,1523.96
C029451,7253.39,Returning,0.21,1523.21
C014238,1620.24,VIP,0.94,1523.03
C041152,1769.37,Loyal,0.86,1521.66
C096640,1552.34,New,0.98,1521.29
C054103,1582.92,Returning,0.96,1519.6
C092590,1534.93,Returning,0.99,1519.58
C013487,15188.51,New,0.1,1518.85
C060950,1874.83,Returning,0.81,1518.61
C071759,2336.14,Loyal,0.65,1518.49
C097160,1562.94,VIP,0.97,1516.05
C013822,1546.02,New,0.98,1515.1
C007356,1646.19,Returning,0.92,1514.49
C055378,10809.84,New,0.14,1513.38
C090774,1780.13,New,0.85,1513.11
C008761,1963.67,Loyal,0.77,1512.03
C052457,1511.25,New,1.0,1511.25
C055296,1510.41,VIP,1.0,1510.41
C079244,1886.62,VIP,0.8,1509.3
C024115,2125.23,New,0.71,1508.91
C097549,1622.04,Loyal,0.93,1508.5
C083903,1555.1,New,0.97,1508.45
C094953,1795.3,VIP,0.84,1508.05
C080595,1507.93,New,1.0,1507.93
C037938,1638.61,VIP,0.92,1507.52
C028138,1507.39,Returning,1.0,1507.39
C011134,1585.8,Returning,0.95,1506.51
C037230,1520.25,VIP,0.99,1505.05
C071299,1520.08,Loyal,0.99,1504.88
C002363,2005.29,New,0.75,1503.97
C053292,1549.79,Returning,0.97,1503.3
C079809,5359.51,Returning,0.28,1500.66
C052118,1546.99,New,0.97,1500.58
C034285,1578.3,New,0.95,1499.38
C023842,1804.45,Returning,0.83,1497.69
C065066,1528.06,New,0.98,1497.5
C059632,1496.9,VIP,1.0,1496.9
C052253,3938.2,Loyal,0.38,1496.52
C018576,1681.28,New,0.89,1496.34
C050408,2930.19,Loyal,0.51,1494.4
C092671,1555.5,VIP,0.96,1493.28
C063607,1588.2,Returning,0.94,1492.91
C056834,1492.66,VIP,1.0,1492.66
C029274,3105.49,VIP,0.48,1490.64
C066370,1519.38,New,0.98,1488.99
C044071,1618.37,VIP,0.92,1488.9
C028468,1503.82,VIP,0.99,1488.78
C012270,12401.78,New,0.12,1488.21
C040208,3720.11,VIP,0.4,1488.04
C086904,1487.78,VIP,1.0,1487.78
C050413,6198.52,Loyal,0.24,1487.64
C083922,1517.82,VIP,0.98,1487.46
C092042,1728.89,Loyal,0.86,1486.85
C072863,1501.13,New,0.99,1486.12
C098371,1547.1,New,0.96,1485.22
C057835,1611.82,Returning,0.92,1482.87
C079237,3368.27,Loyal,0.44,1482.04
C021105,1496.84,VIP,0.99,1481.87
C072938,3610.64,Returning,0.41,1480.36
C082072,1682.11,Returning,0.88,1480.26
C060637,1873.6,Returning,0.79,1480.14
C096618,2113.78,Loyal,0.7,1479.65
C022989,2791.17,VIP,0.53,1479.32
C037982,1590.29,VIP,0.93,1478.97
C034883,1492.62,Returning,0.99,1477.69
C005708,1737.84,Loyal,0.85,1477.16
C031221,1717.14,Loyal,0.86,1476.74
C097422,1799.96,New,0.82,1475.97
C018046,2202.8,Returning,0.67,1475.88
C043208,1490.27,Loyal,0.99,1475.37
C018087,3073.4,Returning,0.48,1475.23
C064519,1489.69,Returning,0.99,1474.79
C022960,1675.36,Returning,0.88,1474.32
C061602,1585.16,Returning,0.93,1474.2
C012480,1489.04,VIP,0.99,1474.15
C087814,7370.26,Loyal,0.2,1474.05
C058748,1601.89,Returning,0.92,1473.74
C012489,1534.79,Returning,0.96,1473.4
C034810,1712.14,Loyal,0.86,1472.44
C041196,1600.28,Loyal,0.92,1472.26
C065881,1549.67,New,0.95,1472.19
C063521,8167.54,Loyal,0.18,1470.16
C011294,1547.03,Returning,0.95,1469.68
C068474,1514.97,VIP,0.97,1469.52
C053255,2671.09,New,0.55,1469.1
C053424,7727.94,Returning,0.19,1468.31
C032115,1482.38,Returning,0.99,1467.56
C010853,1481.37,Loyal,0.99,1466.56
C060981,1466.55,Returning,1.0,1466.55
C097672,1542.64,New,0.95,1465.51
C089829,2818.23,Loyal,0.52,1465.48
C030984,24417.89,New,0.06,1465.07
C072189,4439.48,VIP,0.33,1465.03
C043604,1464.26,Returning,1.0,1464.26
C072689,1464.02,Loyal,1.0,1464.02
C008668,2614.11,New,0.56,1463.9
C087071,2323.5,New,0.63,1463.8
C045697,3752.85,Returning,0.39,1463.61
C034607,1492.63,Returning,0.98,1462.78
C062381,1462.51,Returning,1.0,1462.51
C037759,12185.62,VIP,0.12,1462.27
C004344,1492.0,Returning,0.98,1462.16
C067125,1606.58,New,0.91,1461.99
C070749,1554.31,New,0.94,1461.05
C048396,5617.58,New,0.26,1460.57
C014138,3561.81,New,0.41,1460.34
C024166,1460.08,New,1.0,1460.08
C010668,2027.73,Returning,0.72,1459.97
C047229,1459.09,Returning,1.0,1459.09
C065051,1519.29,VIP,0.96,1458.52
C056711,1778.62,VIP,0.82,1458.47
C071354,1535.08,New,0.95,1458.33
C095158,1458.08,Loyal,1.0,1458.08
C099716,1503.08,VIP,0.97,1457.99
C028084,10405.95,Returning,0.14,1456.83
C006281,4284.29,New,0.34,1456.66
C031197,1456.62,Returning,1.0,1456.62
C001203,1471.05,Loyal,0.99,1456.34
C034746,1516.54,New,0.96,1455.88
C075141,1455.78,Loyal,1.0,1455.78
C094861,1512.93,Returning,0.96,1452.41
C058975,1838.34,Loyal,0.79,1452.29
C049837,1481.78,VIP,0.98,1452.14
C017079,1481.44,New,0.98,1451.81
C041011,1466.3,Returning,0.99,1451.64
C048073,1859.94,Loyal,0.78,1450.75
C047002,1559.63,Returning,0.93,1450.46
C030657,1464.99,New,0.99,1450.34
C098260,1559.45,Loyal,0.93,1450.29
C062391,1464.65,New,0.99,1450.0
C073200,2163.47,VIP,0.67,1449.52
C022310,1479.03,VIP,0.98,1449.45
C094018,1462.67,VIP,0.99,1448.04
C068962,6030.97,Returning,0.24,1447.43
C061470,1461.54,Returning,0.99,1446.92
C029371,1555.57,Returning,0.93,1446.68
C004550,3805.06,New,0.38,1445.92
C034560,1460.4,Returning,0.99,1445.8
C064717,4980.73,Loyal,0.29,1444.41
C011467,1760.51,Loyal,0.82,1443.62
C059995,1443.18,Loyal,1.0,1443.18
C030697,1551.62,Returning,0.93,1443.01
C078108,1517.45,Loyal,0.95,1441.58
C007912,1470.7,Returning,0.98,1441.29
C082092,2528.14,VIP,0.57,1441.04
C041296,3510.43,Returning,0.41,1439.28
C058798,1453.71,VIP,0.99,1439.17
C061665,1439.11,Returning,1.0,1439.11
C004283,1616.39,Loyal,0.89,1438.59
C070344,3781.99,Loyal,0.38,1437.16
C080167,1496.46,New,0.96,1436.6
C030711,1480.99,New,0.97,1436.56
C050824,1495.74,VIP,0.96,1435.91
C005020,1449.78,New,0.99,1435.28
C017314,1627.3,VIP,0.88,1432.02
C090716,1446.22,Returning,0.99,1431.76
C034626,1460.78,Loyal,0.98,1431.56
C050856,1445.49,Returning,0.99,1431.04
C029131,3866.28,Loyal,0.37,1430.52
C001042,1430.28,Loyal,1.0,1430.28
C003423,7148.54,VIP,0.2,1429.71
C052988,10988.69,Returning,0.13,1428.53
C019572,1442.25,VIP,0.99,1427.83
C017269,1568.62,Loyal,0.91,1427.44
C085234,1585.58,VIP,0.9,1427.02
C005048,1441.08,New,0.99,1426.67
C040041,1440.9,VIP,0.99,1426.49
C006137,3855.28,New,0.37,1426.45
C063094,3241.48,VIP,0.44,1426.25
C059169,1426.2,Loyal,1.0,1426.2
C007589,1454.98,New,0.98,1425.88
C002334,1454.92,Loyal,0.98,1425.82
C054129,1601.5,Returning,0.89,1425.34
C011408,1548.72,VIP,0.92,1424.82
C009984,15827.67,New,0.09,1424.49
C005593,1531.53,VIP,0.93,1424.32
C033359,1424.2,Returning,1.0,1424.2
C053361,20341.56,New,0.07,1423.91
C078123,1757.79,New,0.81,1423.81
C051679,1423.59,Returning,1.0,1423.59
C046522,1482.59,New,0.96,1423.29
C024026,20330.1,New,0.07,1423.11
C026744,1897.21,VIP,0.75,1422.91
C031856,2407.27,New,0.59,1420.29
C059153,3227.87,VIP,0.44,1420.26
C004047,1819.07,Loyal,0.78,1418.87
C077958,7094.27,Loyal,0.2,1418.85
C084236,4170.3,Loyal,0.34,1417.9
C088258,1556.61,Loyal,0.91,1416.52
C095297,1416.37,Loyal,1.0,1416.37
C075748,1521.9,Loyal,0.93,1415.37
C039925,1428.87,VIP,0.99,1414.58
C040371,1536.34,New,0.92,1413.43
C018961,3623.68,New,0.39,1413.24
C008271,1487.05,VIP,0.95,1412.7
C047307,1411.76,Loyal,1.0,1411.76
C021588,3136.85,VIP,0.45,1411.58
C075955,2016.24,VIP,0.7,1411.37
C037383,1411.22,Loyal,1.0,1411.22
C050597,1784.9,Loyal,0.79,1410.07
C025360,2877.21,VIP,0.49,1409.83
C070132,1532.35,Loyal,0.92,1409.76
C072673,1599.45,Loyal,0.88,1407.52
C089224,1781.57,Returning,0.79,1407.44
C051205,2553.51,Returning,0.55,1404.43
C054247,1632.04,New,0.86,1403.55
C087743,4008.4,New,0.35,1402.94
C069572,1446.15,Loyal,0.97,1402.77
C061649,2030.13,Returning,0.69,1400.79
C003898,1399.94,VIP,1.0,1399.94
C085483,2120.4,Loyal,0.66,1399.46
C067832,1841.0,VIP,0.76,1399.16
C054648,1442.39,VIP,0.97,1399.12
C009000,1412.62,Returning,0.99,1398.49
C069560,1412.59,VIP,0.99,1398.46
C004512,2452.37,New,0.57,1397.85
C024448,1397.71,New,1.0,1397.71
C075359,2218.38,Returning,0.63,1397.58
C027105,4991.0,Returning,0.28,1397.48
C011947,4655.35,New,0.3,1396.6
C027647,1994.59,New,0.7,1396.21
C036860,1410.15,New,0.99,1396.05
C018929,11632.61,Returning,0.12,1395.91
C003587,1395.5,Returning,1.0,1395.5
C056346,1516.61,New,0.92,1395.28
C006456,7343.0,Returning,0.19,1395.17
C031023,15500.69,VIP,0.09,1395.06
C042207,1394.84,New,1.0,1394.84
C099050,1408.16,Loyal,0.99,1394.08
C001867,1436.96,Returning,0.97,1393.85
C025350,3767.16,VIP,0.37,1393.85
C048367,1422.08,Returning,0.98,1393.64
C039635,1407.65,Returning,0.99,1393.57
C021918,19906.82,VIP,0.07,1393.48
C022957,15476.24,VIP,0.09,1392.86
C015421,5802.03,VIP,0.24,1392.49
C043379,1449.55,Returning,0.96,1391.57
C006209,1636.88,Returning,0.85,1391.35
C059143,1636.2,New,0.85,1390.77
C030824,1433.73,Loyal,0.97,1390.72
C097452,1528.04,VIP,0.91,1390.52
C009599,1737.31,New,0.8,1389.85
C012620,1462.41,VIP,0.95,1389.29
C057724,3156.15,Loyal,0.44,1388.71
C088361,3856.82,Returning,0.36,1388.46
C096268,1429.08,Returning,0.97,1386.21
C023608,5134.07,Returning,0.27,1386.2
C069400,1872.8,Loyal,0.74,1385.87
C038360,1457.21,Returning,0.95,1384.35
C093098,4326.05,New,0.32,1384.34
C098296,1383.89,New,1.0,1383.89
C057118,1471.44,Loyal,0.94,1383.15
C018371,1608.15,VIP,0.86,1383.01
C075691,1425.24,Returning,0.97,1382.48
C047745,2425.23,New,0.57,1382.38
C093283,3836.78,New,0.36,1381.24
C074665,1423.83,New,0.97,1381.12
C040647,1817.06,New,0.76,1380.97
C058065,1409.12,Returning,0.98,1380.94
C065906,6276.07,Returning,0.22,1380.74
C029227,1769.97,New,0.78,1380.58
C036413,27589.1,Loyal,0.05,1379.46
C088283,1393.06,Returning,0.99,1379.13
C068042,4447.21,Returning,0.31,1378.64
C016362,1450.72,Loyal,0.95,1378.18
C052113,3530.36,VIP,0.39,1376.84
C037422,2053.8,Loyal,0.67,1376.05
C022978,1375.01,Loyal,1.0,1375.01
C087127,4739.83,Loyal,0.29,1374.55
C032109,1446.59,Returning,0.95,1374.26
C022532,2113.63,New,0.65,1373.86
C070897,2179.92,Returning,0.63,1373.35
C046896,1542.87,Loyal,0.89,1373.15
C006692,11439.9,VIP,0.12,1372.79
C090757,1542.28,VIP,0.89,1372.63
C092450,1414.94,VIP,0.97,1372.49
C004686,1386.34,New,0.99,1372.48
C060468,1372.03,Returning,1.0,1372.03
C031232,1558.82,Returning,0.88,1371.76
C053117,1474.71,VIP,0.93,1371.48
C010425,1827.78,VIP,0.75,1370.84
C014821,1442.7,Returning,0.95,1370.56
C002515,1398.08,New,0.98,1370.12
C021394,1383.9,VIP,0.99,1370.06
C069141,3512.1,New,0.39,1369.72
C001420,1411.22,Returning,0.97,1368.88
C049563,1456.2,Loyal,0.94,1368.83
C045140,1368.31,VIP,1.0,1368.31
C080003,1367.14,New,1.0,1367.14
C044098,1424.09,Loyal,0.96,1367.13
C059051,1423.51,New,0.96,1366.57
C072206,1365.23,Loyal,1.0,1365.23
C038140,1467.61,New,0.93,1364.88
C031862,1550.66,VIP,0.88,1364.58
C008772,1390.27,VIP,0.98,1362.46
C098458,1362.31,Loyal,1.0,1362.31
C063418,9081.87,Loyal,0.15,1362.28
C064259,17008.1,New,0.08,1360.65
C001298,4251.13,Returning,0.32,1360.36
C007303,3238.56,Returning,0.42,1360.2
C082733,1373.92,VIP,0.99,1360.18
C075232,1888.89,New,0.72,1360.0
C041323,3885.5,Loyal,0.35,1359.92
C030455,1401.32,Loyal,0.97,1359.28
C073148,1400.21,Returning,0.97,1358.2
C048024,1385.92,New,0.98,1358.2
C080162,4850.09,VIP,0.28,1358.03
C096663,1385.56,New,0.98,1357.85
C036169,1560.41,Loyal,0.87,1357.56
C001880,1696.93,Loyal,0.8,1357.54
C041376,1938.35,VIP,0.7,1356.84
C055415,1506.82,Loyal,0.9,1356.14
C095182,2118.07,Returning,0.64,1355.56
C053709,6160.34,Returning,0.22,1355.27
C039664,1382.93,Loyal,0.98,1355.27
C032322,1693.53,VIP,0.8,1354.82
C038870,19347.15,Loyal,0.07,1354.3
C054156,1367.78,Returning,0.99,1354.1
C075411,1410.18,Loyal,0.96,1353.77
C035976,5009.16,VIP,0.27,1352.47
C055768,1438.72,Loyal,0.94,1352.4
C083100,3004.73,New,0.45,1352.13
C090820,3554.5,VIP,0.38,1350.71
C058808,1350.21,VIP,1.0,1350.21
C037782,2596.24,Loyal,0.52,1350.04
C074516,1363.5,Loyal,0.99,1349.86
C074621,1361.89,VIP,0.99,1348.27
C061784,1388.82,VIP,0.97,1347.16
C041235,2245.04,New,0.6,1347.02
C006905,1463.51,Returning,0.92,1346.43
C002431,1385.78,Loyal,0.97,1344.21
C019247,1357.66,New,0.99,1344.08
C050592,3200.07,New,0.42,1344.03
C079844,1399.87,VIP,0.96,1343.88
C056338,1356.9,Returning,0.99,1343.33
C014866,3627.52,New,0.37,1342.18
C045948,1341.44,Loyal,1.0,1341.44
C066863,1764.87,Loyal,0.76,1341.3
C049471,1341.1,Loyal,1.0,1341.1
C074986,2094.8,Loyal,0.64,1340.67
C005344,1741.12,Returning,0.77,1340.66
C015502,1367.38,Returning,0.98,1340.03
C097124,1695.99,New,0.79,1339.83
C070783,4783.34,Returning,0.28,1339.34
C087160,1352.63,Returning,0.99,1339.1
C026813,1378.98,Returning,0.97,1337.61
C010591,2056.9,VIP,0.65,1336.98
C054168,1350.11,VIP,0.99,1336.61
C063810,1436.92,VIP,0.93,1336.34
C092446,1349.24,New,0.99,1335.75
C019911,7419.39,VIP,0.18,1335.49
C075508,1589.65,New,0.84,1335.31
C038416,1689.67,New,0.79,1334.84
C058782,1375.85,Returning,0.97,1334.57
C075308,1334.14,Loyal,1.0,1334.14
C062282,22229.14,Returning,0.06,1333.75
C078093,1333.14,Returning,1.0,1333.14
C097393,1387.96,VIP,0.96,1332.44
C029748,1345.62,New,0.99,1332.16
C048200,1463.8,VIP,0.91,1332.06
C011650,1385.33,Returning,0.96,1329.92
C012369,1428.94,VIP,0.93,1328.91
C057100,1384.14,New,0.96,1328.77
C096331,1444.05,New,0.92,1328.53
C045937,1369.27,Returning,0.97,1328.19
C084916,1340.04,New,0.99,1326.64
C089355,1381.72,VIP,0.96,1326.45
C084195,1353.23,Returning,0.98,1326.17
C069935,2409.06,Returning,0.55,1324.98
C002469,1324.44,Loyal,1.0,1324.44
C044319,4413.5,Returning,0.3,1324.05
C023652,1378.87,VIP,0.96,1323.72
C018419,2815.85,VIP,0.47,1323.45
C095968,3007.65,VIP,0.44,1323.37
C091565,8269.86,Returning,0.16,1323.18
C096027,1322.99,Loyal,1.0,1322.99
C077691,1363.44,New,0.97,1322.54
C040367,1363.2,VIP,0.97,1322.3
C094883,1519.68,New,0.87,1322.12
C060770,1346.9,Loyal,0.98,1319.96
C010685,1319.22,New,1.0,1319.22
C092681,1343.79,Loyal,0.98,1316.91
C042556,1513.49,Loyal,0.87,1316.74
C058626,1314.79,Returning,1.0,1314.79
C049909,2629.36,VIP,0.5,1314.68
C098416,1340.55,New,0.98,1313.74
C072148,1340.25,Loyal,0.98,1313.44
C095285,11935.85,Loyal,0.11,1312.94
C049857,3750.81,Loyal,0.35,1312.78
C080417,1352.97,Returning,0.97,1312.38
C048390,1325.26,VIP,0.99,1312.01
C020210,1490.76,VIP,0.88,1311.87
C038690,1457.49,Loyal,0.9,1311.74
C051415,1380.76,VIP,0.95,1311.72
C002291,1338.46,VIP,0.98,1311.69
C035200,1351.51,Loyal,0.97,1310.96
C003615,1310.7,New,1.0,1310.7
C076505,1310.37,Loyal,1.0,1310.37
C092391,3447.66,VIP,0.38,1310.11
C059360,1350.4,Loyal,0.97,1309.89
C046626,1454.85,VIP,0.9,1309.36
C032281,1437.57,VIP,0.91,1308.19
C064768,1376.65,Loyal,0.95,1307.82
C060043,2043.31,New,0.64,1307.72
C015520,1375.83,New,0.95,1307.04
C078675,1405.37,Loyal,0.93,1306.99
C091689,1612.76,VIP,0.81,1306.34
C009884,1467.7,New,0.89,1306.25
C087040,1435.07,New,0.91,1305.91
C007624,1374.25,Loyal,0.95,1305.54
C001206,1305.25,Returning,1.0,1305.25
C092224,1553.67,VIP,0.84,1305.08
C018146,1433.75,VIP,0.91,1304.71
C036319,2774.37,VIP,0.47,1303.95
C068955,1330.47,VIP,0.98,1303.86
C004368,1303.43,VIP,1.0,1303.43
C088166,1357.55,VIP,0.96,1303.25
C053890,1302.35,VIP,1.0,1302.35
C056567,1315.25,Returning,0.99,1302.1
C056757,1414.95,New,0.92,1301.75
C013255,1341.99,VIP,0.97,1301.73
C006937,2206.27,New,0.59,1301.7
C016934,1414.05,Loyal,0.92,1300.93
C089725,1300.77,Loyal,1.0,1300.77
C034353,1367.64,Returning,0.95,1299.26
C058732,6837.8,Loyal,0.19,1299.18
C023862,1339.27,Loyal,0.97,1299.09
C013049,1882.56,VIP,0.69,1298.97
C066659,1603.42,New,0.81,1298.77
C081778,1426.63,Returning,0.91,1298.23
C059965,3089.95,Returning,0.42,1297.78
C033570,1297.62,New,1.0,1297.62
C070942,1322.78,Loyal,0.98,1296.32
C078669,3502.32,New,0.37,1295.86
C079290,7619.82,New,0.17,1295.37
C011834,1307.98,Loyal,0.99,1294.9
C074819,1320.85,VIP,0.98,1294.43
C068718,1347.57,Returning,0.96,1293.67
C007882,1346.57,New,0.96,1292.71
C072262,2350.34,Returning,0.55,1292.69
C062838,3076.17,VIP,0.42,1291.99
C047877,1769.4,VIP,0.73,1291.66
C070947,1291.62,New,1.0,1291.62
C053458,25817.08,VIP,0.05,1290.85
C053129,12903.13,Loyal,0.1,1290.31
C088129,1303.22,VIP,0.99,1290.19
C050943,1371.4,VIP,0.94,1289.12
C090074,1328.58,Loyal,0.97,1288.72
C070653,1342.33,Loyal,0.96,1288.64
C064291,1342.23,VIP,0.96,1288.54
C011797,1356.13,Returning,0.95,1288.32
C098846,1341.56,VIP,0.96,1287.9
C047264,1399.63,Returning,0.92,1287.66
C009698,1300.43,New,0.99,1287.43
C051905,1300.26,New,0.99,1287.26
C089054,2924.82,New,0.44,1286.92
C091096,1299.81,New,0.99,1286.81
C089084,14294.45,New,0.09,1286.5
C049722,1368.25,Returning,0.94,1286.16
C006599,1312.26,Loyal,0.98,1286.01
C031651,1298.61,VIP,0.99,1285.62
C054656,1311.51,Returning,0.98,1285.28
C090285,1916.96,Returning,0.67,1284.36
C078638,1296.8,Loyal,0.99,1283.83
C055432,1283.66,Returning,1.0,1283.66
C067076,1309.42,New,0.98,1283.23
C055707,1335.72,Returning,0.96,1282.29
C076441,1321.53,Loyal,0.97,1281.88
C032460,5825.37,New,0.22,1281.58
C082151,1320.88,Loyal,0.97,1281.25
C066950,1804.48,Loyal,0.71,1281.18
C044232,1306.52,VIP,0.98,1280.39
C096506,1280.38,New,1.0,1280.38
C052850,1293.1,New,0.99,1280.17
C017973,1319.6,Loyal,0.97,1280.01
C026891,1279.82,New,1.0,1279.82
C094729,1728.98,VIP,0.74,1279.45
C048449,1305.29,New,0.98,1279.18
C084719,1578.79,VIP,0.81,1278.82
C069805,2719.01,VIP,0.47,1277.93
C026148,2129.79,Returning,0.6,1277.87
C015727,1344.9,Returning,0.95,1277.66
C096684,1317.09,VIP,0.97,1277.58
C015483,1276.79,VIP,1.0,1276.79
C068818,1357.35,VIP,0.94,1275.91
C092949,1288.42,New,0.99,1275.54
C055825,4112.51,VIP,0.31,1274.88
C070257,6709.78,New,0.19,1274.86
C021197,3186.44,Returning,0.4,1274.58
C071783,1400.61,Loyal,0.91,1274.56
C025404,1416.15,New,0.9,1274.54
C062489,4111.36,New,0.31,1274.52
C019321,1355.61,Returning,0.94,1274.27
C038407,1535.21,VIP,0.83,1274.22
C010381,4718.91,VIP,0.27,1274.11
C059374,6705.84,Loyal,0.19,1274.11
C055173,1274.08,New,1.0,1274.08
C071224,1311.6,VIP,0.97,1272.25
C061067,1284.89,New,0.99,1272.04
C029500,1338.23,Loyal,0.95,1271.32
C030757,1569.35,Loyal,0.81,1271.17
C073888,1323.38,Loyal,0.96,1270.44
C086587,11545.45,Returning,0.11,1270.0
C054245,1395.53,VIP,0.91,1269.93
C022368,6031.27,New,0.21,1266.57
C047910,1292.37,New,0.98,1266.52
C082816,7899.94,Loyal,0.16,1263.99
C029035,1560.21,VIP,0.81,1263.77
C085583,1276.4,New,0.99,1263.64
C046463,25257.99,VIP,0.05,1262.9
C016118,1639.77,New,0.77,1262.62
C047543,1371.3,Returning,0.92,1261.6
C089993,3708.41,Loyal,0.34,1260.86
C076728,1370.27,VIP,0.92,1260.65
C087462,1853.88,VIP,0.68,1260.64
C060172,1273.09,VIP,0.99,1260.36
C003223,1286.06,Returning,0.98,1260.34
C078376,1285.82,Loyal,0.98,1260.1
C037563,2863.19,Returning,0.44,1259.8
C044215,13983.96,New,0.09,1258.56
C077827,1270.91,New,0.99,1258.2
C089517,1296.0,VIP,0.97,1257.12
C002010,1379.59,VIP,0.91,1255.43
C006502,1567.83,Returning,0.8,1254.26
C017234,1424.88,VIP,0.88,1253.89
C082421,2984.49,VIP,0.42,1253.49
C070484,1252.88,New,1.0,1252.88
C005099,1290.97,New,0.97,1252.24
C098756,1647.38,New,0.76,1252.01
C080463,1277.27,New,0.98,1251.72
C099110,1276.94,New,0.98,1251.4
C095556,1303.48,Loyal,0.96,1251.34
C045286,7358.71,VIP,0.17,1250.98
C071411,2404.26,New,0.52,1250.22
C044320,1249.91,Loyal,1.0,1249.91
C098205,2603.97,VIP,0.48,1249.91
C019621,1275.01,VIP,0.98,1249.51
C003048,1262.0,Returning,0.99,1249.38
C011297,2449.24,VIP,0.51,1249.11
C088365,1274.56,Loyal,0.98,1249.07
C047641,5945.17,New,0.21,1248.49
C049318,1401.43,VIP,0.89,1247.27
C033405,1285.75,Loyal,0.97,1247.18
C080934,1246.75,New,1.0,1246.75
C042379,1947.73,Returning,0.64,1246.55
C037317,1245.84,VIP,1.0,1245.84
C067925,1270.79,VIP,0.98,1245.37
C026343,4789.1,Returning,0.26,1245.17
C055224,1270.26,Returning,0.98,1244.85
C089434,1283.01,Loyal,0.97,1244.52
C048065,1555.37,Returning,0.8,1244.3
C074801,1255.99,New,0.99,1243.43
C015372,1351.4,VIP,0.92,1243.29
C068668,2644.31,Loyal,0.47,1242.83
C053819,5174.97,VIP,0.24,1241.99
C093175,1253.19,New,0.99,1240.66
C002143,1278.81,Returning,0.97,1240.45
C094860,1240.29,VIP,1.0,1240.29
C044883,1278.64,New,0.97,1240.28
C000343,1631.64,New,0.76,1240.05
C034456,1333.14,Loyal,0.93,1239.82
C057405,3178.84,Loyal,0.39,1239.75
C063118,1250.79,VIP,0.99,1238.28
C069420,1263.28,New,0.98,1238.01
C055560,1250.47,VIP,0.99,1237.97
C093622,1237.89,Loyal,1.0,1237.89
C021560,1358.44,VIP,0.91,1236.18
C039066,1235.2,Loyal,1.0,1235.2
C030230,1247.01,Returning,0.99,1234.54
C033119,1234.45,Loyal,1.0,1234.45
C090763,2327.75,Returning,0.53,1233.71
C056670,1246.04,VIP,0.99,1233.58
C057272,4567.13,Returning,0.27,1233.13
C039162,1311.58,New,0.94,1232.89
C084337,1311.31,New,0.94,1232.63
C083045,8801.17,VIP,0.14,1232.16
C081517,1323.04,Loyal,0.93,1230.43
C014110,9464.56,New,0.13,1230.39
C041009,20506.16,VIP,0.06,1230.37
C002281,3728.15,New,0.33,1230.29
C071788,2120.72,New,0.58,1230.02
C015534,1268.01,Loyal,0.97,1229.97
C090428,1229.54,Loyal,1.0,1229.54
C043638,2560.71,Loyal,0.48,1229.14
C019469,2409.49,Returning,0.51,1228.84
C056218,2408.92,VIP,0.51,1228.55
C020205,1349.36,Loyal,0.91,1227.92
C083663,1334.29,Loyal,0.92,1227.55
C039425,1252.27,New,0.98,1227.22
C046080,1290.39,Loyal,0.95,1225.87
C098285,5106.73,Loyal,0.24,1225.62
C020038,1225.52,VIP,1.0,1225.52
C054199,1224.96,New,1.0,1224.96
C034139,1249.7,VIP,0.98,1224.71
C053110,1345.39,Loyal,0.91,1224.3
C049359,1344.48,Returning,0.91,1223.48
C041502,1223.31,Loyal,1.0,1223.31
C040988,4077.02,VIP,0.3,1223.11
C050212,1235.19,New,0.99,1222.84
C035551,1851.78,Returning,0.66,1222.17
C080500,1259.9,Returning,0.97,1222.1
C028946,20332.48,Returning,0.06,1219.95
C060267,1284.14,Returning,0.95,1219.93
C008845,1219.48,New,1.0,1219.48
C011645,1505.51,Loyal,0.81,1219.46
C040516,1255.39,Loyal,0.97,1217.73
C003854,1254.8,VIP,0.97,1217.16
C001055,1216.74,Loyal,1.0,1216.74
C071665,1216.37,VIP,1.0,1216.37
C024146,2337.99,Returning,0.52,1215.75
C030145,1251.06,New,0.97,1213.53
C070150,1225.48,New,0.99,1213.23
C078309,4329.5,Returning,0.28,1212.26
C040062,1223.6,VIP,0.99,1211.36
C057144,1223.46,New,0.99,1211.23
C031356,1408.11,Returning,0.86,1210.97
C038371,1892.07,VIP,0.64,1210.92
C058485,1345.4,Returning,0.9,1210.86
C023336,1458.58,New,0.83,1210.62
C094263,1210.51,Loyal,1.0,1210.51
C018293,1494.1,VIP,0.81,1210.22
C039862,3558.09,New,0.34,1209.75
C082004,1374.54,New,0.88,1209.6
C096512,1343.84,Returning,0.9,1209.46
C098034,1209.13,New,1.0,1209.13
C069783,1233.32,VIP,0.98,1208.65
C058243,1373.1,VIP,0.88,1208.33
C049415,1299.2,Loyal,0.93,1208.26
C083675,1258.31,VIP,0.96,1207.98
C011307,1244.71,Returning,0.97,1207.37
C093120,3177.0,Returning,0.38,1207.26
C046066,5244.37,Returning,0.23,1206.21
C064774,1310.44,Loyal,0.92,1205.6
C053759,1353.37,Returning,0.89,1204.5
C058153,1280.87,Loyal,0.94,1204.02
C070895,1228.33,VIP,0.98,1203.76
C082005,1383.43,VIP,0.87,1203.58
C064720,2559.24,Loyal,0.47,1202.84
C006791,1239.67,Returning,0.97,1202.48
C090531,1321.39,Loyal,0.91,1202.46
C030691,1278.65,Loyal,0.94,1201.93
C041293,1292.24,New,0.93,1201.78
C073382,1226.28,Returning,0.98,1201.75
C042118,2107.19,VIP,0.57,1201.1
C098303,1224.82,VIP,0.98,1200.32
C011200,1249.34,New,0.96,1199.37
C065202,1537.61,Returning,0.78,1199.34
C019979,1236.13,VIP,0.97,1199.05
C070834,1223.12,Returning,0.98,1198.66
C060440,1712.18,VIP,0.7,1198.53
C069681,2852.77,Returning,0.42,1198.16
C051115,1711.21,VIP,0.7,1197.85
C076625,1234.57,Returning,0.97,1197.53
C048335,1425.24,New,0.84,1197.2
C001481,1208.99,Returning,0.99,1196.9
C090092,1245.17,Returning,0.96,1195.36
C003728,1313.48,Loyal,0.91,1195.27
C099663,3620.47,VIP,0.33,1194.76
C028816,1194.3,VIP,1.0,1194.3
C004176,1782.34,VIP,0.67,1194.17
C092935,1193.52,Loyal,1.0,1193.52
C030853,1230.39,Loyal,0.97,1193.48
C003072,4589.5,Returning,0.26,1193.27
C043662,1656.83,New,0.72,1192.92
C015836,7952.69,Loyal,0.15,1192.9
C020897,1217.14,Returning,0.98,1192.8
C000857,4112.73,New,0.29,1192.69
C029561,1192.47,New,1.0,1192.47
C035987,1192.44,VIP,1.0,1192.44
C043957,1204.41,Returning,0.99,1192.37
C003238,1216.63,Returning,0.98,1192.3
C029396,1216.62,Loyal,0.98,1192.29
C061549,1216.46,Returning,0.98,1192.13
C069197,2091.28,VIP,0.57,1192.03
C099212,1339.35,New,0.89,1192.02
C069565,1267.74,Loyal,0.94,1191.68
C039197,1368.88,VIP,0.87,1190.93
C034090,13221.14,Loyal,0.09,1189.9
C007424,1858.89,New,0.64,1189.69
C008132,1416.25,VIP,0.84,1189.65
C044341,3604.66,Loyal,0.33,1189.54
C084467,2973.76,Returning,0.4,1189.5
C000352,2477.08,Returning,0.48,1189.0
C085387,1238.4,Loyal,0.96,1188.86
C069326,1187.92,New,1.0,1187.92
C075742,1605.02,New,0.74,1187.71
C063582,1237.11,New,0.96,1187.63
C055349,5653.31,Returning,0.21,1187.2
C059727,1290.38,VIP,0.92,1187.15
C063818,19781.73,VIP,0.06,1186.9
C074010,1186.75,Loyal,1.0,1186.75
C094029,6589.83,Returning,0.18,1186.17
C040126,1210.18,Returning,0.98,1185.98
C035042,2522.14,New,0.47,1185.41
C017716,1197.37,Loyal,0.99,1185.4
C064822,3202.46,Loyal,0.37,1184.91
C036012,4230.51,New,0.28,1184.54
C072666,1183.26,VIP,1.0,1183.26
C097317,1206.86,New,0.98,1182.72
C079611,1181.91,VIP,1.0,1181.91
C056826,1313.08,New,0.9,1181.77
C090710,1712.35,Returning,0.69,1181.52
C028407,1230.51,Returning,0.96,1181.29
C006399,1230.28,Returning,0.96,1181.07
C047330,1181.04,Loyal,1.0,1181.04
C036505,4373.28,Loyal,0.27,1180.79
C029223,1255.95,New,0.94,1180.59
C004671,1709.08,New,0.69,1179.27
C075545,1203.32,Returning,0.98,1179.25
C097933,13102.69,New,0.09,1179.24
C012744,1267.87,Loyal,0.93,1179.12
C047659,1323.65,New,0.89,1178.05
C054397,1214.2,Loyal,0.97,1177.77
C080996,1177.61,New,1.0,1177.61
C000576,1959.71,New,0.6,1175.83
C083224,14697.11,New,0.08,1175.77
C071070,1306.29,Loyal,0.9,1175.66
C048215,1236.76,VIP,0.95,1174.92
C094741,1263.17,Returning,0.93,1174.75
C069571,1544.59,VIP,0.76,1173.89
C003167,1235.6,Returning,0.95,1173.82
C034016,1318.3,New,0.89,1173.29
C076102,1318.12,New,0.89,1173.13
C058504,1184.37,Returning,0.99,1172.53
C075613,7326.75,VIP,0.16,1172.28
C050395,1219.97,Returning,0.96,1171.17
C013023,1195.0,Returning,0.98,1171.1
C016409,4684.33,Returning,0.25,1171.08
C067257,1182.81,New,0.99,1170.98
C070444,1410.76,New,0.83,1170.93
C017898,1182.55,New,0.99,1170.72
C049797,1182.26,Loyal,0.99,1170.44
C015292,7314.4,Returning,0.16,1170.3
C049334,1169.88,Loyal,1.0,1169.88
C016815,1218.57,VIP,0.96,1169.83
C095134,1180.84,Loyal,0.99,1169.03
C081383,1270.4,New,0.92,1168.77
C080470,1204.76,New,0.97,1168.62
C002099,1204.43,Loyal,0.97,1168.3
C045944,1883.79,New,0.62,1167.95
C016695,1166.86,Returning,1.0,1166.86
C003058,4860.3,Loyal,0.24,1166.47
C038695,1166.1,New,1.0,1166.1
C010362,1201.86,Loyal,0.97,1165.8
C024904,1189.52,VIP,0.98,1165.73
C032427,1280.81,Returning,0.91,1165.54
C071941,1176.93,Loyal,0.99,1165.16
C036338,1163.21,New,1.0,1163.21
C004882,1163.06,VIP,1.0,1163.06
C066052,1291.65,VIP,0.9,1162.49
C034477,1160.92,VIP,1.0,1160.92
C073737,1871.19,Loyal,0.62,1160.14
C044433,1208.03,Returning,0.96,1159.71
C059976,1233.64,VIP,0.94,1159.62
C089144,2635.01,New,0.44,1159.4
C070672,1220.25,Returning,0.95,1159.24
C083888,1182.62,VIP,0.98,1158.97
C049237,1157.48,New,1.0,1157.48
C017521,1244.12,Returning,0.93,1157.03
C000128,1180.63,Returning,0.98,1157.02
C096149,1257.0,VIP,0.92,1156.44
C010572,1155.8,VIP,1.0,1155.8
C088036,1604.27,Loyal,0.72,1155.07
C011644,1242.0,Returning,0.93,1155.06
C081675,1228.77,Loyal,0.94,1155.04
C042480,1166.54,Returning,0.99,1154.87
C047810,1165.51,New,0.99,1153.85
C059269,1164.74,Returning,0.99,1153.09
C000980,1164.57,New,0.99,1152.92
C087578,1600.55,VIP,0.72,1152.4
C020960,1175.65,Loyal,0.98,1152.14
C048185,7678.96,Returning,0.15,1151.84
C024778,1163.4,VIP,0.99,1151.77
C017377,1174.77,Returning,0.98,1151.27
C053408,1162.44,VIP,0.99,1150.82
C084564,1174.23,New,0.98,1150.75
C066665,16438.72,New,0.07,1150.71
C033754,1173.94,VIP,0.98,1150.46
C092538,1161.56,Returning,0.99,1149.94
C088808,16423.25,VIP,0.07,1149.63
C010898,1148.92,Loyal,1.0,1148.92
C039817,1262.04,VIP,0.91,1148.46
C067313,5468.0,Returning,0.21,1148.28
C052129,2551.59,Returning,0.45,1148.22
C060621,1220.97,Loyal,0.94,1147.71
C036999,1170.58,New,0.98,1147.17
C027262,1260.31,Returning,0.91,1146.88
C090633,1170.29,Returning,0.98,1146.88
C046934,1158.37,New,0.99,1146.79
C041929,1170.07,VIP,0.98,1146.67
C072799,1245.94,Returning,0.92,1146.26
C087786,1181.14,New,0.97,1145.71
C059627,1156.85,New,0.99,1145.28
C090225,1168.42,Loyal,0.98,1145.05
C096734,1243.3,New,0.92,1143.84
C061619,2722.48,VIP,0.42,1143.44
C088204,1203.36,VIP,0.95,1143.19
C006092,1142.83,VIP,1.0,1142.83
C080786,2483.31,New,0.46,1142.32
C064088,1165.47,VIP,0.98,1142.16
C063979,1141.94,Returning,1.0,1141.94
C067911,1153.12,New,0.99,1141.59
C048112,1214.15,Loyal,0.94,1141.3
C012126,12677.14,Returning,0.09,1140.94
C060171,12669.45,VIP,0.09,1140.25
C008498,1200.01,VIP,0.95,1140.01
C042540,2999.32,Returning,0.38,1139.74
C067175,2071.26,New,0.55,1139.19
C007227,3927.67,Returning,0.29,1139.02
C049389,1150.31,Returning,0.99,1138.81
C041306,1150.03,VIP,0.99,1138.53
C030733,1198.03,VIP,0.95,1138.13
C083221,1387.73,Returning,0.82,1137.94
C052111,1160.65,Returning,0.98,1137.44
C036219,1196.84,Loyal,0.95,1137.0
C013936,1385.69,New,0.82,1136.27
C048619,8735.92,VIP,0.13,1135.67
C025306,3546.76,VIP,0.32,1134.96
C037342,2466.96,New,0.46,1134.8
C029916,5673.09,Loyal,0.2,1134.62
C076504,1245.88,Loyal,0.91,1133.75
C015902,1245.67,VIP,0.91,1133.56
C034734,1133.45,Returning,1.0,1133.45
C089578,1132.7,Returning,1.0,1132.7
C014376,1155.8,Loyal,0.98,1132.68
C073034,1131.44,Loyal,1.0,1131.44
C089831,4038.47,New,0.28,1130.77
C040682,5950.81,Returning,0.19,1130.65
C034951,3645.83,Returning,0.31,1130.21
C011492,1189.43,New,0.95,1129.96
C087005,1129.1,Returning,1.0,1129.1
C089769,1297.5,Loyal,0.87,1128.82
C043138,2401.36,Returning,0.47,1128.64
C057968,1128.28,VIP,1.0,1128.28
C096875,1175.21,VIP,0.96,1128.2
C097905,6634.66,New,0.17,1127.89
C044077,12529.63,Returning,0.09,1127.67
C073818,1138.89,New,0.99,1127.5
C043218,2966.38,VIP,0.38,1127.22
C051996,1326.04,New,0.85,1127.13
C076398,1126.88,New,1.0,1126.88
C016526,1521.96,Returning,0.74,1126.25
C095816,2164.65,Returning,0.52,1125.62
C014950,3751.16,New,0.3,1125.35
C057297,1461.37,New,0.77,1125.25
C068687,1197.05,New,0.94,1125.23
C088418,9376.24,Returning,0.12,1125.15
C034206,2393.57,New,0.47,1124.98
C076930,2343.21,Returning,0.48,1124.74
C049024,1249.62,Loyal,0.9,1124.66
C098624,2292.32,Loyal,0.49,1123.24
C007634,1134.49,Returning,0.99,1123.15
C093323,2807.73,Returning,0.4,1123.09
C070885,1157.73,New,0.97,1123.0
C037467,1781.13,Returning,0.63,1122.11
C088480,1193.48,Returning,0.94,1121.87
C009563,1475.62,Loyal,0.76,1121.47
C073235,1121.02,Loyal,1.0,1121.02
C070665,1191.65,New,0.94,1120.15
C084941,1217.38,New,0.92,1119.99
C045823,1119.98,Loyal,1.0,1119.98
C063440,13994.07,Returning,0.08,1119.53
C079023,1119.51,New,1.0,1119.51
C030726,1141.63,Returning,0.98,1118.8
C009369,2484.74,Loyal,0.45,1118.13
C034508,13974.21,Returning,0.08,1117.94
C014448,1129.01,Loyal,0.99,1117.72
C097007,1128.97,New,0.99,1117.68
C023077,1152.1,New,0.97,1117.54
C078260,1188.07,Loyal,0.94,1116.79
C004025,1801.16,New,0.62,1116.72
C006729,1116.09,VIP,1.0,1116.09
C046132,1150.42,VIP,0.97,1115.91
C081660,1376.99,New,0.81,1115.36
C068725,1149.12,Returning,0.97,1114.65
C015892,1114.17,New,1.0,1114.17
C039913,1136.55,Loyal,0.98,1113.82
C075197,1324.67,Returning,0.84,1112.72
C084575,1134.3,Returning,0.98,1111.61
C001737,10093.09,New,0.11,1110.24
C066510,1247.43,Returning,0.89,1110.21
C069921,1132.38,Loyal,0.98,1109.73
C087390,1109.12,Returning,1.0,1109.12
C049454,1131.76,Returning,0.98,1109.12
C030126,2843.76,New,0.39,1109.07
C071350,1232.15,Loyal,0.9,1108.94
C061201,1304.27,Returning,0.85,1108.63
C023823,1130.03,Loyal,0.98,1107.43
C094284,1537.94,VIP,0.72,1107.32
C022542,6135.82,Returning,0.18,1104.45
C043171,1115.33,Returning,0.99,1104.18
C001604,1379.78,New,0.8,1103.82
C044061,10034.7,Returning,0.11,1103.82
C086958,1161.71,Returning,0.95,1103.62
C024185,1113.27,Loyal,0.99,1102.14
C057336,1124.63,Returning,0.98,1102.14
C038834,5009.65,Returning,0.22,1102.12
C068089,1136.17,Loyal,0.97,1102.08
C083673,1311.92,Loyal,0.84,1102.01
C052294,15741.38,Loyal,0.07,1101.9
C063187,1223.55,Loyal,0.9,1101.2
C003311,1265.42,Loyal,0.87,1100.92
C032056,1804.24,Loyal,0.61,1100.59
C094676,1122.8,VIP,0.98,1100.34
C045606,6470.88,Returning,0.17,1100.05
C013829,1134.01,New,0.97,1099.99
C032367,3436.42,New,0.32,1099.65
C021590,4227.29,VIP,0.26,1099.1
C028584,1292.21,VIP,0.85,1098.38
C051362,2196.52,Returning,0.5,1098.26
C053869,1568.74,VIP,0.7,1098.12
C052082,1180.34,New,0.93,1097.72
C071950,1119.83,New,0.98,1097.43
C063939,1097.09,Returning,1.0,1097.09
C083163,1108.02,Returning,0.99,1096.94
C039639,1166.85,Loyal,0.94,1096.84
C007688,1768.92,New,0.62,1096.73
C006833,1290.03,New,0.85,1096.53
C081614,1118.86,VIP,0.98,1096.48
C043422,2192.54,Loyal,0.5,1096.27
C081823,1797.1,New,0.61,1096.23
C089874,1118.58,Returning,0.98,1096.21
C092317,1118.0,Loyal,0.98,1095.64
C098412,1304.13,Returning,0.84,1095.47
C094615,1825.14,New,0.6,1095.08
C025244,1140.06,Returning,0.96,1094.46
C024493,1986.3,Returning,0.55,1092.47
C021334,4551.13,Loyal,0.24,1092.27
C017789,1092.15,VIP,1.0,1092.15
C022297,3210.31,New,0.34,1091.51
C024363,1125.21,VIP,0.97,1091.45
C091695,1102.41,Returning,0.99,1091.39
C057627,1113.61,Loyal,0.98,1091.34
C007058,1101.77,Returning,0.99,1090.75
C003494,1090.74,Loyal,1.0,1090.74
C031871,1090.49,Loyal,1.0,1090.49
C046144,1090.39,VIP,1.0,1090.39
C041220,10900.9,VIP,0.1,1090.09
C031452,1651.23,VIP,0.66,1089.81
C029506,2136.52,Loyal,0.51,1089.63
C061985,1532.92,Loyal,0.71,1088.37
C080276,1121.72,Loyal,0.97,1088.07
C054410,3295.75,New,0.33,1087.6
C022878,12083.45,Returning,0.09,1087.51
C074556,1086.72,New,1.0,1086.72
C095302,1097.44,VIP,0.99,1086.47
C015603,1119.53,New,0.97,1085.94
C013827,1292.5,VIP,0.84,1085.7
C025400,7236.78,VIP,0.15,1085.52
C090837,1427.92,Returning,0.76,1085.22
C063234,1096.17,Returning,0.99,1085.21
C005764,1153.15,VIP,0.94,1083.96
C005710,18062.84,New,0.06,1083.77
C001732,4166.11,New,0.26,1083.19
C069423,1082.76,New,1.0,1082.76
C083147,1093.54,VIP,0.99,1082.6
C098924,4706.04,VIP,0.23,1082.39
C077078,1303.93,Loyal,0.83,1082.26
C040621,1273.23,Loyal,0.85,1082.25
C091734,1189.19,New,0.91,1082.16
C091513,1127.13,Loyal,0.96,1082.04
C066681,1174.47,Returning,0.92,1080.51
C024506,2572.06,Returning,0.42,1080.27
C093883,1125.15,New,0.96,1080.14
C030529,1101.7,Returning,0.98,1079.67
C041409,1090.11,VIP,0.99,1079.21
C071952,1239.04,VIP,0.87,1077.96
C046227,1088.18,Loyal,0.99,1077.3
C011568,1584.16,VIP,0.68,1077.23
C025857,1237.82,New,0.87,1076.9
C078914,1170.4,New,0.92,1076.77
C031202,1120.41,VIP,0.96,1075.59
C031471,1097.37,VIP,0.98,1075.42
C057769,1097.03,New,0.98,1075.09
C026502,1096.9,Returning,0.98,1074.96
C005961,3467.33,VIP,0.31,1074.87
C030275,3466.33,Returning,0.31,1074.56
C029876,1220.73,New,0.88,1074.24
C014484,1074.17,New,1.0,1074.17
C081012,1141.77,Returning,0.94,1073.26
C050674,1072.85,Returning,1.0,1072.85
C042949,1165.29,New,0.92,1072.07
C053753,1105.18,VIP,0.97,1072.02
C047206,2230.96,VIP,0.48,1070.86
C038291,1274.33,Loyal,0.84,1070.44
C015443,1070.4,Returning,1.0,1070.4
C067735,1092.11,VIP,0.98,1070.27
C054357,3451.05,VIP,0.31,1069.83
C097010,1102.62,Returning,0.97,1069.54
C048661,1162.25,VIP,0.92,1069.27
C033266,1113.56,New,0.96,1069.02
C047066,15266.64,VIP,0.07,1068.66
C098454,1161.54,New,0.92,1068.62
C011653,1113.04,Returning,0.96,1068.52
C032119,4855.81,New,0.22,1068.28
C039527,21353.24,Loyal,0.05,1067.66
C049989,1285.03,VIP,0.83,1066.57
C010784,1098.46,Returning,0.97,1065.51
C007252,1087.14,Returning,0.98,1065.4
C062330,1097.69,VIP,0.97,1064.76
C058418,1400.09,VIP,0.76,1064.07
C036276,5063.12,New,0.21,1063.26
C065683,1296.27,Loyal,0.82,1062.94
C079227,8857.74,Returning,0.12,1062.93
C008232,1062.27,VIP,1.0,1062.27
C002855,1117.77,Returning,0.95,1061.88
C032435,1454.33,New,0.73,1061.66
C058717,1061.57,VIP,1.0,1061.57
C069683,1061.28,New,1.0,1061.28
C005105,1128.49,VIP,0.94,1060.78
C058281,1070.81,Returning,0.99,1060.1
C088251,1070.65,Returning,0.99,1059.94
C005070,1070.31,Loyal,0.99,1059.61
C023865,1081.22,New,0.98,1059.6
C075749,1103.58,Returning,0.96,1059.44
C079247,2521.62,New,0.42,1059.08
C098370,1069.72,Returning,0.99,1059.02
C066598,1103.06,Returning,0.96,1058.94
C014050,1058.9,New,1.0,1058.9
C098841,4411.87,New,0.24,1058.85
C001995,1058.85,Loyal,1.0,1058.85
C018829,11762.47,New,0.09,1058.62
C063760,2646.0,VIP,0.4,1058.4
C091068,1679.35,Loyal,0.63,1057.99
C002620,1125.51,VIP,0.94,1057.98
C041755,1068.54,New,0.99,1057.85
C045339,8815.21,Loyal,0.12,1057.83
C077275,1057.51,Returning,1.0,1057.51
C094159,1124.81,VIP,0.94,1057.32
C006153,1056.95,VIP,1.0,1056.95
C027480,1089.58,VIP,0.97,1056.89
C023009,1056.19,Loyal,1.0,1056.19
C061989,1760.01,New,0.6,1056.01
C071732,2455.58,Loyal,0.43,1055.9
C008387,3640.82,Loyal,0.29,1055.84
C067649,1077.39,New,0.98,1055.84
C036892,1088.28,Loyal,0.97,1055.63
C044028,3639.8,VIP,0.29,1055.54
C095977,1172.81,New,0.9,1055.53
C070434,1529.35,New,0.69,1055.25
C007111,1087.49,Returning,0.97,1054.87
C067776,1648.1,Loyal,0.64,1054.78
C003270,7029.53,New,0.15,1054.43
C085103,11711.75,Loyal,0.09,1054.06
C087719,1075.38,Returning,0.98,1053.87
C007546,1086.42,VIP,0.97,1053.83
C092412,2026.48,Returning,0.52,1053.77
C079746,1063.76,Loyal,0.99,1053.12
C071025,1332.44,Returning,0.79,1052.63
C079902,1063.04,Returning,0.99,1052.41
C059308,1131.22,Returning,0.93,1052.03
C014522,1236.03,Loyal,0.85,1050.63
C046497,1050.52,VIP,1.0,1050.52
C008376,1094.04,Loyal,0.96,1050.28
C039293,1381.43,Returning,0.76,1049.89
C060142,4196.78,New,0.25,1049.2
C030470,1152.49,New,0.91,1048.77
C086477,1081.21,Returning,0.97,1048.77
C039062,1080.92,Returning,0.97,1048.49
C032609,1152.17,New,0.91,1048.47
C077898,1079.41,Returning,0.97,1047.03
C047052,3609.94,Loyal,0.29,1046.88
C070599,1079.12,VIP,0.97,1046.75
C097320,1245.21,VIP,0.84,1045.98
C031166,1136.65,Loyal,0.92,1045.72
C052611,1112.44,VIP,0.94,1045.69
C006742,2431.76,Loyal,0.43,1045.66
C024461,1136.5,VIP,0.92,1045.58
C081901,1077.79,New,0.97,1045.46
C018486,2321.25,VIP,0.45,1044.56
C000448,1055.08,Returning,0.99,1044.53
C017373,14916.77,Loyal,0.07,1044.17
C036294,8032.07,Loyal,0.13,1044.17
C002272,1099.12,Returning,0.95,1044.16
C074180,1065.47,VIP,0.98,1044.16
C038194,1491.53,New,0.7,1044.07
C074005,1043.71,Returning,1.0,1043.71
C041371,1043.06,VIP,1.0,1043.06
C063809,2978.87,VIP,0.35,1042.6
C097145,7446.68,New,0.14,1042.54
C086768,1097.16,Loyal,0.95,1042.3
C037775,1132.71,VIP,0.92,1042.09
C097970,1063.08,Returning,0.98,1041.82
C072953,1052.17,New,0.99,1041.65
C012729,1096.3,Returning,0.95,1041.48
C051763,1318.16,Loyal,0.79,1041.35
C069830,1119.29,New,0.93,1040.94
C026846,3357.37,VIP,0.31,1040.78
C099689,1050.78,New,0.99,1040.27
C016896,1039.76,New,1.0,1039.76
C084468,1050.22,Loyal,0.99,1039.72
C008297,1039.66,VIP,1.0,1039.66
C029518,1049.88,Loyal,0.99,1039.38
C079438,1049.74,Returning,0.99,1039.24
C048397,1093.93,Loyal,0.95,1039.23
C016408,1093.47,Loyal,0.95,1038.8
C068673,1081.16,Loyal,0.96,1037.91
C011148,1037.04,Returning,1.0,1037.04
C046439,5183.9,VIP,0.2,1036.78
C043274,1068.47,New,0.97,1036.42
C010408,1068.31,Returning,0.97,1036.26
C046154,1090.47,VIP,0.95,1035.95
C079113,1150.66,New,0.9,1035.59
C091530,5750.73,Loyal,0.18,1035.13
C035427,1124.71,VIP,0.92,1034.73
C004816,1111.97,New,0.93,1034.13
C074770,4133.96,Loyal,0.25,1033.49
C007581,1033.26,Returning,1.0,1033.26
C073976,1377.55,New,0.75,1033.16
C063642,1098.88,VIP,0.94,1032.95
C031250,1043.36,Loyal,0.99,1032.93
C060088,1064.58,VIP,0.97,1032.64
C019391,1075.56,Returning,0.96,1032.54
C011609,1064.35,VIP,0.97,1032.42
C037578,1134.11,VIP,0.91,1032.04
C052326,1053.03,VIP,0.98,1031.97
C032591,1074.39,Loyal,0.96,1031.41
C075063,1051.49,New,0.98,1030.46
C000458,2861.97,Returning,0.36,1030.31
C023214,1030.17,New,1.0,1030.17
C011747,20602.79,VIP,0.05,1030.14
C019906,1061.82,New,0.97,1029.97
C084831,1390.96,New,0.74,1029.31
C084385,1082.82,VIP,0.95,1028.68
C094638,1038.99,New,0.99,1028.6
C098151,1038.92,VIP,0.99,1028.53
C043691,1804.35,New,0.57,1028.48
C002404,1028.18,Returning,1.0,1028.18
C097249,1049.07,Loyal,0.98,1028.09
C097654,3953.11,Loyal,0.26,1027.81
C095348,1352.08,New,0.76,1027.58
C092992,1037.83,New,0.99,1027.45
C069668,1334.3,VIP,0.77,1027.41
C078883,1580.37,Returning,0.65,1027.24
C027976,1069.94,Loyal,0.96,1027.14
C003309,1283.74,VIP,0.8,1026.99
C004791,1069.67,Loyal,0.96,1026.88
C061803,2443.51,Loyal,0.42,1026.27
C023547,1057.15,Loyal,0.97,1025.44
C039476,1046.09,Loyal,0.98,1025.17
C042614,1553.01,New,0.66,1024.99
C091128,7321.29,Returning,0.14,1024.98
C035872,1055.83,Loyal,0.97,1024.16
C060320,1066.67,New,0.96,1024.0
C041078,1044.82,Loyal,0.98,1023.92
C061184,1033.68,New,0.99,1023.34
C036349,1189.24,Returning,0.86,1022.75
C014968,1043.58,VIP,0.98,1022.71
C021255,1054.12,Loyal,0.97,1022.5
C034293,7865.15,Loyal,0.13,1022.47
C081643,1161.77,Returning,0.88,1022.36
C083873,1022.33,Loyal,1.0,1022.33
C058869,1216.52,Loyal,0.84,1021.88
C076895,3189.95,Loyal,0.32,1020.78
C075214,1074.43,VIP,0.95,1020.71
C084829,1020.66,Loyal,1.0,1020.66
C004860,1020.26,VIP,1.0,1020.26
C022836,1040.94,Returning,0.98,1020.12
C075377,1096.24,Returning,0.93,1019.5
C032535,1061.5,Loyal,0.96,1019.04
C055527,1819.0,New,0.56,1018.64
C010701,1049.63,VIP,0.97,1018.14
C073835,1060.41,Loyal,0.96,1017.99
C024076,1082.37,Returning,0.94,1017.43
C038424,14530.87,New,0.07,1017.16
C026481,1037.75,Loyal,0.98,1017.0
C037527,1016.78,Loyal,1.0,1016.78
C074484,1016.05,Returning,1.0,1016.05
C054805,6347.35,New,0.16,1015.58
C076075,1449.14,Loyal,0.7,1014.4
C097304,1014.03,Returning,1.0,1014.03
C057904,1034.52,Returning,0.98,1013.83
C062629,1267.05,Returning,0.8,1013.64
C077561,1055.82,VIP,0.96,1013.59
C065377,1023.82,VIP,0.99,1013.58
C029875,1206.27,New,0.84,1013.27
C030070,5332.02,VIP,0.19,1013.08
C030987,1012.51,Loyal,1.0,1012.51
C059866,1012.21,New,1.0,1012.21
C083502,14452.63,VIP,0.07,1011.68
C012718,1136.55,New,0.89,1011.53
C066387,1053.57,VIP,0.96,1011.43
C027253,1532.21,VIP,0.66,1011.26
C095301,1031.36,Loyal,0.98,1010.73
C006873,14434.23,Loyal,0.07,1010.4
C024311,1030.86,Returning,0.98,1010.24
C079586,5311.74,New,0.19,1009.23
C039526,1073.48,New,0.94,1009.07
C032932,1133.43,Returning,0.89,1008.75
C062068,1029.28,New,0.98,1008.69
C056287,1018.84,New,0.99,1008.65
C097673,1028.69,Loyal,0.98,1008.12
C058815,1901.52,Returning,0.53,1007.81
C060791,1095.35,VIP,0.92,1007.72
C013774,1399.19,VIP,0.72,1007.42
C023772,1227.91,VIP,0.82,1006.89
C080573,1059.01,VIP,0.95,1006.06
C023121,1241.81,Returning,0.81,1005.87
C040629,16760.79,Loyal,0.06,1005.65
C043843,1005.57,VIP,1.0,1005.57
C081765,1036.41,VIP,0.97,1005.32
C026435,1005.09,VIP,1.0,1005.09
C081284,1046.85,New,0.96,1004.98
C045509,1045.83,New,0.96,1004.0
C045844,1338.6,Returning,0.75,1003.95
C011194,1356.61,VIP,0.74,1003.89
C021689,1056.46,New,0.95,1003.64
C065302,1254.5,Returning,0.8,1003.6
C068734,7164.89,New,0.14,1003.08
C034057,1012.77,Loyal,0.99,1002.64
C041844,1044.4,VIP,0.96,1002.62
C040962,1012.5,Loyal,0.99,1002.38
C064488,1054.99,VIP,0.95,1002.24
C075270,1021.98,New,0.98,1001.54
C013689,1011.4,Returning,0.99,1001.29
C090101,1011.19,New,0.99,1001.08
C090236,1010.53,Loyal,0.99,1000.42
C030410,1031.34,Loyal,0.97,1000.4
C028643,1020.29,VIP,0.98,999.88
C049676,7140.66,VIP,0.14,999.69
C083543,1009.54,New,0.99,999.44
C078181,1009.52,Loyal,0.99,999.42
C056802,1586.28,Returning,0.63,999.36
C024813,1009.37,New,0.99,999.28
C023169,999.08,Loyal,1.0,999.08
C044881,1019.3,Loyal,0.98,998.91
C059972,1050.92,VIP,0.95,998.37
C039274,1008.23,Returning,0.99,998.15
C011173,997.98,Loyal,1.0,997.98
C025522,1246.93,VIP,0.8,997.54
C025183,1017.82,Loyal,0.98,997.46
C043933,1006.88,Loyal,0.99,996.81
C041904,1402.75,VIP,0.71,995.95
C099188,1036.15,Returning,0.96,994.7
C021462,1156.24,VIP,0.86,994.37
C054765,19884.34,New,0.05,994.22
C057343,994.13,New,1.0,994.13
C013739,1361.61,VIP,0.73,993.98
C044023,1057.23,New,0.94,993.8
C066720,1034.63,VIP,0.96,993.24
C038388,2068.34,Returning,0.48,992.8
C004064,1154.21,VIP,0.86,992.62
C069914,1055.91,VIP,0.94,992.56
C051726,1012.73,New,0.98,992.48
C030995,992.24,New,1.0,992.24
C073827,1503.13,Returning,0.66,992.07
C053983,1066.63,New,0.93,991.97
C064907,1044.11,Loyal,0.95,991.9
C091788,1011.88,VIP,0.98,991.64
C000625,1043.82,Returning,0.95,991.63
C056125,1054.02,New,0.94,990.78
C016441,1000.78,VIP,0.99,990.77
C061700,1000.51,VIP,0.99,990.5
C098364,1737.31,Loyal,0.57,990.27
C096461,14141.82,Returning,0.07,989.93
C059602,5207.59,Loyal,0.19,989.44
C017809,1041.5,Returning,0.95,989.42
C001825,14132.89,New,0.07,989.3
C023677,1110.1,New,0.89,987.99
C043847,1134.76,New,0.87,987.24
C006322,996.85,Returning,0.99,986.88
C007373,1017.34,Loyal,0.97,986.82
C041749,1472.37,Returning,0.67,986.49
C011828,3181.85,Loyal,0.31,986.37
C051688,1280.6,VIP,0.77,986.06
C061883,1187.77,New,0.83,985.85
C061584,1026.9,VIP,0.96,985.82
C048272,1060.02,Loyal,0.93,985.82
C078836,1071.29,New,0.92,985.59
C044795,1082.96,VIP,0.91,985.49
C035326,1047.93,Loyal,0.94,985.05
C040248,1015.17,New,0.97,984.71
C095654,1004.59,Returning,0.98,984.5
C082507,994.41,New,0.99,984.47
C038224,1514.34,Loyal,0.65,984.32
C012770,1130.52,Loyal,0.87,983.55
C062918,982.83,New,1.0,982.83
C065767,1091.94,VIP,0.9,982.75
C047167,1023.58,New,0.96,982.64
C064218,7011.9,Returning,0.14,981.67
C077386,16355.12,VIP,0.06,981.31
C045219,2973.22,New,0.33,981.16
C098546,1000.95,New,0.98,980.93
C048075,1000.94,New,0.98,980.92
C065420,1000.83,New,0.98,980.81
C083352,5159.43,New,0.19,980.29
C073563,990.07,VIP,0.99,980.17
C047721,999.66,Loyal,0.98,979.67
C097425,16327.08,Returning,0.06,979.62
C088826,8160.99,New,0.12,979.32
C037528,988.97,Returning,0.99,979.08
C070099,1439.37,VIP,0.68,978.77
C073849,978.63,VIP,1.0,978.63
C065354,978.56,Loyal,1.0,978.56
C066553,1505.4,New,0.65,978.51
C040433,988.25,VIP,0.99,978.37
C085980,2037.27,Returning,0.48,977.89
C096022,2036.56,VIP,0.48,977.55
C023379,1062.46,Returning,0.92,977.46
C047785,977.05,Loyal,1.0,977.05
C010100,1713.48,Returning,0.57,976.68
C069517,1027.26,VIP,0.95,975.9
C093455,1005.82,Returning,0.97,975.65
C038125,1134.17,Returning,0.86,975.39
C029535,994.9,Loyal,0.98,975.0
C069812,984.61,Loyal,0.99,974.76
C027780,2072.2,Returning,0.47,973.93
C088570,993.72,New,0.98,973.85
C026847,983.64,VIP,0.99,973.8
C078145,1118.92,VIP,0.87,973.46
C023755,1035.51,VIP,0.94,973.38
C033595,1496.58,New,0.65,972.78
C034707,992.08,New,0.98,972.24
C006330,2314.16,VIP,0.42,971.95
C081725,1156.86,VIP,0.84,971.76
C005498,1022.41,VIP,0.95,971.29
C034339,10791.7,New,0.09,971.25
C092427,970.93,Returning,1.0,970.93
C054213,1011.33,VIP,0.96,970.88
C088507,2065.53,VIP,0.47,970.8
C012383,1000.54,New,0.97,970.52
C075108,979.76,New,0.99,969.96
C077842,1154.65,New,0.84,969.91
C038333,4848.69,VIP,0.2,969.74
C030401,1020.31,Returning,0.95,969.29
C054409,988.95,New,0.98,969.17
C097490,1126.43,Loyal,0.86,968.73
C001222,988.34,VIP,0.98,968.57
C057091,8065.75,VIP,0.12,967.89
C051522,2546.86,Returning,0.38,967.81
C028711,977.54,Returning,0.99,967.76
C018626,977.52,New,0.99,967.74
C064013,977.45,Loyal,0.99,967.68
C022794,5088.59,New,0.19,966.83
C002055,975.96,Returning,0.99,966.2
C015279,985.9,New,0.98,966.18
C007168,1150.01,VIP,0.84,966.01
C094907,1110.11,Loyal,0.87,965.8
C040438,975.16,VIP,0.99,965.41
C053441,964.83,VIP,1.0,964.83
C086978,1221.3,VIP,0.79,964.83
C026654,2755.79,New,0.35,964.53
C004231,5673.47,Loyal,0.17,964.49
C033365,2192.02,Loyal,0.44,964.49
C013798,993.95,Returning,0.97,964.13
C070854,983.43,Returning,0.98,963.76
C022958,1070.29,Returning,0.9,963.26
C010406,963.06,New,1.0,963.06
C016421,2407.27,VIP,0.4,962.91
C046743,962.6,New,1.0,962.6
C080936,1002.54,Returning,0.96,962.44
C083470,5346.76,Loyal,0.18,962.42
C087315,971.44,Returning,0.99,961.73
C026344,970.82,New,0.99,961.11
C056577,1231.48,New,0.78,960.55
C002331,1957.37,VIP,0.49,959.11
C007520,998.7,New,0.96,958.75
C055455,978.28,Loyal,0.98,958.71
C047433,968.15,Loyal,0.99,958.47
C085774,1521.29,New,0.63,958.41
C054073,2522.02,Loyal,0.38,958.37
C053023,1545.38,VIP,0.62,958.14
C052691,1052.6,New,0.91,957.87
C017196,986.66,New,0.97,957.06
C038792,1087.41,Loyal,0.88,956.92
C063763,985.97,Loyal,0.97,956.39
C040853,985.55,Returning,0.97,955.98
C089240,965.62,Loyal,0.99,955.96
C047016,1137.63,Returning,0.84,955.61
C055282,1016.05,VIP,0.94,955.09
C016188,3080.83,Loyal,0.31,955.06
C046681,2511.46,VIP,0.38,954.35
C032088,13625.23,New,0.07,953.77
C081709,973.23,New,0.98,953.77
C002130,5297.38,VIP,0.18,953.53
C045116,4767.23,New,0.2,953.45
C006362,962.58,VIP,0.99,952.95
C004978,962.06,VIP,0.99,952.44
C048164,971.64,Loyal,0.98,952.21
C045717,971.53,VIP,0.98,952.1
C051583,961.68,Loyal,0.99,952.06
C016475,2974.5,Loyal,0.32,951.84
C049228,6795.49,New,0.14,951.37
C051547,960.66,Returning,0.99,951.05
C077649,1792.09,Returning,0.53,949.81
C019032,979.02,Returning,0.97,949.65
C093551,949.61,New,1.0,949.61
C004052,1043.48,New,0.91,949.57
C051637,1104.06,VIP,0.86,949.49
C085177,968.61,Loyal,0.98,949.24
C060308,947.42,New,1.0,947.42
C018798,1041.12,Loyal,0.91,947.42
C079563,966.5,New,0.98,947.17
C043657,976.23,Returning,0.97,946.94
C008076,1126.77,New,0.84,946.49
C048097,946.42,Returning,1.0,946.42
C037096,955.83,Loyal,0.99,946.27
C055365,974.57,Loyal,0.97,945.33
C026218,973.24,VIP,0.97,944.04
C001442,944.04,Loyal,1.0,944.04
C099739,943.9,New,1.0,943.9
C029777,943.83,VIP,1.0,943.83
C007410,1136.59,Returning,0.83,943.37
C047143,2417.57,Loyal,0.39,942.85
C079509,941.89,VIP,1.0,941.89
C022494,980.74,New,0.96,941.51
C060508,941.47,Returning,1.0,941.47
C081341,1161.88,VIP,0.81,941.12
C098338,950.33,New,0.99,940.83
C061019,1403.76,VIP,0.67,940.52
C023605,1253.87,VIP,0.75,940.4
C093856,989.89,Returning,0.95,940.4
C040351,959.46,VIP,0.98,940.27
C017568,3615.62,VIP,0.26,940.06
C069588,23500.2,Loyal,0.04,940.01
C048014,1540.85,New,0.61,939.92
C019562,1269.62,Loyal,0.74,939.52
C008937,1067.59,VIP,0.88,939.48
C070964,958.57,New,0.98,939.4
C031207,8537.51,VIP,0.11,939.13
C036457,1104.52,Loyal,0.85,938.84
C096739,977.68,Loyal,0.96,938.57
C083248,998.23,Loyal,0.94,938.34
C008915,2759.1,New,0.34,938.09
C094811,1019.57,Returning,0.92,938.0
C060987,1769.48,Returning,0.53,937.82
C005497,937.7,New,1.0,937.7
C064453,956.24,VIP,0.98,937.12
C025669,1101.66,Returning,0.85,936.41
C000966,2675.24,New,0.35,936.33
C084764,1439.77,Loyal,0.65,935.85
C008687,1039.53,VIP,0.9,935.58
C026633,13357.64,VIP,0.07,935.03
C082335,1298.41,VIP,0.72,934.86
C004197,944.23,New,0.99,934.79
C016513,1015.91,Loyal,0.92,934.64
C088601,944.03,VIP,0.99,934.59
C019664,2670.06,Loyal,0.35,934.52
C098788,13350.02,Returning,0.07,934.5
C012359,1125.87,Loyal,0.83,934.47
C000492,943.82,Returning,0.99,934.38
C069750,943.52,Loyal,0.99,934.08
C076206,943.36,VIP,0.99,933.93
C037980,943.12,VIP,0.99,933.69
C056543,933.53,Returning,1.0,933.53
C055980,1014.11,New,0.92,932.98
C044194,951.59,New,0.98,932.56
C038247,970.84,New,0.96,932.01
C056198,950.83,New,0.98,931.81
C099229,1122.62,Loyal,0.83,931.77
C097303,1058.19,New,0.88,931.21
C099091,1001.19,Loyal,0.93,931.11
C067755,9305.73,New,0.1,930.57
C060057,939.64,VIP,0.99,930.24
C035361,948.84,VIP,0.98,929.86
C062091,929.46,Loyal,1.0,929.46
C009625,958.15,New,0.97,929.41
C060216,1119.56,Loyal,0.83,929.23
C033370,957.86,Returning,0.97,929.12
C057641,947.43,Loyal,0.98,928.48
C085438,947.17,VIP,0.98,928.23
C097978,10308.92,New,0.09,927.8
C058035,23193.3,Loyal,0.04,927.73
C074788,966.32,Returning,0.96,927.67
C059886,926.97,VIP,1.0,926.97
C013576,1425.19,VIP,0.65,926.37
C060525,1403.03,Returning,0.66,926.0
C028817,944.71,Loyal,0.98,925.82
C079220,974.31,New,0.95,925.59
C035875,6167.88,Loyal,0.15,925.18
C044574,1051.3,Loyal,0.88,925.14
C044747,963.68,New,0.96,925.13
C047165,1005.16,Loyal,0.92,924.75
C023287,13198.85,Returning,0.07,923.92
C081026,8399.2,New,0.11,923.91
C006982,1358.03,New,0.68,923.46
C042859,923.29,Loyal,1.0,923.29
C098530,951.84,Returning,0.97,923.28
C017503,2051.6,New,0.45,923.22
C086222,1168.58,VIP,0.79,923.18
C040952,932.44,Returning,0.99,923.12
C067240,1398.53,Returning,0.66,923.03
C058559,961.41,Returning,0.96,922.95
C048131,6590.48,Loyal,0.14,922.67
C016702,1537.69,Returning,0.6,922.61
C083688,931.72,VIP,0.99,922.4
C090051,930.32,VIP,0.99,921.02
C080528,7083.68,New,0.13,920.88
C040260,2092.62,VIP,0.44,920.75
C084656,920.67,Returning,1.0,920.67
C067769,4184.39,Returning,0.22,920.57
C006922,1164.93,Returning,0.79,920.29
C025513,938.04,VIP,0.98,919.28
C061375,1209.53,VIP,0.76,919.24
C038264,937.32,New,0.98,918.57
C035979,1556.87,VIP,0.59,918.55
C081984,977.17,VIP,0.94,918.54
C095781,937.26,Returning,0.98,918.51
C082334,918.23,Returning,1.0,918.23
C098073,956.23,Loyal,0.96,917.98
C068870,2085.79,VIP,0.44,917.75
C057607,927.01,New,0.99,917.74
C074647,917.4,Loyal,1.0,917.4
C026974,945.35,New,0.97,916.99
C073857,935.44,Loyal,0.98,916.73
C051616,925.48,Returning,0.99,916.23
C083626,6106.92,New,0.15,916.04
C040561,933.97,Returning,0.98,915.29
C072420,3155.52,Loyal,0.29,915.1
C039587,973.46,Returning,0.94,915.05
C016387,2951.52,Returning,0.31,914.97
C018780,22873.4,Returning,0.04,914.94
C077726,923.77,VIP,0.99,914.53
C081149,942.47,New,0.97,914.2
C094269,3047.28,VIP,0.3,914.18
C017450,6528.06,New,0.14,913.93
C014738,1014.88,VIP,0.9,913.39
C027586,1790.48,Loyal,0.51,913.14
C077106,1060.68,Returning,0.86,912.18
C076205,1824.07,New,0.5,912.04
C059381,1381.71,VIP,0.66,911.93
C070407,1266.32,Returning,0.72,911.75
C030463,7597.25,Returning,0.12,911.67
C058061,1071.84,Returning,0.85,911.06
C062591,5691.25,New,0.16,910.6
C033805,947.66,Loyal,0.96,909.75
C062529,947.39,Returning,0.96,909.49
C048620,3636.38,New,0.25,909.1
C085711,7575.09,Loyal,0.12,909.01
C032541,936.79,Loyal,0.97,908.69
C005039,956.38,VIP,0.95,908.56
C078047,1891.81,Returning,0.48,908.07
C035823,22699.88,VIP,0.04,908.0
C025502,916.59,VIP,0.99,907.42
C057671,954.26,Returning,0.95,906.55
C000180,915.56,Loyal,0.99,906.4
C058914,924.74,VIP,0.98,906.25
C095616,963.76,Returning,0.94,905.93
C013207,933.41,VIP,0.97,905.41
C039435,1005.97,Returning,0.9,905.37
C074725,914.52,VIP,0.99,905.37
C067986,952.88,Returning,0.95,905.24
C086051,923.68,New,0.98,905.21
C021795,905.09,Returning,1.0,905.09
C037415,904.78,New,1.0,904.78
C056523,904.65,Loyal,1.0,904.65
C032319,904.42,Loyal,1.0,904.42
C033012,982.88,New,0.92,904.25
C070923,951.58,New,0.95,904.0
C046138,950.99,Loyal,0.95,903.44
C074498,12904.76,Returning,0.07,903.33
C020285,960.37,Returning,0.94,902.75
C040251,960.23,VIP,0.94,902.62
C059421,902.2,Returning,1.0,902.2
C089252,1187.1,Loyal,0.76,902.2
C076390,911.29,New,0.99,902.18
C015633,1036.0,New,0.87,901.32
C016843,7498.29,Returning,0.12,899.79
C083127,11247.34,Returning,0.08,899.79
C097870,908.8,Returning,0.99,899.71
C050964,946.79,Returning,0.95,899.45
C021355,956.58,Returning,0.94,899.19
C021195,1231.61,Loyal,0.73,899.08
C069026,926.68,Loyal,0.97,898.88
C045883,4279.03,New,0.21,898.6
C058463,4489.12,Loyal,0.2,897.82
C070831,7478.58,New,0.12,897.43
C059846,1093.45,VIP,0.82,896.63
C085020,923.77,VIP,0.97,896.06
C044497,923.63,Loyal,0.97,895.92
C040196,914.07,Returning,0.98,895.79
C063112,1053.15,Returning,0.85,895.18
C048337,962.35,Returning,0.93,894.99
C078956,1076.86,New,0.83,893.79
C038793,940.52,Loyal,0.95,893.49
C027805,893.32,Loyal,1.0,893.32
C099806,6380.39,VIP,0.14,893.25
C065120,1190.81,VIP,0.75,893.11
C035203,901.84,VIP,0.99,892.82
C076073,22312.84,Loyal,0.04,892.51
C040360,8922.49,Returning,0.1,892.25
C017567,6369.94,New,0.14,891.79
C076438,900.77,Loyal,0.99,891.76
C076481,919.21,Loyal,0.97,891.63
C016809,909.73,New,0.98,891.54
C059836,938.09,Returning,0.95,891.19
C065382,891.09,Returning,1.0,891.09
C039708,12728.97,Returning,0.07,891.03
C016096,917.82,Loyal,0.97,890.29
C002184,936.19,Loyal,0.95,889.38
C033443,3557.42,VIP,0.25,889.36
C010219,897.98,VIP,0.99,889.0
C012401,1706.57,Loyal,0.52,887.42
C053373,905.45,New,0.98,887.34
C032272,3412.1,New,0.26,887.15
C092328,905.18,Returning,0.98,887.08
C030335,894.92,VIP,0.99,885.97
C092968,903.72,VIP,0.98,885.65
C061220,903.48,Returning,0.98,885.41
C075299,1451.32,VIP,0.61,885.31
C073149,903.08,New,0.98,885.02
C015250,1246.09,Loyal,0.71,884.72
C008587,893.48,Loyal,0.99,884.55
C049743,902.41,Returning,0.98,884.36
C097479,1636.81,Returning,0.54,883.88
C039446,883.58,Returning,1.0,883.58
C013040,1038.45,Loyal,0.85,882.68
C042202,948.88,Loyal,0.93,882.46
C030814,4412.12,VIP,0.2,882.42
C045696,4200.13,New,0.21,882.03
C059643,938.2,Loyal,0.94,881.91
C013946,881.57,Returning,1.0,881.57
C045549,2050.12,Returning,0.43,881.55
C077490,947.61,Returning,0.93,881.28
C061774,889.69,Loyal,0.99,880.79
C088944,2935.49,VIP,0.3,880.65
C085230,888.83,New,0.99,879.94
C092388,888.76,New,0.99,879.87
C061398,21995.95,Returning,0.04,879.84
C086623,879.77,New,1.0,879.77
C092350,1142.18,New,0.77,879.48
C054600,3382.27,Returning,0.26,879.39
C079068,1332.0,New,0.66,879.12
C015619,915.72,VIP,0.96,879.09
C000503,879.04,Returning,1.0,879.04
C085767,878.68,New,1.0,878.68
C012451,976.29,Loyal,0.9,878.66
C073559,7987.25,Returning,0.11,878.6
C050872,914.93,Loyal,0.96,878.33
C018145,887.05,Loyal,0.99,878.18
C076492,877.8,New,1.0,877.8
C029773,886.59,Loyal,0.99,877.72
C085321,933.4,Returning,0.94,877.4
C069142,923.29,VIP,0.95,877.13
C013568,953.12,VIP,0.92,876.87
C024414,903.75,Returning,0.97,876.64
C001837,973.11,Loyal,0.9,875.8
C048993,2245.52,Returning,0.39,875.75
C081420,883.91,VIP,0.99,875.07
C036859,892.7,New,0.98,874.85
C093565,961.2,VIP,0.91,874.69
C090529,5465.0,New,0.16,874.4
C053216,920.03,Returning,0.95,874.03
C093390,1016.18,Loyal,0.86,873.91
C017714,891.5,Loyal,0.98,873.67
C074497,910.06,New,0.96,873.66
C029050,949.01,New,0.92,873.09
C084341,872.8,New,1.0,872.8
C034824,881.42,Loyal,0.99,872.61
C037638,12461.55,New,0.07,872.31
C013775,2180.5,Loyal,0.4,872.2
C056819,1320.55,New,0.66,871.56
C032611,898.03,Loyal,0.97,871.09
C067974,4584.44,Returning,0.19,871.04
C005881,2721.83,New,0.32,870.99
C017455,946.7,VIP,0.92,870.96
C085310,907.17,Loyal,0.96,870.88
C031956,870.87,New,1.0,870.87
C022451,870.86,VIP,1.0,870.86
C085847,897.47,Loyal,0.97,870.55
C033296,888.32,Loyal,0.98,870.55
C065771,879.27,Loyal,0.99,870.48
C000954,878.85,Returning,0.99,870.06
C084856,925.59,Returning,0.94,870.05
C045071,878.45,New,0.99,869.67
C099570,2172.24,Returning,0.4,868.9
C016197,953.93,Loyal,0.91,868.08
C046571,5416.67,Loyal,0.16,866.67
C015153,865.93,New,1.0,865.93
C074054,1273.42,Loyal,0.68,865.93
C077371,874.32,Loyal,0.99,865.58
C031565,1006.39,Returning,0.86,865.5
C050079,883.09,VIP,0.98,865.43
C060332,873.88,Returning,0.99,865.14
C027791,1695.94,Loyal,0.51,864.93
C043444,881.92,VIP,0.98,864.28
C098264,993.33,Returning,0.87,864.2
C001225,4114.53,New,0.21,864.05
C019364,12341.36,New,0.07,863.9
C036095,899.24,Returning,0.96,863.27
C060235,1568.86,VIP,0.55,862.87
C038145,5391.86,VIP,0.16,862.7
C029973,898.59,Returning,0.96,862.65
C018332,862.46,Returning,1.0,862.46
C074779,870.65,VIP,0.99,861.94
C067030,3746.58,New,0.23,861.71
C038902,887.98,Returning,0.97,861.34
C092347,3310.98,New,0.26,860.85
C014269,887.26,Loyal,0.97,860.64
C056545,1132.41,Loyal,0.76,860.63
C013530,2868.33,Loyal,0.3,860.5
C075512,4299.72,VIP,0.2,859.94
C072764,859.78,New,1.0,859.78
C057058,7161.64,Loyal,0.12,859.4
C080411,895.17,Returning,0.96,859.36
C084128,2321.09,Loyal,0.37,858.8
C088998,12264.19,VIP,0.07,858.49
C008116,6131.88,Returning,0.14,858.46
C078273,932.22,Loyal,0.92,857.64
C062655,1994.08,Loyal,0.43,857.45
C088282,7792.08,New,0.11,857.13
C093685,3570.3,VIP,0.24,856.87
C093274,2039.89,Loyal,0.42,856.75
C064267,1112.25,Loyal,0.77,856.43
C035171,855.41,Loyal,1.0,855.41
C052241,21372.55,VIP,0.04,854.9
C098175,872.21,Loyal,0.98,854.77
C047652,909.3,New,0.94,854.74
C059566,863.27,Returning,0.99,854.64
C029128,889.93,New,0.96,854.33
C095708,854.09,Loyal,1.0,854.09
C009843,854.07,New,1.0,854.07
C074420,970.48,Loyal,0.88,854.02
C017404,853.9,Loyal,1.0,853.9
C007653,3282.46,Loyal,0.26,853.44
C034061,853.32,Returning,1.0,853.32
C097107,1376.16,Loyal,0.62,853.22
C026758,1895.87,Loyal,0.45,853.14
C039099,3877.86,VIP,0.22,853.13
C084593,870.31,Loyal,0.98,852.9
C015023,852.76,New,1.0,852.76
C081758,852.7,Loyal,1.0,852.7
C052548,2029.92,Loyal,0.42,852.57
C004229,1253.69,VIP,0.68,852.51
C031242,2367.94,Returning,0.36,852.46
C081173,851.6,New,1.0,851.6
C074483,859.69,VIP,0.99,851.09
C097314,886.21,Returning,0.96,850.76
C014601,858.8,Loyal,0.99,850.21
C059081,1977.0,VIP,0.43,850.11
C022883,867.32,Loyal,0.98,849.97
C055136,976.67,New,0.87,849.7
C048707,1392.47,Returning,0.61,849.41
C010951,866.25,New,0.98,848.92
C054894,857.29,Returning,0.99,848.72
C056048,856.81,Returning,0.99,848.24
C050141,892.66,Loyal,0.95,848.03
C011839,1461.91,Returning,0.58,847.91
C007771,892.22,New,0.95,847.61
C083439,892.17,VIP,0.95,847.56
C050360,1046.33,Returning,0.81,847.53
C005116,873.68,New,0.97,847.47
C090098,973.64,New,0.87,847.07
C095852,2419.15,Loyal,0.35,846.7
C075103,5639.13,VIP,0.15,845.87
C078220,863.13,Loyal,0.98,845.87
C007032,3131.94,VIP,0.27,845.62
C052193,845.46,New,1.0,845.46
C021584,862.67,Returning,0.98,845.42
C068091,2283.79,Returning,0.37,845.0
C014702,862.2,New,0.98,844.96
C027260,871.08,Returning,0.97,844.95
C001633,861.58,Loyal,0.98,844.35
C053281,861.39,VIP,0.98,844.16
C028906,936.88,VIP,0.9,843.19
C076002,851.7,Loyal,0.99,843.18
C011923,1405.14,Returning,0.6,843.08
C082328,868.91,New,0.97,842.84
C099299,2809.03,New,0.3,842.71
C029285,1053.29,Returning,0.8,842.63
C077172,1026.62,Loyal,0.82,841.83
C045386,935.1,Returning,0.9,841.59
C069282,1107.2,Returning,0.76,841.47
C035122,2003.2,New,0.42,841.34
C051952,14018.87,Returning,0.06,841.13
C069868,849.4,VIP,0.99,840.91
C044798,840.27,Loyal,1.0,840.27
C033549,2471.36,VIP,0.34,840.26
C039252,5251.44,New,0.16,840.23
C055456,943.14,VIP,0.89,839.39
C085833,13984.85,VIP,0.06,839.09
C051262,856.09,Returning,0.98,838.97
C007332,1103.81,New,0.76,838.9
C033561,846.77,Loyal,0.99,838.3
C028741,1180.56,New,0.71,838.2
C093832,854.97,Loyal,0.98,837.87
C097848,846.32,VIP,0.99,837.86
C021681,845.87,New,0.99,837.41
C090057,863.23,VIP,0.97,837.33
C070841,1116.33,Loyal,0.75,837.25
C091711,837.16,Returning,1.0,837.16
C092102,890.51,VIP,0.94,837.08
C026662,862.89,Returning,0.97,837.0
C042200,899.9,Returning,0.93,836.91
C068549,2698.86,Loyal,0.31,836.65
C051247,918.78,Returning,0.91,836.09
C050961,888.58,New,0.94,835.27
C063399,835.16,Returning,1.0,835.16
C027973,860.21,VIP,0.97,834.4
C053056,948.13,New,0.88,834.35
C003096,2034.87,Loyal,0.41,834.3
C041413,834.28,Loyal,1.0,834.28
C010758,1017.07,Returning,0.82,834.0
C005224,1029.16,VIP,0.81,833.62
C066211,850.48,New,0.98,833.47
C080293,1016.3,Loyal,0.82,833.37
C062866,877.16,Returning,0.95,833.3
C056861,832.97,Returning,1.0,832.97
C083645,3328.59,VIP,0.25,832.15
C057631,16634.66,VIP,0.05,831.73
C078889,955.62,New,0.87,831.39
C091611,1847.04,Returning,0.45,831.17
C001577,1278.56,New,0.65,831.06
C075050,1628.87,Returning,0.51,830.72
C096065,2862.53,VIP,0.29,830.13
C019011,829.57,VIP,1.0,829.57
C098591,16584.07,Returning,0.05,829.2
C041503,829.01,VIP,1.0,829.01
C014306,881.79,VIP,0.94,828.88
C073401,837.2,New,0.99,828.83
C080351,845.54,New,0.98,828.63
C097088,845.47,Returning,0.98,828.56
C092408,4873.85,VIP,0.17,828.55
C023374,6373.27,VIP,0.13,828.53
C088295,836.61,New,0.99,828.24
C089927,827.94,Loyal,1.0,827.94
C019091,827.75,Returning,1.0,827.75
C074573,827.43,Loyal,1.0,827.43
C091619,939.79,VIP,0.88,827.02
C006114,843.73,VIP,0.98,826.86
C038602,950.2,VIP,0.87,826.67
C067512,908.23,Loyal,0.91,826.49
C081972,1475.57,New,0.56,826.32
C010744,851.8,Returning,0.97,826.25
C005309,860.63,New,0.96,826.2
C003086,851.55,New,0.97,826.0
C001381,825.66,Loyal,1.0,825.66
C062468,2172.18,Loyal,0.38,825.43
C073596,9168.82,New,0.09,825.19
C084164,16500.44,Loyal,0.05,825.02
C018103,2355.5,Returning,0.35,824.42
C021091,1194.65,VIP,0.69,824.31
C037428,13737.89,Returning,0.06,824.27
C061020,2169.05,VIP,0.38,824.24
C098307,947.08,Loyal,0.87,823.96
C019316,2657.86,Loyal,0.31,823.94
C060415,832.05,VIP,0.99,823.73
C084988,831.86,Loyal,0.99,823.54
C026181,1265.35,New,0.65,822.48
C050817,838.97,New,0.98,822.19
C022003,4110.76,Returning,0.2,822.15
C038797,883.66,VIP,0.93,821.8
C052299,923.21,New,0.89,821.66
C050497,838.38,Returning,0.98,821.61
C031847,933.54,New,0.88,821.52
C017003,2219.96,New,0.37,821.39
C004294,2052.28,Loyal,0.4,820.91
C057946,1674.46,New,0.49,820.49
C091122,845.08,Returning,0.97,819.73
C022732,4097.76,Returning,0.2,819.55
C097207,1743.07,VIP,0.47,819.24
C087789,853.34,VIP,0.96,819.21
C018491,986.87,Returning,0.83,819.1
C072442,819.02,Returning,1.0,819.02
C044419,871.17,New,0.94,818.9
C059961,889.91,New,0.92,818.72
C052150,879.98,Loyal,0.93,818.38
C015348,1363.91,VIP,0.6,818.35
C043249,1035.58,Returning,0.79,818.11
C054915,834.79,New,0.98,818.09
C093879,851.74,Returning,0.96,817.67
C002495,1257.77,Loyal,0.65,817.55
C017912,860.35,Loyal,0.95,817.33
C031184,825.37,New,0.99,817.12
C032227,1483.74,New,0.55,816.06
C056603,841.19,New,0.97,815.95
C011856,1087.45,Loyal,0.75,815.59
C017164,876.89,New,0.93,815.51
C067132,849.43,VIP,0.96,815.45
C001386,823.37,New,0.99,815.14
C055636,823.3,VIP,0.99,815.07
C043736,1215.71,Loyal,0.67,814.53
C033853,875.64,Returning,0.93,814.35
C027292,8140.74,Returning,0.1,814.07
C061659,1507.47,Loyal,0.54,814.03
C044807,1291.64,Loyal,0.63,813.73
C002437,3254.88,Loyal,0.25,813.72
C012111,821.87,Loyal,0.99,813.65
C063370,884.18,New,0.92,813.45
C037869,847.07,New,0.96,813.19
C037666,1213.11,New,0.67,812.78
C099183,2321.74,Returning,0.35,812.61
C081262,829.13,New,0.98,812.55
C046933,812.48,Loyal,1.0,812.48
C003234,812.35,Loyal,1.0,812.35
C055543,819.92,New,0.99,811.72
C019824,836.57,VIP,0.97,811.47
C093040,854.16,VIP,0.95,811.45
C054369,827.97,VIP,0.98,811.41
C077420,11567.83,New,0.07,809.75
C047616,860.97,Loyal,0.94,809.31
C033879,817.23,Returning,0.99,809.06
C059094,842.5,New,0.96,808.8
C050845,842.2,Returning,0.96,808.51
C084927,20212.31,Loyal,0.04,808.49
C048108,816.61,Loyal,0.99,808.44
C096841,1469.4,New,0.55,808.17
C021738,1077.47,New,0.75,808.1
C068865,961.89,Returning,0.84,807.99
C083735,824.23,Loyal,0.98,807.75
C098387,807.62,New,1.0,807.62
C086299,841.22,New,0.96,807.57
C007256,16149.41,Loyal,0.05,807.47
C039715,858.65,New,0.94,807.13
C030001,806.9,Loyal,1.0,806.9
C097476,867.61,VIP,0.93,806.88
C007835,2782.28,Loyal,0.29,806.86
C060098,814.72,Returning,0.99,806.57
C009285,839.99,VIP,0.96,806.39
C012348,6716.41,Loyal,0.12,805.97
C029269,839.35,VIP,0.96,805.78
C043071,813.48,New,0.99,805.35
C027013,936.26,Returning,0.86,805.18
C045816,821.58,Returning,0.98,805.15
C015548,813.26,VIP,0.99,805.13
C037379,821.33,VIP,0.98,804.9
C018455,804.82,Returning,1.0,804.82
C084694,821.2,New,0.98,804.78
C078232,812.65,VIP,0.99,804.52
C025864,3830.72,VIP,0.21,804.45
C058365,934.93,Returning,0.86,804.04
C069373,820.35,Returning,0.98,803.94
C070347,855.2,VIP,0.94,803.89
C016704,11480.76,New,0.07,803.65
C067583,845.89,New,0.95,803.6
C048334,20087.5,Loyal,0.04,803.5
C038413,1056.49,Loyal,0.76,802.93
C078615,819.21,VIP,0.98,802.83
C099277,818.85,New,0.98,802.47
C092608,818.74,Loyal,0.98,802.37
C029532,3085.14,Loyal,0.26,802.14
C003243,1382.88,New,0.58,802.07
C026495,3486.62,Loyal,0.23,801.92
C063665,843.49,New,0.95,801.32
C082952,2427.86,New,0.33,801.19
C041892,1177.32,Loyal,0.68,800.58
C064446,889.51,New,0.9,800.56
C038165,808.57,Returning,0.99,800.48
C036481,800.42,New,1.0,800.42
C090425,6665.35,New,0.12,799.84
C091626,807.83,New,0.99,799.75
C073129,8885.33,Loyal,0.09,799.68
C018174,807.63,Loyal,0.99,799.55
C010890,807.6,Returning,0.99,799.52
C084344,1158.58,Returning,0.69,799.42
C084451,807.37,Loyal,0.99,799.3
C084901,831.85,New,0.96,798.58
C014604,13307.95,VIP,0.06,798.48
C076226,1156.71,New,0.69,798.13
C085913,814.33,Returning,0.98,798.04
C011242,797.95,VIP,1.0,797.95
C012257,797.55,New,1.0,797.55
C094264,9954.14,VIP,0.08,796.33
C008639,803.92,Loyal,0.99,795.88
C015088,865.08,VIP,0.92,795.87
C018521,2652.76,VIP,0.3,795.83
C069990,1989.39,VIP,0.4,795.76
C013578,846.54,Returning,0.94,795.75
C088275,935.32,VIP,0.85,795.02
C079145,811.15,VIP,0.98,794.93
C094115,810.93,Returning,0.98,794.71
C088751,819.18,VIP,0.97,794.6
C027234,3972.3,Returning,0.2,794.46
C015563,7943.57,VIP,0.1,794.36
C019710,810.14,VIP,0.98,793.94
C083332,835.51,New,0.95,793.73
C066886,844.36,Returning,0.94,793.7
C052181,793.57,Returning,1.0,793.57
C044543,2938.61,Loyal,0.27,793.42
C072398,3966.76,Returning,0.2,793.35
C031367,1057.71,Returning,0.75,793.28
C099406,800.63,Returning,0.99,792.62
C099280,15847.27,New,0.05,792.36
C094496,11316.45,VIP,0.07,792.15
C002389,965.71,Loyal,0.82,791.88
C032561,816.09,Returning,0.97,791.61
C096606,823.99,VIP,0.96,791.03
C041686,6081.83,Returning,0.13,790.64
C032441,840.93,New,0.94,790.47
C027557,987.6,Loyal,0.8,790.08
C019084,789.55,Loyal,1.0,789.55
C004381,789.44,VIP,1.0,789.44
C021490,2132.75,New,0.37,789.12
C057513,821.93,Returning,0.96,789.05
C090891,821.71,VIP,0.96,788.84
C053624,906.63,VIP,0.87,788.77
C000579,830.25,Returning,0.95,788.74
C054444,821.53,VIP,0.96,788.67
C076703,788.66,Loyal,1.0,788.66
C030713,6568.55,New,0.12,788.23
C019393,796.12,VIP,0.99,788.16
C017498,820.81,Returning,0.96,787.98
C095602,875.52,VIP,0.9,787.97
C063408,1141.95,Returning,0.69,787.95
C066747,1270.54,Loyal,0.62,787.73
C057356,787.32,VIP,1.0,787.32
C046859,787.32,New,1.0,787.32
C035760,811.65,New,0.97,787.3
C092183,1140.58,New,0.69,787.0
C032871,786.84,VIP,1.0,786.84
C030573,794.64,Returning,0.99,786.69
C064553,802.7,Loyal,0.98,786.65
C067280,854.88,Loyal,0.92,786.49
C091970,786.44,VIP,1.0,786.44
C045692,827.42,Loyal,0.95,786.05
C016775,793.68,VIP,0.99,785.74
C013646,801.67,New,0.98,785.64
C030477,818.36,VIP,0.96,785.63
C057158,801.66,Loyal,0.98,785.63
C063346,785.62,Loyal,1.0,785.62
C006405,826.85,Returning,0.95,785.51
C046035,844.14,Loyal,0.93,785.05
C090676,993.35,Returning,0.79,784.75
C010856,1783.47,VIP,0.44,784.73
C037593,792.35,Returning,0.99,784.43
C002661,1329.12,New,0.59,784.18
C011450,944.43,VIP,0.83,783.88
C053981,799.62,Loyal,0.98,783.63
C002429,1017.22,New,0.77,783.26
C097355,824.4,VIP,0.95,783.18
C088216,920.83,Returning,0.85,782.71
C039899,790.14,Loyal,0.99,782.24
C004594,814.57,Loyal,0.96,781.99
C001464,789.74,New,0.99,781.84
C094591,813.37,Returning,0.96,780.84
C027160,887.19,VIP,0.88,780.73
C009060,857.6,New,0.91,780.42
C041655,796.34,VIP,0.98,780.41
C004976,1147.52,Returning,0.68,780.31
C004614,830.08,New,0.94,780.28
C082561,829.89,New,0.94,780.1
C039659,1146.88,VIP,0.68,779.88
C092699,787.4,Returning,0.99,779.53
C082039,786.65,New,0.99,778.78
C057019,786.55,New,0.99,778.68
C091658,874.8,Loyal,0.89,778.57
C068798,4324.53,VIP,0.18,778.42
C016523,855.35,VIP,0.91,778.37
C038500,778.29,VIP,1.0,778.29
C060213,1275.68,VIP,0.61,778.16
C096924,785.89,New,0.99,778.03
C070042,793.91,New,0.98,778.03
C073826,777.85,New,1.0,777.85
C085100,3534.5,New,0.22,777.59
C079680,3108.72,Returning,0.25,777.18
C031881,1035.98,New,0.75,776.98
C058022,826.35,New,0.94,776.77
C024865,1990.96,Returning,0.39,776.47
C002084,792.2,New,0.98,776.36
C011898,5544.72,VIP,0.14,776.26
C063487,15523.03,VIP,0.05,776.15
C091598,2503.58,VIP,0.31,776.11
C097851,800.08,New,0.97,776.08
C026747,775.67,New,1.0,775.67
C061377,783.43,Returning,0.99,775.6
C092578,25842.97,VIP,0.03,775.29
C029350,833.63,Loyal,0.93,775.28
C089640,2584.25,VIP,0.3,775.28
C011410,2766.03,Returning,0.28,774.49
C054718,798.02,Loyal,0.97,774.08
C093959,1432.98,New,0.54,773.81
C027496,773.78,VIP,1.0,773.78
C005620,772.9,New,1.0,772.9
C088132,780.57,Loyal,0.99,772.76
C075713,780.36,VIP,0.99,772.56
C016452,1002.97,Loyal,0.77,772.29
C077104,857.95,Loyal,0.9,772.16
C055971,795.84,Loyal,0.97,771.96
C019213,771.6,Loyal,1.0,771.6
C047790,803.69,VIP,0.96,771.54
C090618,1014.84,VIP,0.76,771.28
C025800,838.21,VIP,0.92,771.15
C031033,1185.81,Loyal,0.65,770.78
C051337,802.16,Returning,0.96,770.07
C098362,777.69,VIP,0.99,769.91
C042741,1012.82,Loyal,0.76,769.74
C051345,769.55,Loyal,1.0,769.55
C096008,2079.77,VIP,0.37,769.51
C006696,793.09,Returning,0.97,769.3
C024891,827.18,VIP,0.93,769.28
C030868,1972.25,Loyal,0.39,769.18
C036687,792.88,Loyal,0.97,769.09
C061656,1424.23,Loyal,0.54,769.08
C036334,769.08,New,1.0,769.08
C067236,1025.4,New,0.75,769.05
C049363,883.87,VIP,0.87,768.97
C050926,768.11,Loyal,1.0,768.11
C049459,799.89,New,0.96,767.89
C005310,843.77,New,0.91,767.83
C049668,12796.39,Loyal,0.06,767.78
C052666,2326.33,Returning,0.33,767.69
C056256,767.36,VIP,1.0,767.36
C010902,1597.69,New,0.48,766.89
C042690,833.51,New,0.92,766.83
C065819,774.53,VIP,0.99,766.78
C046121,782.11,New,0.98,766.47
C016124,833.06,VIP,0.92,766.42
C039123,5474.44,Loyal,0.14,766.42
C026261,859.93,VIP,0.89,765.34
C099728,797.23,Loyal,0.96,765.34
C067635,772.72,Returning,0.99,764.99
C052490,780.55,VIP,0.98,764.94
C086444,764.78,Returning,1.0,764.78
C016157,780.31,VIP,0.98,764.7
C069145,5461.84,Returning,0.14,764.66
C081754,25484.46,VIP,0.03,764.53
C064783,796.18,New,0.96,764.33
C069955,1157.71,Returning,0.66,764.09
C012914,771.47,Returning,0.99,763.76
C080424,4772.76,Returning,0.16,763.64
C074744,771.2,Loyal,0.99,763.49
C090946,779.03,Returning,0.98,763.45
C024339,897.56,Loyal,0.85,762.93
C078636,786.09,New,0.97,762.51
C083687,762.19,New,1.0,762.19
C099237,777.71,VIP,0.98,762.16
C010241,761.9,VIP,1.0,761.9
C067165,776.97,Returning,0.98,761.43
C029455,2538.02,Returning,0.3,761.41
C072971,895.31,Returning,0.85,761.01
C046641,760.83,Loyal,1.0,760.83
C037630,768.47,VIP,0.99,760.79
C069770,12678.63,Returning,0.06,760.72
C076337,1086.28,Loyal,0.7,760.4
C078318,775.85,New,0.98,760.33
C051538,775.82,Returning,0.98,760.3
C030840,775.22,Returning,0.98,759.72
C084994,767.37,VIP,0.99,759.7
C008453,3615.36,VIP,0.21,759.23
C086317,774.47,Loyal,0.98,758.98
C055647,782.33,New,0.97,758.86
C069714,774.3,New,0.98,758.81
C083390,833.85,VIP,0.91,758.8
C068059,3298.37,New,0.23,758.63
C003320,924.45,New,0.82,758.05
C042485,773.44,Returning,0.98,757.97
C087666,781.33,Loyal,0.97,757.89
C079075,764.97,VIP,0.99,757.32
C091881,771.9,New,0.98,756.46
C085840,763.88,Returning,0.99,756.24
C046868,1050.22,Returning,0.72,756.16
C037532,821.56,Loyal,0.92,755.84
C020973,899.71,Loyal,0.84,755.76
C079893,9446.88,New,0.08,755.75
C080388,763.14,Loyal,0.99,755.51
C068934,763.12,Loyal,0.99,755.49
C040370,763.06,New,0.99,755.43
C067384,778.61,Returning,0.97,755.25
C085046,770.58,Returning,0.98,755.17
C081000,3775.49,Loyal,0.2,755.1
C091747,6862.15,Loyal,0.11,754.84
C060867,1078.19,New,0.7,754.73
C032111,18864.63,New,0.04,754.59
C070825,754.43,Loyal,1.0,754.43
C085291,794.05,Returning,0.95,754.35
C039198,877.1,New,0.86,754.31
C071138,979.57,Returning,0.77,754.27
C077911,1838.83,VIP,0.41,753.92
C084781,761.47,New,0.99,753.86
C039630,8375.22,Returning,0.09,753.77
C077369,776.97,Loyal,0.97,753.66
C023977,769.0,VIP,0.98,753.62
C043318,818.95,New,0.92,753.43
C010657,846.51,VIP,0.89,753.39
C032495,760.96,New,0.99,753.35
C023356,2281.82,New,0.33,753.0
C022887,760.49,Loyal,0.99,752.89
C064739,836.31,Returning,0.9,752.68
C093621,800.61,VIP,0.94,752.57
C072404,5787.23,VIP,0.13,752.34
C008135,1059.49,Loyal,0.71,752.24
C032605,759.64,New,0.99,752.04
C032485,791.47,Returning,0.95,751.9
C010868,751.4,Returning,1.0,751.4
C061238,758.83,New,0.99,751.24
C045495,3952.98,Loyal,0.19,751.07
C037615,853.15,VIP,0.88,750.77
C011115,1014.41,Loyal,0.74,750.66
C065575,833.96,Returning,0.9,750.56
C099792,757.71,Returning,0.99,750.13
C069229,1136.3,Returning,0.66,749.96
C039776,749.93,New,1.0,749.93
C075947,749.68,Returning,1.0,749.68
C016862,789.0,New,0.95,749.55
C010594,1152.48,Returning,0.65,749.11
C082586,1188.77,VIP,0.63,748.93
C095826,4405.12,VIP,0.17,748.87
C098311,870.72,VIP,0.86,748.82
C035952,796.57,Loyal,0.94,748.78
C012276,771.86,Returning,0.97,748.7
C082513,763.96,Loyal,0.98,748.68
C038041,1054.25,VIP,0.71,748.52
C056146,14968.85,VIP,0.05,748.44
C035515,9351.82,New,0.08,748.15
C084698,755.59,Loyal,0.99,748.03
C032388,840.33,Returning,0.89,747.89
C073608,1495.46,Returning,0.5,747.73
C091592,754.76,New,0.99,747.21
C021744,754.49,New,0.99,746.95
C019544,2489.16,Loyal,0.3,746.75
C058144,761.97,Loyal,0.98,746.73
C080485,2333.28,VIP,0.32,746.65
C068554,754.15,Loyal,0.99,746.61
C095740,769.57,Loyal,0.97,746.48
C051879,1022.42,Loyal,0.73,746.37
C072852,1735.13,VIP,0.43,746.11
C024089,761.11,VIP,0.98,745.89
C086324,6210.41,Loyal,0.12,745.25
C010767,1330.11,New,0.56,744.86
C077791,1584.34,New,0.47,744.64
C071991,744.63,VIP,1.0,744.63
C067989,24820.69,Returning,0.03,744.62
C077038,744.55,Returning,1.0,744.55
C033135,775.46,VIP,0.96,744.44
C038461,767.34,New,0.97,744.32
C044211,743.63,New,1.0,743.63
C051998,929.15,Returning,0.8,743.32
C037034,758.27,VIP,0.98,743.1
C067340,1046.04,Loyal,0.71,742.69
C087739,24752.85,Loyal,0.03,742.59
C073875,1325.67,Loyal,0.56,742.38
C009938,1159.75,New,0.64,742.24
C076407,789.53,Loyal,0.94,742.16
C095653,749.66,Loyal,0.99,742.16
C053139,4947.49,New,0.15,742.12
C043514,756.96,Returning,0.98,741.82
C074062,3370.38,Loyal,0.22,741.48
C089937,756.55,Returning,0.98,741.42
C096566,764.22,Loyal,0.97,741.29
C072530,6738.33,New,0.11,741.22
C055988,938.2,New,0.79,741.18
C037038,9261.1,VIP,0.08,740.89
C048132,763.66,New,0.97,740.75
C046921,747.92,Returning,0.99,740.44
C056325,787.37,Returning,0.94,740.13
C023199,747.32,New,0.99,739.85
C033010,1643.94,Returning,0.45,739.77
C020926,5283.76,Loyal,0.14,739.73
C074153,948.21,Loyal,0.78,739.6
C024184,1998.68,Returning,0.37,739.51
C075439,2174.85,Returning,0.34,739.45
C036651,739.42,Returning,1.0,739.42
C026101,754.45,Returning,0.98,739.36
C037357,770.16,New,0.96,739.35
C049944,1803.17,VIP,0.41,739.3
C047845,1320.0,Loyal,0.56,739.2
C069210,754.07,New,0.98,738.99
C054028,786.16,Loyal,0.94,738.99
C022079,738.93,Loyal,1.0,738.93
C033768,753.84,Returning,0.98,738.76
C069019,984.89,Loyal,0.75,738.67
C000961,849.04,Loyal,0.87,738.66
C086751,738.66,New,1.0,738.66
C051086,737.71,VIP,1.0,737.71
C085033,3207.34,VIP,0.23,737.69
C021298,14751.19,VIP,0.05,737.56
C049429,4097.14,Returning,0.18,737.49
C073876,14745.28,Returning,0.05,737.26
C087058,760.03,New,0.97,737.23
C013414,1340.15,VIP,0.55,737.08
C019038,775.85,New,0.95,737.06
C079278,7370.21,New,0.1,737.02
C041996,736.95,VIP,1.0,736.95
C044365,818.2,VIP,0.9,736.38
C058795,743.76,VIP,0.99,736.32
C041953,743.65,New,0.99,736.21
C056090,774.94,New,0.95,736.19
C074337,2453.61,New,0.3,736.08
C056768,886.28,New,0.83,735.61
C049762,1387.19,VIP,0.53,735.21
C086291,735.11,New,1.0,735.11
C059291,735.06,VIP,1.0,735.06
C033414,773.29,Loyal,0.95,734.63
C029430,734.44,Returning,1.0,734.44
C077600,741.19,Returning,0.99,733.78
C050805,756.46,Loyal,0.97,733.77
C042159,788.88,Loyal,0.93,733.66
C037024,763.56,New,0.96,733.02
C031167,893.31,Loyal,0.82,732.51
C049252,746.99,Loyal,0.98,732.05
C075961,1016.66,Returning,0.72,732.0
C081773,732.0,Returning,1.0,732.0
C067478,770.27,VIP,0.95,731.76
C055255,1240.21,Loyal,0.59,731.72
C084806,795.35,Loyal,0.92,731.72
C067190,14623.99,New,0.05,731.2
C084966,1405.56,Returning,0.52,730.89
C019713,753.36,Loyal,0.97,730.76
C070994,738.09,Loyal,0.99,730.71
C024547,737.89,VIP,0.99,730.51
C097964,744.89,Loyal,0.98,729.99
C097842,729.54,VIP,1.0,729.54
C078493,1584.76,New,0.46,728.99
C036324,743.78,Loyal,0.98,728.9
C039972,743.65,Loyal,0.98,728.78
C059549,18217.26,VIP,0.04,728.69
C013939,743.33,Loyal,0.98,728.46
C009092,818.21,Returning,0.89,728.21
C091587,728.09,VIP,1.0,728.09
C044612,742.55,VIP,0.98,727.7
C037023,742.06,New,0.98,727.22
C010573,4847.35,Returning,0.15,727.1
C036897,757.36,New,0.96,727.07
C010539,897.5,VIP,0.81,726.98
C083596,886.21,New,0.82,726.69
C046592,1008.91,Loyal,0.72,726.42
C071349,741.22,Returning,0.98,726.4
C003447,764.62,Loyal,0.95,726.39
C080313,907.92,Returning,0.8,726.34
C063940,825.11,New,0.88,726.1
C065518,843.96,Returning,0.86,725.81
C078469,733.0,New,0.99,725.67
C098308,740.42,VIP,0.98,725.61
C051380,748.02,VIP,0.97,725.58
C082121,4532.08,Returning,0.16,725.13
C056934,4531.44,VIP,0.16,725.03
C055664,778.77,New,0.93,724.26
C085689,778.52,VIP,0.93,724.02
C002241,9043.2,VIP,0.08,723.46
C019437,723.25,VIP,1.0,723.25
C059742,785.94,Returning,0.92,723.06
C022656,881.64,New,0.82,722.94
C062007,722.74,New,1.0,722.74
C035337,744.02,Loyal,0.97,721.7
C067091,721.53,New,1.0,721.53
C031054,721.47,Loyal,1.0,721.47
C098719,7213.69,VIP,0.1,721.37
C011889,743.28,New,0.97,720.98
C072020,720.79,VIP,1.0,720.79
C029782,818.08,New,0.88,719.91
C040606,836.64,Loyal,0.86,719.51
C081210,741.53,Loyal,0.97,719.28
C015778,719.24,New,1.0,719.24
C083916,741.44,New,0.97,719.2
C050138,726.08,Returning,0.99,718.82
C057447,725.79,VIP,0.99,718.53
C044225,718.4,Returning,1.0,718.4
C053288,1260.26,VIP,0.57,718.35
C060183,748.24,VIP,0.96,718.31
C031919,725.43,Returning,0.99,718.18
C072358,755.87,Returning,0.95,718.08
C002321,1055.8,New,0.68,717.94
C069892,1237.17,New,0.58,717.56
C042107,10249.72,VIP,0.07,717.48
C071114,4778.02,Loyal,0.15,716.7
C020693,1524.34,Loyal,0.47,716.44
C066161,754.01,Loyal,0.95,716.31
C077440,873.52,VIP,0.82,716.29
C044356,723.49,Loyal,0.99,716.26
C005780,715.48,New,1.0,715.48
C025942,1322.64,Loyal,0.54,714.23
C067430,11903.64,New,0.06,714.22
C024116,5099.75,Returning,0.14,713.96
C041066,735.97,Loyal,0.97,713.89
C044857,17839.03,Loyal,0.04,713.56
C068852,783.71,Returning,0.91,713.18
C030739,712.44,Returning,1.0,712.44
C094489,766.03,New,0.93,712.41
C011605,1249.77,New,0.57,712.37
C088050,3392.07,New,0.21,712.33
C040204,1319.1,Loyal,0.54,712.31
C067252,719.36,Returning,0.99,712.17
C017928,712.14,Returning,1.0,712.14
C018413,782.47,Loyal,0.91,712.05
C099972,2636.09,Returning,0.27,711.74
C069355,3388.54,New,0.21,711.59
C030017,748.66,VIP,0.95,711.23
C014412,1060.26,VIP,0.67,710.37
C007657,14205.07,VIP,0.05,710.25
C031759,1059.81,Returning,0.67,710.07
C016413,14196.83,VIP,0.05,709.84
C079251,3226.45,Loyal,0.22,709.82
C002852,7886.94,VIP,0.09,709.82
C030953,11822.11,VIP,0.06,709.33
C061232,958.48,VIP,0.74,709.28
C030800,983.25,Returning,0.72,707.94
C027306,777.84,Returning,0.91,707.83
C063422,729.72,Loyal,0.97,707.83
C056660,714.95,Loyal,0.99,707.8
C085191,777.77,New,0.91,707.77
C079755,794.61,Loyal,0.89,707.2
C015816,736.66,Returning,0.96,707.19
C075650,721.42,New,0.98,706.99
C062676,760.13,New,0.93,706.92
C034864,751.92,Loyal,0.94,706.8
C079850,785.23,Returning,0.9,706.71
C097151,713.5,New,0.99,706.36
C036460,735.06,Loyal,0.96,705.66
C022686,893.19,Returning,0.79,705.62
C012470,742.12,Returning,0.95,705.01
C069985,704.8,New,1.0,704.8
C067724,704.66,Returning,1.0,704.66
C014362,859.23,Loyal,0.82,704.57
C035065,733.8,Loyal,0.96,704.45
C033553,7826.69,VIP,0.09,704.4
C098126,711.05,Loyal,0.99,703.94
C031288,10054.31,VIP,0.07,703.8
C057096,725.42,New,0.97,703.66
C019758,725.38,VIP,0.97,703.62
C068414,5856.3,New,0.12,702.76
C088385,739.74,VIP,0.95,702.75
C049946,716.67,VIP,0.98,702.34
C023709,900.44,VIP,0.78,702.34
C095335,1096.87,VIP,0.64,702.0
C048551,716.28,Loyal,0.98,701.95
C020052,825.51,Loyal,0.85,701.68
C044745,738.4,VIP,0.95,701.48
C008562,708.4,VIP,0.99,701.32
C089716,714.8,Returning,0.98,700.5
C025972,714.62,VIP,0.98,700.33
C038706,707.1,Loyal,0.99,700.03
C096071,744.57,VIP,0.94,699.9
C033859,843.22,VIP,0.83,699.87
C066980,1227.82,Returning,0.57,699.86
C013524,744.44,New,0.94,699.77
C002719,1488.0,Loyal,0.47,699.36
C009235,699.35,Loyal,1.0,699.35
C002808,785.61,New,0.89,699.19
C055494,3495.4,VIP,0.2,699.08
C033083,7766.82,New,0.09,699.01
C077730,751.55,Returning,0.93,698.94
C006135,2688.18,New,0.26,698.93
C038129,705.91,New,0.99,698.85
C008746,751.44,Returning,0.93,698.84
C068436,984.1,VIP,0.71,698.71
C089430,705.51,Loyal,0.99,698.45
C079909,697.76,New,1.0,697.76
C037754,719.09,VIP,0.97,697.52
C041792,1056.64,New,0.66,697.38
C038451,9954.81,Loyal,0.07,696.84
C040991,1882.83,New,0.37,696.65
C029192,696.61,Loyal,1.0,696.61
C045652,725.6,VIP,0.96,696.58
C004897,710.7,Returning,0.98,696.49
C073730,703.05,Returning,0.99,696.02
C064722,880.59,New,0.79,695.67
C095671,716.91,Returning,0.97,695.4
C050150,709.37,Returning,0.98,695.18
C075626,789.78,New,0.88,695.01
C094297,731.33,New,0.95,694.76
C061960,3019.44,Returning,0.23,694.47
C040893,754.84,Returning,0.92,694.45
C093304,1577.82,New,0.44,694.24
C049336,1101.4,Returning,0.63,693.88
C004364,722.7,Loyal,0.96,693.79
C046785,737.25,New,0.94,693.02
C076771,714.44,Loyal,0.97,693.01
C002772,721.87,Returning,0.96,693.0
C024050,752.79,Loyal,0.92,692.57
C013153,760.95,Loyal,0.91,692.46
C049719,692.29,VIP,1.0,692.29
C079646,4942.42,Returning,0.14,691.94
C087692,2034.85,Loyal,0.34,691.85
C049194,691.79,New,1.0,691.79
C074251,698.75,New,0.99,691.76
C093353,3841.14,New,0.18,691.41
C089565,3836.93,VIP,0.18,690.65
C079195,1353.9,New,0.51,690.49
C063148,711.44,Returning,0.97,690.1
C099825,689.48,Loyal,1.0,689.48
C072818,4055.62,Loyal,0.17,689.46
C089220,696.1,VIP,0.99,689.14
C099450,4920.33,Loyal,0.14,688.85
C062162,17219.25,VIP,0.04,688.77
C070988,709.85,New,0.97,688.55
C062488,809.78,VIP,0.85,688.31
C017150,701.81,VIP,0.98,687.77
C052926,1322.27,VIP,0.52,687.58
C036475,701.2,Returning,0.98,687.18
C086868,687.08,VIP,1.0,687.08
C073204,715.64,VIP,0.96,687.01
C027086,2146.85,New,0.32,686.99
C031285,723.11,VIP,0.95,686.95
C088668,693.85,New,0.99,686.91
C093836,4292.95,New,0.16,686.87
C050047,1271.53,New,0.54,686.63
C049706,817.32,VIP,0.84,686.55
C058694,762.2,VIP,0.9,685.98
C091834,685.84,VIP,1.0,685.84
C051644,699.38,New,0.98,685.39
C057766,3607.23,Loyal,0.19,685.37
C021760,2282.93,Loyal,0.3,684.88
C054916,691.44,New,0.99,684.53
C047037,698.38,New,0.98,684.41
C055326,691.31,Returning,0.99,684.4
C012527,712.78,Returning,0.96,684.27
C024620,22804.57,Returning,0.03,684.14
C065637,743.16,VIP,0.92,683.71
C063162,17088.12,VIP,0.04,683.52
C086638,794.59,VIP,0.86,683.35
C036083,17082.33,Returning,0.04,683.29
C006404,719.04,New,0.95,683.09
C007890,689.58,Loyal,0.99,682.68
C009232,689.28,Returning,0.99,682.39
C065987,688.66,VIP,0.99,681.77
C054407,783.58,New,0.87,681.71
C081359,2621.66,Loyal,0.26,681.63
C096164,695.48,Loyal,0.98,681.57
C004786,702.53,Returning,0.97,681.45
C044010,774.23,Returning,0.88,681.32
C085407,724.37,VIP,0.94,680.91
C046839,748.19,New,0.91,680.85
C093145,716.05,Loyal,0.95,680.25
C047213,5664.19,VIP,0.12,679.7
C050657,772.01,VIP,0.88,679.37
C052828,6170.59,VIP,0.11,678.76
C038379,699.69,Returning,0.97,678.7
C095954,7540.24,New,0.09,678.62
C075964,13567.93,VIP,0.05,678.4
C087327,699.19,New,0.97,678.21
C077637,678.2,VIP,1.0,678.2
C026323,858.22,Loyal,0.79,677.99
C054309,4237.38,Returning,0.16,677.98
C075614,691.68,New,0.98,677.85
C094353,684.2,New,0.99,677.36
C023078,690.4,Loyal,0.98,676.59
C002845,22549.13,Returning,0.03,676.47
C024913,676.21,New,1.0,676.21
C095062,1988.83,Returning,0.34,676.2
C054815,689.89,Returning,0.98,676.09
C022269,726.42,Returning,0.93,675.57
C039850,682.31,New,0.99,675.49
C034635,682.2,Returning,0.99,675.38
C054662,696.16,Returning,0.97,675.28
C012277,803.85,Returning,0.84,675.23
C069634,703.32,VIP,0.96,675.19
C054666,2812.34,New,0.24,674.96
C018760,22483.41,Loyal,0.03,674.5
C078966,740.9,Loyal,0.91,674.22
C019042,8427.58,Returning,0.08,674.21
C093889,2246.98,Loyal,0.3,674.09
C094548,716.62,VIP,0.94,673.62
C005390,765.45,New,0.88,673.6
C087935,679.95,Returning,0.99,673.15
C060938,679.93,New,0.99,673.13
C031244,708.21,Returning,0.95,672.8
C010004,672.45,VIP,1.0,672.45
C021414,679.21,Loyal,0.99,672.42
C042973,693.16,Loyal,0.97,672.37
C002115,1815.71,VIP,0.37,671.81
C005602,829.08,Returning,0.81,671.55
C064905,1017.32,VIP,0.66,671.43
C076195,4195.92,Returning,0.16,671.35
C003343,699.31,Loyal,0.96,671.34
C086318,919.31,New,0.73,671.1
C026225,676.16,Returning,0.99,669.4
C049561,676.05,Loyal,0.99,669.29
C060075,669.19,New,1.0,669.19
C015907,704.39,Returning,0.95,669.17
C006393,1096.92,VIP,0.61,669.12
C085883,735.23,New,0.91,669.06
C061497,675.7,New,0.99,668.94
C080393,689.59,Loyal,0.97,668.9
C011483,825.79,Loyal,0.81,668.89
C023945,682.43,Loyal,0.98,668.78
C024188,1671.84,VIP,0.4,668.74
C062398,668.64,Returning,1.0,668.64
C093505,1392.54,Returning,0.48,668.42
C087147,805.13,Loyal,0.83,668.26
C061005,703.39,VIP,0.95,668.22
C078331,674.44,Returning,0.99,667.7
C020139,667.62,New,1.0,667.62
C095902,680.89,VIP,0.98,667.27
C023728,687.77,Returning,0.97,667.14
C059391,666.76,Loyal,1.0,666.76
C042977,709.28,VIP,0.94,666.72
C062719,673.38,Loyal,0.99,666.65
C094701,5555.38,Loyal,0.12,666.65
C096323,694.23,Returning,0.96,666.46
C084070,912.95,Loyal,0.73,666.45
C025691,5547.54,Loyal,0.12,665.7
C015493,723.24,Returning,0.92,665.38
C027583,678.89,Loyal,0.98,665.31
C035097,678.02,VIP,0.98,664.46
C058425,897.66,New,0.74,664.27
C014500,1702.93,Returning,0.39,664.14
C074009,670.76,Loyal,0.99,664.05
C067087,706.44,New,0.94,664.05
C040163,684.52,VIP,0.97,663.98
C052596,737.73,New,0.9,663.96
C006446,754.22,New,0.88,663.71
C088987,780.5,Loyal,0.85,663.42
C064760,3898.35,New,0.17,662.72
C068156,8275.69,Loyal,0.08,662.06
C039687,689.5,Loyal,0.96,661.92
C041057,661.32,VIP,1.0,661.32
C004917,674.66,New,0.98,661.17
C087303,674.63,Loyal,0.98,661.14
C087858,750.75,Loyal,0.88,660.66
C019449,680.99,Returning,0.97,660.56
C095791,680.94,VIP,0.97,660.51
C014530,868.89,Returning,0.76,660.36
C043942,673.8,Loyal,0.98,660.32
C077231,758.95,New,0.87,660.29
C097980,659.96,Loyal,1.0,659.96
C074119,659.15,New,1.0,659.15
C024081,757.63,New,0.87,659.14
C060787,1733.87,New,0.38,658.87
C052378,2352.72,Loyal,0.28,658.76
C025120,1462.91,Loyal,0.45,658.31
C035236,657.91,New,1.0,657.91
C049188,2268.4,Loyal,0.29,657.84
C042672,738.94,Loyal,0.89,657.66
C021011,2348.32,Loyal,0.28,657.53
C068886,714.48,VIP,0.92,657.32
C059246,10953.38,New,0.06,657.2
C007282,730.19,Returning,0.9,657.17
C019527,714.29,Loyal,0.92,657.15
C065917,1314.0,New,0.5,657.0
C067534,677.17,Loyal,0.97,656.85
C079331,656.6,VIP,1.0,656.6
C037037,1076.12,VIP,0.61,656.43
C081283,4100.89,Returning,0.16,656.14
C033516,690.55,New,0.95,656.02
C097798,662.56,VIP,0.99,655.93
C085987,911.0,Returning,0.72,655.92
C023620,1284.99,VIP,0.51,655.34
C056712,3448.04,Loyal,0.19,655.13
C091943,661.64,Loyal,0.99,655.02
C001186,711.53,New,0.92,654.61
C090832,872.63,Returning,0.75,654.47
C086684,10900.44,New,0.06,654.03
C087675,751.23,Returning,0.87,653.57
C048558,768.82,Loyal,0.85,653.5
C016885,653.43,Loyal,1.0,653.43
C042036,2719.94,Loyal,0.24,652.79
C095109,665.78,New,0.98,652.46
C094111,758.45,VIP,0.86,652.27
C033732,1207.74,New,0.54,652.18
C058592,658.55,New,0.99,651.96
C060159,16297.05,Loyal,0.04,651.88
C039208,3102.96,Returning,0.21,651.62
C054978,693.13,VIP,0.94,651.54
C049754,2961.51,Loyal,0.22,651.53
C082066,685.46,Returning,0.95,651.19
C061120,678.28,New,0.96,651.15
C080854,707.45,Returning,0.92,650.85
C067245,699.61,Loyal,0.93,650.64
C073009,10840.96,Loyal,0.06,650.46
C011563,1805.87,Returning,0.36,650.11
C083220,4061.23,Returning,0.16,649.8
C071670,792.28,Returning,0.82,649.67
C098428,843.68,Loyal,0.77,649.63
C037457,648.47,Returning,1.0,648.47
C022584,810.59,Loyal,0.8,648.47
C095963,1621.15,VIP,0.4,648.46
C071625,661.53,Returning,0.98,648.3
C019067,864.36,New,0.75,648.27
C008543,661.33,New,0.98,648.1
C031345,689.14,VIP,0.94,647.79
C098262,660.92,VIP,0.98,647.7
C000804,654.24,Returning,0.99,647.7
C053422,1044.38,Loyal,0.62,647.52
C030579,12949.01,New,0.05,647.45
C007181,770.66,VIP,0.84,647.35
C033889,667.33,New,0.97,647.31
C038128,2396.5,New,0.27,647.06
C076480,647.03,VIP,1.0,647.03
C019459,743.47,Returning,0.87,646.82
C037145,659.74,VIP,0.98,646.55
C007482,680.27,New,0.95,646.26
C050923,680.0,Returning,0.95,646.0
C048684,963.93,VIP,0.67,645.83
C075379,787.29,VIP,0.82,645.58
C056498,21493.76,Returning,0.03,644.81
C091071,693.07,New,0.93,644.56
C073967,644.32,VIP,1.0,644.32
C080783,2300.61,VIP,0.28,644.17
C044619,1238.37,VIP,0.52,643.95
C039432,670.69,New,0.96,643.86
C018665,692.27,New,0.93,643.81
C050105,4951.45,Loyal,0.13,643.69
C063031,650.09,New,0.99,643.59
C069583,649.53,VIP,0.99,643.03
C003023,662.57,VIP,0.97,642.69
C060228,3570.2,Loyal,0.18,642.64
C008554,856.72,Returning,0.75,642.54
C097650,6425.11,VIP,0.1,642.51
C028597,655.34,VIP,0.98,642.23
C093652,655.16,Loyal,0.98,642.06
C011041,8024.93,Returning,0.08,641.99
C038801,641.46,VIP,1.0,641.46
C037519,647.69,Returning,0.99,641.21
C021843,791.36,VIP,0.81,641.0
C098448,653.8,Loyal,0.98,640.72
C080248,2669.25,Loyal,0.24,640.62
C087433,695.47,Returning,0.92,639.83
C075310,639.8,Loyal,1.0,639.8
C024736,1015.52,VIP,0.63,639.78
C092814,799.42,New,0.8,639.54
C059726,21290.96,Returning,0.03,638.73
C029324,658.35,New,0.97,638.6
C015664,7980.38,VIP,0.08,638.43
C052217,638.38,Loyal,1.0,638.38
C088155,1012.76,Loyal,0.63,638.04
C058378,828.59,Returning,0.77,638.01
C035148,5315.85,VIP,0.12,637.9
C057662,637.85,VIP,1.0,637.85
C059732,637.7,New,1.0,637.7
C039786,671.2,Returning,0.95,637.64
C065818,1299.77,Loyal,0.49,636.89
C032613,684.68,Loyal,0.93,636.75
C003560,643.15,Loyal,0.99,636.72
C037800,636.55,Returning,1.0,636.55
C042697,1077.96,Loyal,0.59,636.0
C094570,1478.79,Loyal,0.43,635.88
C057079,675.82,VIP,0.94,635.27
C028762,661.69,VIP,0.96,635.22
C094922,635.1,Loyal,1.0,635.1
C043685,646.9,Returning,0.98,633.96
C006812,960.49,VIP,0.66,633.92
C012585,633.22,New,1.0,633.22
C015497,633.16,Returning,1.0,633.16
C009147,646.03,Returning,0.98,633.11
C046690,1582.61,Loyal,0.4,633.04
C033677,695.59,New,0.91,632.99
C069705,645.59,New,0.98,632.68
C098899,15816.77,VIP,0.04,632.67
C041245,645.52,Returning,0.98,632.61
C093801,687.57,Loyal,0.92,632.56
C076539,5750.09,New,0.11,632.51
C039685,15811.57,New,0.04,632.46
C037256,10538.39,Returning,0.06,632.3
C088508,21071.34,Returning,0.03,632.14
C028568,1755.91,VIP,0.36,632.13
C059923,799.5,Returning,0.79,631.6
C007892,644.47,New,0.98,631.58
C072429,671.86,Returning,0.94,631.55
C057977,5261.37,VIP,0.12,631.36
C085040,3006.02,New,0.21,631.26
C019922,631.21,Loyal,1.0,631.21
C009431,657.39,VIP,0.96,631.09
C020396,678.58,Returning,0.93,631.08
C097388,630.95,VIP,1.0,630.95
C027184,12616.91,New,0.05,630.85
C068086,10511.05,VIP,0.06,630.66
C087148,650.07,VIP,0.97,630.57
C073242,1125.86,New,0.56,630.48
C065279,643.32,VIP,0.98,630.45
C068270,630.42,VIP,1.0,630.42
C088752,649.53,Loyal,0.97,630.04
C016959,724.0,VIP,0.87,629.88
C055448,939.83,Returning,0.67,629.69
C002466,796.99,New,0.79,629.62
C099625,655.75,VIP,0.96,629.52
C002543,641.5,New,0.98,628.67
C082909,6283.84,Loyal,0.1,628.38
C093126,1309.09,Loyal,0.48,628.36
C027464,2026.94,New,0.31,628.35
C002668,698.02,Returning,0.9,628.22
C029504,640.78,New,0.98,627.96
C019708,627.82,Returning,1.0,627.82
C012142,653.94,VIP,0.96,627.78
C005468,6276.82,Returning,0.1,627.68
C026828,689.75,New,0.91,627.67
C009909,1961.06,VIP,0.32,627.54
C009607,627.44,Returning,1.0,627.44
C076236,639.96,Loyal,0.98,627.16
C026430,3481.9,New,0.18,626.74
C061242,688.4,Returning,0.91,626.44
C052708,1043.96,VIP,0.6,626.38
C019746,835.05,VIP,0.75,626.29
C050507,12524.97,New,0.05,626.25
C079263,2236.6,VIP,0.28,626.25
C075539,1304.38,VIP,0.48,626.1
C016132,638.78,Returning,0.98,626.0
C004705,638.71,VIP,0.98,625.94
C048768,15642.39,Loyal,0.04,625.7
C063312,679.89,Returning,0.92,625.5
C032596,686.96,Returning,0.91,625.13
C032003,631.44,New,0.99,625.13
C090784,10413.25,Returning,0.06,624.79
C080386,4462.05,Returning,0.14,624.69
C056312,694.04,New,0.9,624.64
C077447,694.02,Returning,0.9,624.62
C006813,918.54,Returning,0.68,624.61
C078466,637.33,VIP,0.98,624.58
C026078,709.74,Loyal,0.88,624.57
C086223,1560.62,Returning,0.4,624.25
C030175,630.2,VIP,0.99,623.9
C062631,636.38,VIP,0.98,623.65
C052320,1732.29,VIP,0.36,623.62
C036011,623.47,New,1.0,623.47
C078912,7792.52,New,0.08,623.4
C060907,1246.79,Loyal,0.5,623.4
C090578,629.62,Loyal,0.99,623.32
C020971,629.46,Loyal,0.99,623.17
C097039,642.38,Returning,0.97,623.11
C020348,877.56,VIP,0.71,623.07
C015466,759.63,Loyal,0.82,622.9
C036921,629.14,Loyal,0.99,622.85
C064339,4790.88,New,0.13,622.81
C080168,2829.05,New,0.22,622.39
C008023,628.63,VIP,0.99,622.34
C064731,1219.35,Returning,0.51,621.87
C002798,654.46,New,0.95,621.74
C005158,20712.59,Returning,0.03,621.38
C032645,640.4,Returning,0.97,621.19
C026667,4777.77,Returning,0.13,621.11
C056565,627.37,Loyal,0.99,621.1
C033310,1052.59,Returning,0.59,621.03
C091623,756.71,Returning,0.82,620.5
C016528,639.29,Returning,0.97,620.11
C082565,704.67,Returning,0.88,620.11
C080697,885.84,New,0.7,620.09
C017386,645.88,New,0.96,620.04
C017096,12396.65,Returning,0.05,619.83
C028046,4132.12,New,0.15,619.82
C025292,6886.38,Loyal,0.09,619.77
C096759,625.67,VIP,0.99,619.41
C054120,1049.72,VIP,0.59,619.33
C043230,638.48,New,0.97,619.33
C033281,625.58,Loyal,0.99,619.32
C072678,1876.5,Loyal,0.33,619.24
C070336,998.27,New,0.62,618.93
C052055,625.17,VIP,0.99,618.92
C002442,624.98,Loyal,0.99,618.73
C025717,15457.85,New,0.04,618.31
C057196,630.7,VIP,0.98,618.09
C091802,650.57,New,0.95,618.04
C026321,8829.04,Returning,0.07,618.03
C052559,617.87,Returning,1.0,617.87
C042135,617.63,New,1.0,617.63
C046062,636.59,VIP,0.97,617.49
C058300,20571.89,VIP,0.03,617.16
C026883,617.09,Returning,1.0,617.09
C068728,833.82,Returning,0.74,617.03
C075988,4746.36,VIP,0.13,617.03
C002496,635.98,Loyal,0.97,616.9
C043769,20563.41,VIP,0.03,616.9
C060614,692.73,Returning,0.89,616.53
C036084,662.86,New,0.93,616.46
C045763,692.55,Returning,0.89,616.37
C061297,12322.73,Returning,0.05,616.14
C018599,635.1,New,0.97,616.05
C049849,648.4,Loyal,0.95,615.98
C082282,615.84,VIP,1.0,615.84
C060620,634.7,VIP,0.97,615.66
C086740,3621.38,Loyal,0.17,615.63
C071873,20513.92,Returning,0.03,615.42
C045341,634.44,VIP,0.97,615.41
C099934,20511.55,Returning,0.03,615.35
C063303,615.33,Loyal,1.0,615.33
C063130,627.74,Returning,0.98,615.19
C090663,2050.27,Returning,0.3,615.08
C026143,931.8,VIP,0.66,614.99
C056249,621.17,Returning,0.99,614.96
C092556,4097.04,New,0.15,614.56
C014088,627.08,Returning,0.98,614.54
C097116,682.67,Returning,0.9,614.4
C082755,653.58,Returning,0.94,614.37
C000927,682.52,VIP,0.9,614.27
C009495,1158.54,Loyal,0.53,614.03
C039722,12265.21,Loyal,0.05,613.26
C061009,12262.21,VIP,0.05,613.11
C047423,645.38,New,0.95,613.11
C079528,2356.7,VIP,0.26,612.74
C047809,651.8,Loyal,0.94,612.69
C087914,612.59,Loyal,1.0,612.59
C024706,887.78,New,0.69,612.57
C089830,651.42,VIP,0.94,612.33
C064654,687.99,VIP,0.89,612.31
C068729,680.33,VIP,0.9,612.3
C018024,1020.08,Loyal,0.6,612.05
C091423,644.16,Returning,0.95,611.95
C039701,611.89,VIP,1.0,611.89
C098228,643.9,New,0.95,611.7
C032054,617.77,VIP,0.99,611.59
C099465,719.27,Loyal,0.85,611.38
C018025,611.29,VIP,1.0,611.29
C097966,671.52,Returning,0.91,611.08
C087954,2182.25,New,0.28,611.03
C075402,623.42,Loyal,0.98,610.95
C078702,718.77,New,0.85,610.95
C075220,643.02,VIP,0.95,610.87
C035793,954.18,Returning,0.64,610.68
C049220,718.37,Loyal,0.85,610.61
C013070,1489.22,VIP,0.41,610.58
C042642,1606.7,New,0.38,610.55
C016500,616.71,Returning,0.99,610.54
C007226,616.48,New,0.99,610.32
C018714,20327.98,Loyal,0.03,609.84
C098681,999.34,Loyal,0.61,609.6
C088487,621.66,Loyal,0.98,609.23
C041552,20305.5,Loyal,0.03,609.16
C067602,2029.9,VIP,0.3,608.97
C088350,811.82,Returning,0.75,608.86
C042793,966.2,New,0.63,608.71
C073042,654.18,Returning,0.93,608.39
C020020,614.3,Returning,0.99,608.16
C033622,614.22,Returning,0.99,608.08
C024158,608.05,New,1.0,608.05
C029589,620.42,Loyal,0.98,608.01
C016865,723.77,New,0.84,607.97
C076342,614.08,Loyal,0.99,607.94
C096583,3039.28,VIP,0.2,607.86
C059648,3037.39,New,0.2,607.48
C026774,8677.55,Loyal,0.07,607.43
C048673,666.99,New,0.91,606.96
C062200,1784.56,New,0.34,606.75
C032572,739.39,New,0.82,606.3
C073947,1595.45,Returning,0.38,606.27
C016963,624.99,Loyal,0.97,606.24
C072131,612.22,VIP,0.99,606.1
C048404,704.75,New,0.86,606.08
C025137,637.87,Returning,0.95,605.98
C080397,704.61,VIP,0.86,605.96
C099804,1288.87,Returning,0.47,605.77
C009288,644.27,VIP,0.94,605.61
C039142,1163.29,VIP,0.52,604.91
C096319,703.14,New,0.86,604.7
C053950,2747.76,Returning,0.22,604.51
C050472,616.68,Returning,0.98,604.35
C074899,2323.36,Loyal,0.26,604.07
C084993,8626.5,Loyal,0.07,603.86
C086425,603.78,Returning,1.0,603.78
C072064,718.61,Returning,0.84,603.63
C048250,726.85,VIP,0.83,603.29
C046200,609.37,Returning,0.99,603.28
C032059,615.43,VIP,0.98,603.12
C053485,621.33,Returning,0.97,602.69
C036639,2509.71,Returning,0.24,602.33
C040305,602.29,Returning,1.0,602.29
C065967,824.49,VIP,0.73,601.88
C046378,640.13,Returning,0.94,601.72
C020905,613.7,Loyal,0.98,601.43
C040946,1670.52,VIP,0.36,601.39
C016308,5010.32,Loyal,0.12,601.24
C024240,632.83,Returning,0.95,601.19
C016930,613.42,Loyal,0.98,601.15
C018553,834.88,Loyal,0.72,601.11
C089013,613.31,Returning,0.98,601.04
C096701,600.81,Loyal,1.0,600.81
C009732,612.9,Loyal,0.98,600.64
C003008,7506.78,Returning,0.08,600.54
C066011,1277.64,Loyal,0.47,600.49
C007885,625.51,Returning,0.96,600.49
C079056,599.89,Returning,1.0,599.89
C051681,605.93,VIP,0.99,599.87
C049993,2497.88,New,0.24,599.49
C024067,605.13,New,0.99,599.08
C060970,611.26,VIP,0.98,599.03
C040051,868.13,Loyal,0.69,599.01
C083898,623.94,Returning,0.96,598.98
C077384,14973.88,New,0.04,598.96
C095253,1274.06,Loyal,0.47,598.81
C063687,636.65,VIP,0.94,598.45
C096489,650.41,Loyal,0.92,598.38
C003503,636.53,Returning,0.94,598.34
C097271,598.15,Loyal,1.0,598.15
C089186,610.35,New,0.98,598.14
C033451,891.52,VIP,0.67,597.32
C005170,14928.52,Loyal,0.04,597.14
C072672,8525.81,New,0.07,596.81
C040599,608.98,VIP,0.98,596.8
C092883,2594.6,VIP,0.23,596.76
C053979,602.7,New,0.99,596.67
C097217,608.78,New,0.98,596.6
C077533,596.18,Returning,1.0,596.18
C056168,634.21,Returning,0.94,596.16
C000987,595.96,Returning,1.0,595.96
C013131,8510.99,VIP,0.07,595.77
C070610,601.5,New,0.99,595.48
C049766,601.46,Returning,0.99,595.45
C093024,5412.13,Returning,0.11,595.33
C026224,612.6,Returning,0.97,594.22
C012242,600.0,Returning,0.99,594.0
C057293,606.07,VIP,0.98,593.95
C051462,698.26,Returning,0.85,593.52
C054620,593.5,VIP,1.0,593.5
C062413,2472.26,Loyal,0.24,593.34
C053790,714.77,Loyal,0.83,593.26
C086224,11851.1,VIP,0.05,592.56
C055727,3290.59,Returning,0.18,592.31
C037232,721.98,New,0.82,592.02
C037857,3288.34,New,0.18,591.9
C049499,1037.78,Returning,0.57,591.53
C018913,11829.49,VIP,0.05,591.47
C005059,616.09,VIP,0.96,591.45
C085055,597.4,Loyal,0.99,591.43
C021539,609.69,New,0.97,591.4
C006265,788.11,New,0.75,591.08
C045583,3940.01,VIP,0.15,591.0
C073093,590.84,VIP,1.0,590.84
C045747,590.83,Loyal,1.0,590.83
C040490,615.12,VIP,0.96,590.52
C038826,686.29,New,0.86,590.21
C072447,756.64,New,0.78,590.18
C085592,4538.83,Returning,0.13,590.05
C069238,4914.79,New,0.12,589.77
C026102,589.51,New,1.0,589.51
C040608,4912.57,VIP,0.12,589.51
C075465,627.07,New,0.94,589.45
C075336,854.23,Returning,0.69,589.42
C040776,1785.38,New,0.33,589.18
C054753,589.17,VIP,1.0,589.17
C011430,7351.07,VIP,0.08,588.09
C035003,4897.93,VIP,0.12,587.75
C077362,667.74,Loyal,0.88,587.61
C049148,599.6,Returning,0.98,587.61
C068930,947.6,VIP,0.62,587.51
C075124,2670.35,Loyal,0.22,587.48
C060890,851.27,New,0.69,587.38
C098659,605.53,Loyal,0.97,587.36
C012897,599.26,Loyal,0.98,587.27
C067810,611.57,Returning,0.96,587.11
C020442,14676.08,New,0.04,587.04
C008960,592.8,Returning,0.99,586.87
C065009,630.91,Loyal,0.93,586.75
C050207,689.99,Returning,0.85,586.49
C067454,689.96,VIP,0.85,586.47
C099026,586.31,VIP,1.0,586.31
C044821,761.39,New,0.77,586.27
C053368,644.21,New,0.91,586.23
C035421,2253.19,VIP,0.26,585.83
C003168,5324.12,Returning,0.11,585.65
C093158,597.56,Loyal,0.98,585.61
C084050,11711.51,Loyal,0.05,585.58
C052979,929.14,Returning,0.63,585.36
C028559,4876.54,VIP,0.12,585.18
C023270,9747.09,New,0.06,584.83
C085636,590.69,Returning,0.99,584.78
C061653,590.65,New,0.99,584.74
C086727,6496.04,Loyal,0.09,584.64
C072245,712.94,New,0.82,584.61
C053851,663.61,VIP,0.88,583.98
C013206,3649.6,VIP,0.16,583.94
C098691,9722.34,Returning,0.06,583.34
C074127,777.7,Returning,0.75,583.28
C067524,607.43,Loyal,0.96,583.13
C038838,594.18,VIP,0.98,582.3
C080035,606.51,VIP,0.96,582.25
C083367,588.01,New,0.99,582.13
C053662,582.0,VIP,1.0,582.0
C055609,580.87,VIP,1.0,580.87
C087078,580.74,Loyal,1.0,580.74
C042475,580.69,Loyal,1.0,580.69
C069510,8294.84,VIP,0.07,580.64
C012725,580.6,Loyal,1.0,580.6
C048388,7253.2,Returning,0.08,580.26
C037487,644.68,Returning,0.9,580.21
C081692,5274.33,Returning,0.11,580.18
C044273,585.78,Returning,0.99,579.92
C084793,585.12,Loyal,0.99,579.27
C042189,1565.6,New,0.37,579.27
C074058,584.74,VIP,0.99,578.89
C034945,584.74,VIP,0.99,578.89
C058535,622.34,Returning,0.93,578.78
C010826,1015.26,VIP,0.57,578.7
C086424,583.94,New,0.99,578.1
C043625,583.89,New,0.99,578.05
C018628,5780.11,New,0.1,578.01
C096848,583.84,Loyal,0.99,578.0
C043384,1179.54,VIP,0.49,577.97
C030798,589.63,New,0.98,577.84
C091674,6416.87,VIP,0.09,577.52
C026868,14435.35,VIP,0.04,577.41
C046123,601.28,Returning,0.96,577.23
C081744,769.62,Returning,0.75,577.22
C024264,577.16,VIP,1.0,577.16
C082885,7213.98,VIP,0.08,577.12
C066054,594.91,VIP,0.97,577.06
C056659,2060.79,New,0.28,577.02
C088193,582.81,Loyal,0.99,576.98
C014722,1153.82,Returning,0.5,576.91
C052178,11534.53,Returning,0.05,576.73
C011988,606.67,Returning,0.95,576.34
C022639,1694.35,VIP,0.34,576.08
C097902,799.93,Loyal,0.72,575.95
C071413,587.69,Returning,0.98,575.94
C076272,575.54,Returning,1.0,575.54
C042132,639.32,Returning,0.9,575.39
C008954,580.65,Loyal,0.99,574.84
C035034,19156.97,Loyal,0.03,574.71
C046508,574.54,Loyal,1.0,574.54
C067293,624.17,New,0.92,574.24
C081264,574.24,Returning,1.0,574.24
C022933,4100.47,Returning,0.14,574.07
C013695,597.09,Returning,0.96,573.21
C022599,590.72,VIP,0.97,573.0
C042958,14324.06,VIP,0.04,572.96
C063636,590.51,New,0.97,572.79
C044599,578.05,Loyal,0.99,572.27
C034825,8172.98,Loyal,0.07,572.11
C013250,937.86,Loyal,0.61,572.09
C011721,608.56,VIP,0.94,572.05
C002233,577.35,Returning,0.99,571.58
C047371,892.67,VIP,0.64,571.31
C091940,627.33,Loyal,0.91,570.87
C085021,582.4,Loyal,0.98,570.75
C054327,606.94,New,0.94,570.52
C062854,576.14,VIP,0.99,570.38
C039555,587.98,Returning,0.97,570.34
C061191,1838.98,VIP,0.31,570.08
C072263,570.01,Loyal,1.0,570.01
C080161,5697.65,VIP,0.1,569.76
C004247,575.4,New,0.99,569.65
C041239,14234.01,Returning,0.04,569.36
C050012,729.87,Loyal,0.78,569.3
C061061,639.42,New,0.89,569.08
C034305,948.39,Returning,0.6,569.03
C001122,5171.35,VIP,0.11,568.85
C098717,580.22,New,0.98,568.62
C091160,574.21,VIP,0.99,568.47
C028363,591.4,Loyal,0.96,567.74
C028495,1050.72,New,0.54,567.39
C097903,616.59,Returning,0.92,567.26
C013941,567.1,Loyal,1.0,567.1
C075066,4361.3,New,0.13,566.97
C063051,584.37,Returning,0.97,566.84
C051110,14164.88,VIP,0.04,566.6
C045846,2360.29,VIP,0.24,566.47
C033664,566.34,VIP,1.0,566.34
C082049,571.87,VIP,0.99,566.15
C081746,571.8,VIP,0.99,566.08
C059107,589.62,New,0.96,566.04
C050365,808.14,New,0.7,565.7
C057490,565.52,Loyal,1.0,565.52
C009750,576.95,VIP,0.98,565.41
C023814,2093.28,Returning,0.27,565.19
C041635,565.01,Returning,1.0,565.01
C056332,582.47,VIP,0.97,565.0
C081032,18828.62,Loyal,0.03,564.86
C029326,7060.35,VIP,0.08,564.83
C068234,588.3,VIP,0.96,564.77
C061946,5131.13,New,0.11,564.42
C049786,1485.24,VIP,0.38,564.39
C092257,564.33,Returning,1.0,564.33
C078509,9403.97,New,0.06,564.24
C072936,714.09,VIP,0.79,564.13
C083315,569.57,New,0.99,563.87
C048678,2684.86,Loyal,0.21,563.82
C003549,592.93,VIP,0.95,563.28
C013562,586.58,VIP,0.96,563.12
C085472,580.36,Loyal,0.97,562.95
C030878,3517.74,VIP,0.16,562.84
C053678,574.11,Returning,0.98,562.63
C029638,568.18,VIP,0.99,562.5
C080896,653.94,VIP,0.86,562.39
C057828,573.46,VIP,0.98,561.99
C063330,1812.46,Returning,0.31,561.86
C075053,968.36,Returning,0.58,561.65
C069619,567.22,New,0.99,561.55
C048655,572.89,New,0.98,561.43
C089727,578.77,New,0.97,561.41
C033220,561.33,VIP,1.0,561.33
C006139,561.17,VIP,1.0,561.17
C052827,1402.74,Loyal,0.4,561.1
C050304,630.02,Loyal,0.89,560.72
C088170,630.02,VIP,0.89,560.72
C025697,590.16,Returning,0.95,560.65
C046427,1303.18,Returning,0.43,560.37
C067550,3296.18,New,0.17,560.35
C020513,565.85,VIP,0.99,560.19
C000805,2546.24,VIP,0.22,560.17
C064591,583.38,New,0.96,560.04
C081155,571.39,Returning,0.98,559.96
C014169,559.81,VIP,1.0,559.81
C030465,1645.86,Loyal,0.34,559.59
C043424,582.73,New,0.96,559.42
C086967,621.51,VIP,0.9,559.36
C020335,570.76,VIP,0.98,559.34
C096481,587.58,Loyal,0.95,558.2
C044347,13940.86,Returning,0.04,557.63
C014608,871.08,New,0.64,557.49
C005568,568.76,New,0.98,557.38
C087752,568.73,Returning,0.98,557.36
C059010,944.55,New,0.59,557.28
C044743,568.62,New,0.98,557.25
C069918,580.1,Loyal,0.96,556.9
C095142,831.0,New,0.67,556.77
C005969,818.63,Returning,0.68,556.67
C047274,897.8,Returning,0.62,556.64
C006975,567.92,New,0.98,556.56
C033312,5059.15,Returning,0.11,556.51
C041858,9273.24,New,0.06,556.39
C023176,2528.01,New,0.22,556.16
C099795,610.88,Returning,0.91,555.9
C094781,6176.37,Returning,0.09,555.87
C063894,555.75,New,1.0,555.75
C048413,566.9,VIP,0.98,555.56
C019426,555.45,VIP,1.0,555.45
C006593,5049.04,New,0.11,555.39
C000313,555.06,New,1.0,555.06
C092389,560.43,Returning,0.99,554.83
C094022,554.8,Loyal,1.0,554.8
C017338,583.98,New,0.95,554.78
C034725,565.97,Loyal,0.98,554.65
C000997,596.28,Returning,0.93,554.54
C059997,559.98,Loyal,0.99,554.38
C089757,565.43,New,0.98,554.12
C096641,565.09,Returning,0.98,553.79
C025331,570.74,VIP,0.97,553.62
C058146,7907.72,New,0.07,553.54
C084779,3948.69,Loyal,0.14,552.82
C068533,581.61,New,0.95,552.53
C011583,552.39,Loyal,1.0,552.39
C038498,657.58,Returning,0.84,552.37
C072810,569.32,New,0.97,552.24
C009837,18405.74,VIP,0.03,552.17
C045979,6897.22,Returning,0.08,551.78
C038331,648.93,New,0.85,551.59
C070732,1723.12,Returning,0.32,551.4
C064230,551.16,VIP,1.0,551.16
C020017,550.97,VIP,1.0,550.97
C067924,18362.67,New,0.03,550.88
C089022,561.92,VIP,0.98,550.68
C009240,561.74,New,0.98,550.51
C064985,555.9,New,0.99,550.34
C022177,561.5,New,0.98,550.27
C049964,573.13,Returning,0.96,550.2
C019403,5001.4,Loyal,0.11,550.15
C024172,561.32,New,0.98,550.09
C062883,561.27,Returning,0.98,550.04
C007116,617.88,Returning,0.89,549.91
C056300,2498.52,VIP,0.22,549.67
C070368,577.93,New,0.95,549.03
C033101,571.78,New,0.96,548.91
C055308,694.19,Returning,0.79,548.41
C052570,577.18,VIP,0.95,548.32
C032765,27411.31,Returning,0.02,548.23
C020819,3654.6,Returning,0.15,548.19
C012735,553.61,Loyal,0.99,548.07
C002765,1274.31,VIP,0.43,547.95
C089149,10950.34,Returning,0.05,547.52
C042962,547.49,Loyal,1.0,547.49
C057991,558.53,New,0.98,547.36
C069991,7814.7,Returning,0.07,547.03
C016073,558.07,New,0.98,546.91
C093449,563.43,Loyal,0.97,546.53
C092343,557.57,Returning,0.98,546.42
C071660,910.66,New,0.6,546.4
C001373,546.34,Returning,1.0,546.34
C043600,563.16,Returning,0.97,546.27
C031738,606.93,Returning,0.9,546.24
C030785,1559.93,VIP,0.35,545.98
C072466,556.99,VIP,0.98,545.85
C043976,1091.43,Loyal,0.5,545.72
C070945,550.54,New,0.99,545.03
C020813,6811.07,New,0.08,544.89
C053041,2094.33,VIP,0.26,544.53
C044676,706.35,New,0.77,543.89
C086386,543.54,VIP,1.0,543.54
C010742,610.61,New,0.89,543.44
C098692,548.75,New,0.99,543.26
C054017,4526.82,VIP,0.12,543.22
C024841,810.55,New,0.67,543.07
C054403,13571.18,Returning,0.04,542.85
C077145,798.18,Loyal,0.68,542.76
C045622,542.72,VIP,1.0,542.72
C029568,548.19,Returning,0.99,542.71
C024484,733.2,Loyal,0.74,542.57
C048554,559.12,Returning,0.97,542.35
C020014,564.87,Returning,0.96,542.28
C074279,558.71,Loyal,0.97,541.95
C089162,552.66,Returning,0.98,541.61
C046442,541.3,Loyal,1.0,541.3
C041694,546.75,Loyal,0.99,541.28
C071210,7729.77,New,0.07,541.08
C002645,965.36,Loyal,0.56,540.6
C060817,581.23,New,0.93,540.54
C012558,540.53,New,1.0,540.53
C053089,10804.38,Returning,0.05,540.22
C059704,2348.21,VIP,0.23,540.09
C012365,10800.04,VIP,0.05,540.0
C022139,749.8,VIP,0.72,539.86
C072281,562.11,Returning,0.96,539.63
C043689,1587.1,New,0.34,539.61
C032716,666.06,Returning,0.81,539.51
C053549,561.92,Loyal,0.96,539.44
C063368,17977.08,Loyal,0.03,539.31
C003028,3369.23,New,0.16,539.08
C095633,591.96,VIP,0.91,538.68
C092909,17950.28,New,0.03,538.51
C096944,3841.38,New,0.14,537.79
C061112,1378.91,VIP,0.39,537.77
C033430,6719.15,New,0.08,537.53
C046300,1074.91,Returning,0.5,537.46
C097910,542.61,New,0.99,537.18
C007390,4476.38,VIP,0.12,537.17
C067459,1193.49,Returning,0.45,537.07
C097695,536.75,VIP,1.0,536.75
C061781,542.12,VIP,0.99,536.7
C041757,542.12,VIP,0.99,536.7
C026046,1192.58,Returning,0.45,536.66
C090034,570.79,VIP,0.94,536.54
C020903,582.9,New,0.92,536.27
C043582,7657.95,Returning,0.07,536.06
C067021,541.19,New,0.99,535.78
C021730,733.89,New,0.73,535.74
C030778,5357.24,Returning,0.1,535.72
C025893,923.6,Returning,0.58,535.69
C069965,630.08,New,0.85,535.57
C014537,2230.92,Loyal,0.24,535.42
C016223,594.63,Loyal,0.9,535.17
C092045,557.02,VIP,0.96,534.74
C041840,574.42,Returning,0.93,534.21
C077459,539.46,New,0.99,534.07
C082492,533.99,Loyal,1.0,533.99
C086960,568.04,Loyal,0.94,533.96
C088493,5930.98,Loyal,0.09,533.79
C070660,8896.15,VIP,0.06,533.77
C050400,555.98,VIP,0.96,533.74
C059150,539.04,New,0.99,533.65
C030060,2667.57,New,0.2,533.51
C029616,3809.91,Returning,0.14,533.39
C082371,650.41,Loyal,0.82,533.34
C071191,1523.67,New,0.35,533.28
C062998,532.59,VIP,1.0,532.59
C095212,665.68,Loyal,0.8,532.54
C042555,578.83,New,0.92,532.52
C090867,13292.41,New,0.04,531.7
C055395,648.27,VIP,0.82,531.58
C061715,5314.72,Loyal,0.1,531.47
C020935,2413.27,New,0.22,530.92
C063419,541.56,Returning,0.98,530.73
C029084,3789.74,VIP,0.14,530.56
C066045,5895.03,New,0.09,530.55
C031334,726.64,Loyal,0.73,530.45
C021147,1514.87,Returning,0.35,530.2
C013204,7573.47,Loyal,0.07,530.14
C043698,557.74,New,0.95,529.85
C096549,4814.83,Returning,0.11,529.63
C087478,660.97,New,0.8,528.78
C019697,568.5,Returning,0.93,528.71
C008867,911.07,VIP,0.58,528.42
C018685,13207.85,Returning,0.04,528.31
C024851,533.59,Loyal,0.99,528.25
C004912,533.53,New,0.99,528.19
C080971,544.38,Returning,0.97,528.05
C024099,8799.2,Loyal,0.06,527.95
C087555,527.73,Returning,1.0,527.73
C022312,549.64,Returning,0.96,527.65
C074852,532.75,VIP,0.99,527.42
C091729,8787.49,Returning,0.06,527.25
C043331,527.04,Loyal,1.0,527.04
C097973,2024.2,New,0.26,526.29
C064871,2505.55,Loyal,0.21,526.17
C098777,526.0,New,1.0,526.0
C016355,531.24,VIP,0.99,525.93
C075300,553.53,VIP,0.95,525.85
C064489,1643.26,Returning,0.32,525.84
C042562,553.26,Loyal,0.95,525.6
C020455,1051.12,Returning,0.5,525.56
C039695,6566.56,Returning,0.08,525.32
C039462,1419.73,VIP,0.37,525.3
C038013,10502.45,New,0.05,525.12
C047064,535.83,VIP,0.98,525.11
C024318,535.68,VIP,0.98,524.97
C088754,570.5,New,0.92,524.86
C008083,524.05,Loyal,1.0,524.05
C031291,563.42,VIP,0.93,523.98
C019687,8731.38,Loyal,0.06,523.88
C069850,529.16,Loyal,0.99,523.87
C028997,26192.56,New,0.02,523.85
C044428,608.38,New,0.86,523.21
C043943,562.58,VIP,0.93,523.2
C019294,5231.18,Returning,0.1,523.12
C014297,533.74,Returning,0.98,523.07
C009072,527.4,Loyal,0.99,522.13
C002936,522.12,Loyal,1.0,522.12
C071317,532.61,Returning,0.98,521.96
C037468,543.33,Returning,0.96,521.6
C076813,2743.09,New,0.19,521.19
C043653,2265.17,New,0.23,520.99
C007130,542.5,New,0.96,520.8
C042234,542.17,Returning,0.96,520.48
C042585,520.44,Returning,1.0,520.44
C044227,2738.45,New,0.19,520.31
C004421,553.43,VIP,0.94,520.22
C034008,5201.48,Returning,0.1,520.15
C057593,2476.23,VIP,0.21,520.01
C065333,2736.27,Returning,0.19,519.89
C045926,753.26,New,0.69,519.75
C017621,519.54,Loyal,1.0,519.54
C009170,564.27,Returning,0.92,519.13
C015544,524.26,VIP,0.99,519.02
C023725,529.49,VIP,0.98,518.9
C064732,640.61,Returning,0.81,518.89
C054315,1995.74,Returning,0.26,518.89
C013402,12971.18,VIP,0.04,518.85
C086588,1178.95,VIP,0.44,518.74
C035353,523.85,New,0.99,518.61
C025332,700.83,Loyal,0.74,518.61
C029761,3240.0,Loyal,0.16,518.4
C089800,518.19,Returning,1.0,518.19
C013877,2588.39,New,0.2,517.68
C058696,533.69,Returning,0.97,517.68
C057705,7393.53,Loyal,0.07,517.55
C003661,528.08,Returning,0.98,517.52
C009926,538.99,Loyal,0.96,517.43
C043991,538.78,Returning,0.96,517.23
C028819,4701.03,New,0.11,517.11
C067641,561.99,Loyal,0.92,517.03
C047678,5736.34,Returning,0.09,516.27
C041470,543.23,Returning,0.95,516.07
C069521,532.02,Loyal,0.97,516.06
C001484,12898.47,Returning,0.04,515.94
C089378,10317.58,Returning,0.05,515.88
C043144,6447.2,Returning,0.08,515.78
C042476,2578.81,VIP,0.2,515.76
C088999,2578.51,Loyal,0.2,515.7
C002212,758.23,VIP,0.68,515.6
C092534,520.79,Returning,0.99,515.58
C028157,520.71,New,0.99,515.5
C003738,578.82,Returning,0.89,515.15
C079661,6436.93,Loyal,0.08,514.95
C067756,553.66,Loyal,0.93,514.9
C023896,514.85,Returning,1.0,514.85
C002789,536.05,Returning,0.96,514.61
C097044,1558.76,VIP,0.33,514.39
C072866,519.5,Loyal,0.99,514.3
C020789,2571.16,Returning,0.2,514.23
C003608,789.98,Loyal,0.65,513.49
C019489,5134.82,VIP,0.1,513.48
C054867,8556.88,Loyal,0.06,513.41
C074257,666.41,New,0.77,513.14
C015036,517.92,VIP,0.99,512.74
C047447,8543.1,New,0.06,512.59
C023592,522.94,VIP,0.98,512.48
C062739,528.26,Returning,0.97,512.41
C091784,6404.77,Returning,0.08,512.38
C073640,656.77,New,0.78,512.28
C061000,17075.86,VIP,0.03,512.28
C038273,512.28,Loyal,1.0,512.28
C051003,617.03,Returning,0.83,512.13
C025419,2226.58,Loyal,0.23,512.11
C029334,522.49,Loyal,0.98,512.04
C009457,516.67,Loyal,0.99,511.5
C035336,521.92,VIP,0.98,511.48
C022936,568.29,Returning,0.9,511.46
C039839,516.34,Returning,0.99,511.18
C074449,837.62,Loyal,0.61,510.95
C003522,2128.25,Returning,0.24,510.78
C098932,12766.78,New,0.04,510.67
C096308,510.6,Loyal,1.0,510.6
C067627,12764.74,Returning,0.04,510.59
C019171,554.9,Loyal,0.92,510.51
C001656,3190.3,VIP,0.16,510.45
C077696,662.91,Loyal,0.77,510.44
C075036,4639.33,VIP,0.11,510.33
C035992,645.86,Returning,0.79,510.23
C083411,515.25,Returning,0.99,510.1
C011403,679.98,Returning,0.75,509.98
C075371,1415.04,Loyal,0.36,509.41
C080541,559.58,New,0.91,509.22
C027954,524.95,VIP,0.97,509.2
C063125,1958.29,New,0.26,509.16
C017098,834.55,VIP,0.61,509.08
C019219,541.53,Loyal,0.94,509.04
C076966,519.39,VIP,0.98,509.0
C029574,3635.49,Loyal,0.14,508.97
C009189,1817.23,Returning,0.28,508.82
C076533,524.35,VIP,0.97,508.62
C065070,552.75,Returning,0.92,508.53
C025446,529.54,New,0.96,508.36
C019275,3910.33,New,0.13,508.34
C012932,1587.84,VIP,0.32,508.11
C027296,513.21,VIP,0.99,508.08
C056594,517.92,Loyal,0.98,507.56
C015295,2670.62,Loyal,0.19,507.42
C084956,1811.89,Loyal,0.28,507.33
C012259,507.33,VIP,1.0,507.33
C004149,2983.17,Returning,0.17,507.14
C005806,780.11,New,0.65,507.07
C059801,506.53,Loyal,1.0,506.53
C017692,8440.4,Returning,0.06,506.42
C084722,511.29,New,0.99,506.18
C070096,755.03,Returning,0.67,505.87
C056017,510.73,New,0.99,505.62
C030821,1203.61,VIP,0.42,505.52
C024753,594.71,VIP,0.85,505.5
C045827,3158.54,VIP,0.16,505.37
C005639,505.35,Returning,1.0,505.35
C048959,510.33,Returning,0.99,505.23
C048358,10104.0,Returning,0.05,505.2
C011437,510.12,VIP,0.99,505.02
C090464,510.07,Returning,0.99,504.97
C054366,509.97,Loyal,0.99,504.87
C082076,4207.12,Returning,0.12,504.85
C089751,509.92,Loyal,0.99,504.82
C011531,509.74,Returning,0.99,504.64
C056673,813.71,VIP,0.62,504.5
C065332,514.76,Returning,0.98,504.46
C082558,600.54,Returning,0.84,504.45
C070620,6303.97,VIP,0.08,504.32
C074172,509.25,Loyal,0.99,504.16
C025460,690.11,Returning,0.73,503.78
C015667,1049.5,Loyal,0.48,503.76
C058995,559.33,New,0.9,503.4
C064508,513.37,Loyal,0.98,503.1
C096495,502.73,Loyal,1.0,502.73
C083235,546.13,Loyal,0.92,502.44
C006437,717.55,Loyal,0.7,502.28
C058816,517.69,Returning,0.97,502.16
C085425,512.35,Loyal,0.98,502.1
C026041,1068.27,Loyal,0.47,502.09
C054522,5019.88,VIP,0.1,501.99
C032061,4563.21,Loyal,0.11,501.95
C091419,8364.71,VIP,0.06,501.88
C041541,511.97,Loyal,0.98,501.73
C020113,4560.98,VIP,0.11,501.71
C061258,569.66,New,0.88,501.3
C047503,515.89,Returning,0.97,500.41
C035575,1041.11,New,0.48,499.73
C089763,7132.03,Loyal,0.07,499.24
C076036,499.19,New,1.0,499.19
C006017,593.86,New,0.84,498.84
C020018,12463.09,Loyal,0.04,498.52
C022198,8306.76,VIP,0.06,498.41
C096450,655.8,Returning,0.76,498.41
C060500,503.29,VIP,0.99,498.26
C075280,622.4,Loyal,0.8,497.92
C092395,1059.12,Returning,0.47,497.79
C000759,2488.26,Returning,0.2,497.65
C053702,8293.1,New,0.06,497.59
C079806,904.1,Returning,0.55,497.26
C079971,512.63,Loyal,0.97,497.25
C084221,653.77,Returning,0.76,496.87
C085881,662.4,New,0.75,496.8
C017589,512.11,VIP,0.97,496.75
C023190,501.04,Returning,0.99,496.03
C060126,16524.05,Loyal,0.03,495.72
C054710,2753.31,New,0.18,495.6
C032810,495.6,VIP,1.0,495.6
C078270,510.58,New,0.97,495.26
C074807,505.06,Returning,0.98,494.96
C009690,509.94,VIP,0.97,494.64
C031693,1009.21,Returning,0.49,494.51
C037855,6179.04,Returning,0.08,494.32
C004250,494.06,Returning,1.0,494.06
C081165,498.8,New,0.99,493.81
C000843,514.32,Returning,0.96,493.75
C089712,498.25,New,0.99,493.27
C098144,498.22,Loyal,0.99,493.24
C050306,1541.29,VIP,0.32,493.21
C055226,572.75,Loyal,0.86,492.56
C071415,492.42,Returning,1.0,492.42
C057844,1047.5,Returning,0.47,492.32
C083176,507.47,Returning,0.97,492.25
C067758,507.36,Returning,0.97,492.14
C040010,1046.92,Returning,0.47,492.05
C014005,878.32,VIP,0.56,491.86
C028899,614.83,Returning,0.8,491.86
C006730,578.58,VIP,0.85,491.79
C074481,945.59,New,0.52,491.71
C082606,496.45,Loyal,0.99,491.49
C063391,2729.95,New,0.18,491.39
C002319,8185.87,Returning,0.06,491.15
C062541,495.96,Loyal,0.99,491.0
C069327,495.96,VIP,0.99,491.0
C033318,1115.41,Returning,0.44,490.78
C084075,1886.91,New,0.26,490.6
C004447,551.21,Returning,0.89,490.58
C030829,700.32,New,0.7,490.22
C036373,505.09,Returning,0.97,489.94
C061568,494.64,New,0.99,489.69
C082458,499.42,Returning,0.98,489.43
C085739,515.11,VIP,0.95,489.35
C093136,494.04,Returning,0.99,489.1
C056756,3490.88,Returning,0.14,488.72
C016248,1437.33,Loyal,0.34,488.69
C041920,555.21,Loyal,0.88,488.58
C026110,642.75,New,0.76,488.49
C069581,1085.38,VIP,0.45,488.42
C032513,739.94,VIP,0.66,488.36
C031145,3754.42,VIP,0.13,488.07
C082924,12201.15,VIP,0.04,488.05
C020802,841.45,Loyal,0.58,488.04
C034094,800.06,VIP,0.61,488.04
C042365,995.98,Returning,0.49,488.03
C086645,497.83,Returning,0.98,487.87
C062097,542.06,Loyal,0.9,487.85
C078343,995.52,New,0.49,487.8
C086992,497.43,New,0.98,487.48
C082366,617.04,Loyal,0.79,487.46
C027127,6092.84,Returning,0.08,487.43
C019649,492.31,Loyal,0.99,487.39
C003913,487.03,New,1.0,487.03
C039135,486.59,New,1.0,486.59
C025454,810.93,Returning,0.6,486.56
C098112,12163.38,Returning,0.04,486.54
C057141,486.53,Loyal,1.0,486.53
C013722,506.76,New,0.96,486.49
C054404,486.17,Returning,1.0,486.17
C017730,486.09,Loyal,1.0,486.09
C082187,506.21,Loyal,0.96,485.96
C078933,4047.46,New,0.12,485.7
C057059,485.57,Returning,1.0,485.57
C062450,713.2,Loyal,0.68,484.98
C015464,746.02,Returning,0.65,484.91
C058163,1514.97,New,0.32,484.79
C063357,489.64,New,0.99,484.74
C038940,2850.64,Returning,0.17,484.61
C013823,489.42,New,0.99,484.53
C025129,598.06,New,0.81,484.43
C063600,494.1,Returning,0.98,484.22
C085242,4035.1,Returning,0.12,484.21
C059809,526.32,Loyal,0.92,484.21
C040440,520.57,Loyal,0.93,484.13
C098789,562.76,Loyal,0.86,483.97
C098948,733.06,Loyal,0.66,483.82
C021270,619.97,New,0.78,483.58
C002310,966.71,Returning,0.5,483.36
C095221,487.99,Returning,0.99,483.11
C010889,482.78,Returning,1.0,482.78
C078209,548.32,Loyal,0.88,482.52
C006947,660.6,Loyal,0.73,482.24
C056655,2836.15,Returning,0.17,482.15
C010718,5355.05,VIP,0.09,481.95
C010255,609.83,Returning,0.79,481.77
C047588,708.24,Loyal,0.68,481.6
C022510,491.07,Returning,0.98,481.25
C074974,4811.78,VIP,0.1,481.18
C067588,495.83,Loyal,0.97,480.96
C042571,2404.6,Returning,0.2,480.92
C040620,12021.69,Loyal,0.04,480.87
C006485,500.61,Loyal,0.96,480.59
C000586,495.35,Returning,0.97,480.49
C045612,3203.1,Returning,0.15,480.46
C000324,485.0,Loyal,0.99,480.15
C051182,510.03,New,0.94,479.43
C065623,1369.6,Returning,0.35,479.36
C072284,1168.9,New,0.41,479.25
C041559,498.96,Returning,0.96,479.0
C074374,556.62,Returning,0.86,478.69
C035827,477.97,VIP,1.0,477.97
C058882,746.76,Loyal,0.64,477.93
C009511,4342.23,Returning,0.11,477.65
C065800,477.42,VIP,1.0,477.42
C060550,502.51,New,0.95,477.38
C039546,3669.74,Returning,0.13,477.07
C070623,794.89,VIP,0.6,476.93
C005467,496.64,New,0.96,476.77
C010724,671.0,Returning,0.71,476.41
C087798,6805.11,Returning,0.07,476.36
C016254,481.01,Loyal,0.99,476.2
C074791,2644.84,VIP,0.18,476.07
C088372,490.69,VIP,0.97,475.97
C052156,480.16,Loyal,0.99,475.36
C034977,516.63,Returning,0.92,475.3
C094040,475.09,New,1.0,475.09
C071378,1031.92,Returning,0.46,474.68
C002407,5272.52,New,0.09,474.53
C096987,4743.94,Returning,0.1,474.39
C047440,487.92,Loyal,0.97,473.28
C023254,563.4,Loyal,0.84,473.26
C072505,477.74,New,0.99,472.96
C011142,6756.38,VIP,0.07,472.95
C085971,2149.5,VIP,0.22,472.89
C041885,503.06,VIP,0.94,472.88
C084005,492.51,Returning,0.96,472.81
C073479,3939.92,Loyal,0.12,472.79
C070019,1152.87,New,0.41,472.68
C068846,2624.73,Returning,0.18,472.45
C090788,704.95,VIP,0.67,472.32
C072858,513.38,Returning,0.92,472.31
C036763,491.93,New,0.96,472.25
C084246,1004.65,Loyal,0.47,472.19
C056516,9441.9,VIP,0.05,472.1
C014225,3370.94,VIP,0.14,471.93
C000479,604.47,New,0.78,471.49
C072416,541.86,VIP,0.87,471.42
C092034,512.24,New,0.92,471.26
C049142,6732.33,Returning,0.07,471.26
C088746,653.86,New,0.72,470.78
C091412,1272.17,New,0.37,470.7
C000834,547.3,Returning,0.86,470.68
C001719,479.99,Returning,0.98,470.39
C067349,1808.78,Loyal,0.26,470.28
C022645,23513.31,Loyal,0.02,470.27
C075542,6716.75,Loyal,0.07,470.17
C060044,474.65,Returning,0.99,469.9
C080954,494.62,VIP,0.95,469.89
C077648,745.42,Loyal,0.63,469.61
C051825,479.07,VIP,0.98,469.49
C099032,499.46,Loyal,0.94,469.49
C042053,5215.91,Returning,0.09,469.43
C011686,1043.09,Returning,0.45,469.39
C099255,4691.89,Loyal,0.1,469.19
C028222,473.83,New,0.99,469.09
C011966,498.99,Loyal,0.94,469.05
C051683,493.67,Loyal,0.95,468.99
C073631,1875.58,Returning,0.25,468.9
C020975,478.45,VIP,0.98,468.88
C039632,808.4,Returning,0.58,468.87
C066374,2130.32,Returning,0.22,468.67
C005474,488.18,Loyal,0.96,468.65
C089933,503.91,Loyal,0.93,468.64
C007341,15616.36,Returning,0.03,468.49
C090683,526.26,Returning,0.89,468.37
C077548,641.13,New,0.73,468.02
C056475,472.59,VIP,0.99,467.86
C043680,1264.24,Loyal,0.37,467.77
C051478,477.22,Loyal,0.98,467.68
C002190,467.64,VIP,1.0,467.64
C035677,667.46,Returning,0.7,467.22
C029066,491.79,New,0.95,467.2
C051614,2920.01,Returning,0.16,467.2
C030317,1868.45,New,0.25,467.11
C009710,471.64,Loyal,0.99,466.92
C011620,471.56,Returning,0.99,466.84
C095455,485.77,Loyal,0.96,466.34
C056749,2590.67,VIP,0.18,466.32
C094641,638.41,Loyal,0.73,466.04
C081028,470.64,Loyal,0.99,465.93
C034438,3323.57,New,0.14,465.3
C074116,494.85,Loyal,0.94,465.16
C017097,469.58,VIP,0.99,464.88
C010694,464.81,Loyal,1.0,464.81
C052425,464.74,Loyal,1.0,464.74
C076014,499.39,New,0.93,464.43
C011637,1857.47,VIP,0.25,464.37
C059610,510.25,New,0.91,464.33
C041644,2579.35,New,0.18,464.28
C098696,829.07,Returning,0.56,464.28
C042548,515.75,Returning,0.9,464.18
C089379,23191.97,New,0.02,463.84
C004901,473.29,VIP,0.98,463.82
C005971,463.8,Returning,1.0,463.8
C097079,565.56,Loyal,0.82,463.76
C078051,463.74,Loyal,1.0,463.74
C014832,468.11,VIP,0.99,463.43
C030759,7721.33,VIP,0.06,463.28
C036271,477.34,Returning,0.97,463.02
C053335,520.24,Loyal,0.89,463.01
C023041,467.64,Loyal,0.99,462.96
C014665,680.78,VIP,0.68,462.93
C013677,734.56,Loyal,0.63,462.77
C073315,476.59,New,0.97,462.29
C079808,502.02,VIP,0.92,461.86
C049729,15383.08,VIP,0.03,461.49
C027412,470.76,VIP,0.98,461.34
C091953,870.29,Loyal,0.53,461.25
C031009,15373.52,Returning,0.03,461.21
C043459,495.78,VIP,0.93,461.08
C046640,755.85,Returning,0.61,461.07
C023241,465.72,VIP,0.99,461.06
C012854,542.29,New,0.85,460.95
C068616,506.2,Loyal,0.91,460.64
C059426,730.79,Returning,0.63,460.4
C065458,511.41,Returning,0.9,460.27
C086541,7671.15,New,0.06,460.27
C093721,554.17,VIP,0.83,459.96
C008296,468.8,Loyal,0.98,459.42
C092575,488.73,Loyal,0.94,459.41
C001843,9185.73,Loyal,0.05,459.29
C051221,11479.83,VIP,0.04,459.19
C081299,15301.69,Returning,0.03,459.05
C091440,463.19,Returning,0.99,458.56
C026489,458.39,New,1.0,458.39
C020079,457.89,VIP,1.0,457.89
C005090,863.88,Returning,0.53,457.86
C086472,1635.15,Returning,0.28,457.84
C091444,2692.25,Loyal,0.17,457.68
C047885,22877.6,New,0.02,457.55
C073551,457.12,VIP,1.0,457.12
C051938,6528.87,VIP,0.07,457.02
C035182,466.16,New,0.98,456.84
C092687,1756.32,Loyal,0.26,456.64
C001286,470.66,Loyal,0.97,456.54
C014792,6521.91,VIP,0.07,456.53
C059339,15216.83,Returning,0.03,456.5
C015007,9129.24,New,0.05,456.46
C026668,512.85,VIP,0.89,456.44
C032128,475.23,New,0.96,456.22
C013338,11404.73,Loyal,0.04,456.19
C030309,549.59,Returning,0.83,456.16
C064718,460.74,VIP,0.99,456.13
C058095,501.07,Returning,0.91,455.97
C034653,6510.72,New,0.07,455.75
C099024,484.52,New,0.94,455.45
C030032,3252.8,Returning,0.14,455.39
C065385,511.43,Returning,0.89,455.17
C097477,11377.7,New,0.04,455.11
C050415,2526.96,Loyal,0.18,454.85
C044142,7580.14,New,0.06,454.81
C084736,1166.12,New,0.39,454.79
C094035,5683.13,Returning,0.08,454.65
C035999,1974.42,Returning,0.23,454.12
C042888,567.56,Returning,0.8,454.05
C057317,687.58,VIP,0.66,453.8
C048542,498.47,Loyal,0.91,453.61
C032907,539.99,Returning,0.84,453.59
C034715,487.67,New,0.93,453.53
C031484,521.17,Returning,0.87,453.42
C040867,467.41,Loyal,0.97,453.39
C033705,453.22,Returning,1.0,453.22
C028448,7552.23,Loyal,0.06,453.13
C052630,457.1,Returning,0.99,452.53
C095588,497.07,Loyal,0.91,452.33
C072337,456.59,New,0.99,452.02
C007221,491.27,Loyal,0.92,451.97
C066596,3765.41,Returning,0.12,451.85
C044376,7530.71,VIP,0.06,451.84
C063355,4518.0,VIP,0.1,451.8
C002593,5010.74,Returning,0.09,450.97
C065832,454.92,VIP,0.99,450.37
C084171,4093.53,VIP,0.11,450.29
C092599,454.57,Loyal,0.99,450.02
C036097,463.92,VIP,0.97,450.0
C097111,22496.18,New,0.02,449.92
C073788,458.99,VIP,0.98,449.81
C014532,1874.09,New,0.24,449.78
C019246,817.58,Returning,0.55,449.67
C028497,499.24,VIP,0.9,449.32
C036695,493.3,Loyal,0.91,448.9
C085368,457.94,VIP,0.98,448.78
C013110,2637.63,Loyal,0.17,448.4
C092812,457.54,Returning,0.98,448.39
C006248,22418.41,Returning,0.02,448.37
C053225,457.21,New,0.98,448.07
C066005,481.6,Loyal,0.93,447.89
C045087,452.39,Returning,0.99,447.87
C084281,461.68,VIP,0.97,447.83
C082625,11193.8,New,0.04,447.75
C051485,452.2,New,0.99,447.68
C016401,1316.66,Loyal,0.34,447.66
C078064,486.49,Loyal,0.92,447.57
C043713,452.04,Loyal,0.99,447.52
C056130,4971.61,VIP,0.09,447.44
C055034,588.56,New,0.76,447.31
C071786,490.77,VIP,0.91,446.6
C078315,501.63,VIP,0.89,446.45
C069594,469.66,VIP,0.95,446.18
C026754,459.88,Loyal,0.97,446.08
C044732,969.61,Loyal,0.46,446.02
C069380,6369.86,New,0.07,445.89
C021886,512.01,New,0.87,445.45
C044452,463.98,New,0.96,445.42
C064209,468.38,Loyal,0.95,444.96
C085197,4449.41,VIP,0.1,444.94
C070091,444.72,VIP,1.0,444.72
C077965,548.8,Returning,0.81,444.53
C027999,444.28,Loyal,1.0,444.28
C004832,662.82,New,0.67,444.09
C012643,452.9,New,0.98,443.84
C091759,452.89,Loyal,0.98,443.83
C068033,443.4,New,1.0,443.4
C009106,5542.0,New,0.08,443.36
C004469,443.19,VIP,1.0,443.19
C034591,4028.9,Returning,0.11,443.18
C081144,466.09,VIP,0.95,442.79
C053926,447.17,Loyal,0.99,442.7
C097232,447.03,Loyal,0.99,442.56
C022380,446.9,New,0.99,442.43
C017584,460.8,Loyal,0.96,442.37
C096509,465.33,New,0.95,442.06
C054127,441.91,Loyal,1.0,441.91
C075069,441.91,Loyal,1.0,441.91
C002169,3395.98,VIP,0.13,441.48
C031641,621.46,Returning,0.71,441.24
C032550,441.23,Returning,1.0,441.23
C081775,445.57,VIP,0.99,441.11
C001816,445.54,New,0.99,441.08
C043608,2450.0,VIP,0.18,441.0
C027588,2099.9,Loyal,0.21,440.98
C086906,440.76,Returning,1.0,440.76
C082756,1074.67,Loyal,0.41,440.61
C087735,688.14,VIP,0.64,440.41
C065693,440.36,New,1.0,440.36
C038977,444.71,VIP,0.99,440.26
C063610,458.57,New,0.96,440.23
C097627,1375.12,VIP,0.32,440.04
C069414,676.78,New,0.65,439.91
C086350,448.71,New,0.98,439.74
C030943,444.07,New,0.99,439.63
C072521,457.65,Loyal,0.96,439.34
C080495,452.93,VIP,0.97,439.34
C003715,14644.35,Returning,0.03,439.33
C096378,499.21,Loyal,0.88,439.3
C069553,477.45,New,0.92,439.25
C015288,10978.07,Loyal,0.04,439.12
C063629,14636.23,Loyal,0.03,439.09
C012528,510.54,New,0.86,439.06
C002299,482.39,VIP,0.91,438.97
C099156,443.4,Returning,0.99,438.97
C080830,3375.85,VIP,0.13,438.86
C008634,438.85,Returning,1.0,438.85
C017173,452.29,New,0.97,438.72
C057834,654.64,Returning,0.67,438.61
C037013,487.34,VIP,0.9,438.61
C041316,442.93,New,0.99,438.5
C045902,14604.38,Returning,0.03,438.13
C079144,1068.51,Returning,0.41,438.09
C067140,8760.99,Loyal,0.05,438.05
C067927,4867.15,VIP,0.09,438.04
C002688,475.52,New,0.92,437.48
C005155,1749.24,Loyal,0.25,437.31
C000602,491.17,New,0.89,437.14
C098884,1456.61,VIP,0.3,436.98
C040382,4855.17,VIP,0.09,436.97
C003404,450.43,VIP,0.97,436.92
C073843,574.82,New,0.76,436.86
C014556,21838.23,Loyal,0.02,436.76
C048817,909.81,Returning,0.48,436.71
C068183,440.85,New,0.99,436.44
C055304,4360.2,Returning,0.1,436.02
C016872,7266.67,Returning,0.06,436.0
C067155,435.99,Returning,1.0,435.99
C044910,990.71,Loyal,0.44,435.91
C009805,489.79,VIP,0.89,435.91
C009660,14521.77,New,0.03,435.65
C037193,440.02,VIP,0.99,435.62
C084001,3111.07,New,0.14,435.55
C098466,439.66,VIP,0.99,435.26
C031271,435.22,New,1.0,435.22
C041019,690.71,VIP,0.63,435.15
C000583,443.94,New,0.98,435.06
C082221,453.15,New,0.96,435.02
C049021,4832.67,Loyal,0.09,434.94
C062787,6212.47,New,0.07,434.87
C090369,434.74,VIP,1.0,434.74
C071953,477.7,Returning,0.91,434.71
C055931,443.53,Loyal,0.98,434.66
C010592,10850.87,New,0.04,434.03
C033048,710.68,Loyal,0.61,433.51
C026765,437.74,VIP,0.99,433.36
C006889,470.99,Loyal,0.92,433.31
C021600,446.68,Returning,0.97,433.28
C067509,7219.28,VIP,0.06,433.16
C092061,460.67,VIP,0.94,433.03
C048210,460.62,New,0.94,432.98
C041261,441.69,Returning,0.98,432.86
C091632,491.82,New,0.88,432.8
C045159,437.12,VIP,0.99,432.75
C058886,1966.04,New,0.22,432.53
C051093,21621.81,Returning,0.02,432.44
C014422,450.42,Returning,0.96,432.4
C047828,431.84,Loyal,1.0,431.84
C067560,1269.83,Loyal,0.34,431.74
C027002,3922.64,Returning,0.11,431.49
C048642,435.82,Returning,0.99,431.46
C010537,1487.42,VIP,0.29,431.35
C004185,3317.44,Returning,0.13,431.27
C038110,435.49,New,0.99,431.14
C089375,435.47,Loyal,0.99,431.12
C091989,3077.71,Returning,0.14,430.88
C066622,559.59,New,0.77,430.88
C078289,463.3,Loyal,0.93,430.87
C032662,552.31,VIP,0.78,430.8
C030188,21528.5,VIP,0.02,430.57
C011530,434.77,VIP,0.99,430.42
C051310,443.72,VIP,0.97,430.41
C051977,10752.58,New,0.04,430.1
C027696,21501.15,Returning,0.02,430.02
C041547,477.78,New,0.9,430.0
C082308,826.85,Returning,0.52,429.96
C043822,2528.27,VIP,0.17,429.81
C010982,438.4,VIP,0.98,429.63
C081278,429.38,Returning,1.0,429.38
C085026,429.31,Loyal,1.0,429.31
C030294,588.08,New,0.73,429.3
C046162,438.0,VIP,0.98,429.24
C042687,14303.17,Loyal,0.03,429.1
C097140,446.68,New,0.96,428.81
C096261,451.36,Loyal,0.95,428.79
C058410,649.6,VIP,0.66,428.74
C061391,542.37,Returning,0.79,428.47
C031135,2141.34,VIP,0.2,428.27
C091341,446.04,VIP,0.96,428.2
C039524,427.93,VIP,1.0,427.93
C007270,450.43,Loyal,0.95,427.91
C031193,432.2,Returning,0.99,427.88
C078112,441.07,VIP,0.97,427.84
C042799,440.83,Returning,0.97,427.61
C073839,469.84,Loyal,0.91,427.55
C089885,427.25,Returning,1.0,427.25
C032808,426.9,Returning,1.0,426.9
C007784,439.99,Returning,0.97,426.79
C045347,435.43,New,0.98,426.72
C094996,2843.85,New,0.15,426.58
C040743,489.48,Loyal,0.87,425.85
C090100,430.09,Loyal,0.99,425.79
C086628,10643.91,VIP,0.04,425.76
C013090,438.53,New,0.97,425.37
C048497,434.02,Returning,0.98,425.34
C003620,644.22,Loyal,0.66,425.19
C018854,424.89,New,1.0,424.89
C003716,429.04,Loyal,0.99,424.75
C094073,433.31,VIP,0.98,424.64
C052095,6064.93,VIP,0.07,424.55
C070687,428.65,VIP,0.99,424.36
C028024,493.12,Returning,0.86,424.08
C045470,441.71,Returning,0.96,424.04
C040532,428.23,Returning,0.99,423.95
C040803,432.39,New,0.98,423.74
C079775,1086.13,Returning,0.39,423.59
C091334,449.98,VIP,0.94,422.98
C042143,454.81,New,0.93,422.97
C063278,427.1,Returning,0.99,422.83
C049345,8446.42,Loyal,0.05,422.32
C016291,430.8,Loyal,0.98,422.18
C048863,458.54,Loyal,0.92,421.86
C010814,1757.58,New,0.24,421.82
C095736,468.67,Returning,0.9,421.8
C002523,439.32,Loyal,0.96,421.75
C071030,425.85,Returning,0.99,421.59
C063638,452.6,Loyal,0.93,420.92
C060016,501.01,Returning,0.84,420.85
C039646,429.41,VIP,0.98,420.82
C094928,452.2,Returning,0.93,420.55
C065875,5255.01,New,0.08,420.4
C076208,8407.23,New,0.05,420.36
C014113,6002.68,New,0.07,420.19
C086254,428.67,Returning,0.98,420.1
C056076,677.54,VIP,0.62,420.07
C080591,1104.55,VIP,0.38,419.73
C041682,1904.53,New,0.22,419.0
C014882,487.19,Returning,0.86,418.98
C046794,427.51,New,0.98,418.96
C066040,465.36,VIP,0.9,418.82
C042684,418.64,Loyal,1.0,418.64
C048364,2092.42,Loyal,0.2,418.48
C089301,427.0,VIP,0.98,418.46
C077478,449.95,Returning,0.93,418.45
C070739,422.67,VIP,0.99,418.44
C057344,422.46,New,0.99,418.24
C019162,2986.49,Loyal,0.14,418.11
C063950,431.03,New,0.97,418.1
C046962,422.19,VIP,0.99,417.97
C071600,696.6,Loyal,0.6,417.96
C064835,426.41,Returning,0.98,417.88
C063052,759.01,New,0.55,417.46
C027070,10431.12,New,0.04,417.24
C055383,869.15,Loyal,0.48,417.19
C041474,438.97,New,0.95,417.02
C039481,6948.18,VIP,0.06,416.89
C047462,6947.87,Returning,0.06,416.87
C064971,1262.61,Loyal,0.33,416.66
C044156,743.65,New,0.56,416.44
C042563,442.96,Loyal,0.94,416.38
C066270,438.15,Loyal,0.95,416.24
C002030,415.67,New,1.0,415.67
C099575,6927.37,New,0.06,415.64
C058179,415.63,VIP,1.0,415.63
C095969,1221.78,New,0.34,415.41
C054560,437.24,Returning,0.95,415.38
C008777,428.09,Returning,0.97,415.25
C032411,1296.99,Loyal,0.32,415.04
C093644,455.99,Loyal,0.91,414.95
C008888,418.82,Returning,0.99,414.63
C056280,782.27,VIP,0.53,414.6
C085690,812.83,Returning,0.51,414.54
C085906,1973.96,VIP,0.21,414.53
C061449,436.15,VIP,0.95,414.34
C069240,6901.58,Loyal,0.06,414.09
C005717,8280.8,Returning,0.05,414.04
C053232,701.6,Returning,0.59,413.94
C071293,5913.4,Returning,0.07,413.94
C097460,6890.97,Loyal,0.06,413.46
C017214,1291.81,VIP,0.32,413.38
C035016,1796.94,VIP,0.23,413.3
C054826,2174.89,Loyal,0.19,413.23
C081993,421.64,Loyal,0.98,413.21
C091026,434.9,VIP,0.95,413.16
C044209,503.52,New,0.82,412.89
C046602,938.37,New,0.44,412.88
C073516,434.59,VIP,0.95,412.86
C095123,412.83,Loyal,1.0,412.83
C070426,439.11,New,0.94,412.76
C007757,8242.39,Returning,0.05,412.12
C000791,981.1,Loyal,0.42,412.06
C007299,416.13,Loyal,0.99,411.97
C074658,2746.07,VIP,0.15,411.91
C058348,3168.3,New,0.13,411.88
C091571,420.08,Returning,0.98,411.68
C071889,420.06,Loyal,0.98,411.66
C083374,791.25,Loyal,0.52,411.45
C076300,495.72,Returning,0.83,411.45
C037477,432.91,Loyal,0.95,411.26
C023539,423.67,New,0.97,410.96
C071765,747.06,Returning,0.55,410.88
C087173,673.01,New,0.61,410.54
C096126,418.47,VIP,0.98,410.1
C068839,612.01,Loyal,0.67,410.05
C070626,512.51,Loyal,0.8,410.01
C019186,953.09,Loyal,0.43,409.83
C012112,13656.81,VIP,0.03,409.7
C089304,1412.53,Loyal,0.29,409.63
C001004,440.33,New,0.93,409.51
C038862,417.81,New,0.98,409.45
C095276,413.55,VIP,0.99,409.41
C086607,417.76,Loyal,0.98,409.4
C023636,1240.34,Loyal,0.33,409.31
C024398,413.41,Returning,0.99,409.28
C075293,435.19,VIP,0.94,409.08
C012283,409.04,Loyal,1.0,409.04
C018023,659.7,New,0.62,409.01
C076501,1239.2,VIP,0.33,408.94
C046321,851.87,Loyal,0.48,408.9
C008935,439.53,Returning,0.93,408.76
C000227,416.94,Returning,0.98,408.6
C099126,430.08,Returning,0.95,408.58
C070146,3141.01,VIP,0.13,408.33
C008141,510.29,New,0.8,408.23
C073032,3711.03,New,0.11,408.21
C055970,407.7,Loyal,1.0,407.7
C078050,608.34,Returning,0.67,407.59
C075112,411.61,Returning,0.99,407.49
C008783,4073.65,New,0.1,407.36
C089236,407.31,VIP,1.0,407.31
C097871,3132.97,Returning,0.13,407.29
C056015,411.36,Returning,0.99,407.25
C094828,415.24,New,0.98,406.94
C060331,1233.14,Loyal,0.33,406.94
C050026,423.76,New,0.96,406.81
C015100,432.68,Returning,0.94,406.72
C043054,437.29,VIP,0.93,406.68
C094763,1270.88,VIP,0.32,406.68
C002234,419.23,VIP,0.97,406.65
C007336,410.75,Returning,0.99,406.64
C060873,428.02,Returning,0.95,406.62
C026088,414.71,Returning,0.98,406.42
C049873,1161.1,Loyal,0.35,406.38
C042619,410.08,VIP,0.99,405.98
C065238,665.42,Returning,0.61,405.91
C015770,737.96,Loyal,0.55,405.88
C096227,409.7,New,0.99,405.6
C064396,418.0,Returning,0.97,405.46
C091287,13514.4,New,0.03,405.43
C066520,409.44,VIP,0.99,405.35
C032073,409.39,New,0.99,405.3
C076117,445.33,Loyal,0.91,405.25
C074046,8104.45,VIP,0.05,405.22
C027419,20257.05,Loyal,0.02,405.14
C091168,1394.99,Loyal,0.29,404.55
C019109,404.46,VIP,1.0,404.46
C008190,5774.49,New,0.07,404.21
C075763,1303.54,Loyal,0.31,404.1
C044823,4489.58,New,0.09,404.06
C006360,439.1,VIP,0.92,403.97
C031079,412.15,Loyal,0.98,403.91
C033141,412.13,Loyal,0.98,403.89
C016682,2243.79,VIP,0.18,403.88
C008649,403.74,New,1.0,403.74
C050491,407.73,Returning,0.99,403.65
C080468,424.82,VIP,0.95,403.58
C029930,2241.86,VIP,0.18,403.53
C054343,407.56,VIP,0.99,403.48
C083516,2689.77,Returning,0.15,403.47
C033024,5043.38,VIP,0.08,403.47
C006816,429.14,VIP,0.94,403.39
C005027,403.29,New,1.0,403.29
C067945,13435.47,Loyal,0.03,403.06
C076049,1830.63,VIP,0.22,402.74
C058557,442.54,New,0.91,402.71
C096016,432.95,Loyal,0.93,402.64
C093381,1219.68,New,0.33,402.49
C091183,502.61,VIP,0.8,402.09
C055202,409.9,Returning,0.98,401.7
C023630,401.68,VIP,1.0,401.68
C077298,426.82,VIP,0.94,401.21
C012611,417.83,New,0.96,401.12
C091918,409.29,Returning,0.98,401.1
C023963,771.12,New,0.52,400.98
C046757,852.97,Returning,0.47,400.9
C059201,1484.76,Loyal,0.27,400.89
C072980,8014.85,VIP,0.05,400.74
C040542,413.03,Returning,0.97,400.64
C058841,408.59,New,0.98,400.42
C046689,563.81,Returning,0.71,400.31
C077573,4002.71,New,0.1,400.27
C010950,1212.52,Returning,0.33,400.13
C067178,2858.06,Loyal,0.14,400.13
C070213,408.15,Returning,0.98,399.99
C090216,439.37,Loyal,0.91,399.83
C061996,449.11,Returning,0.89,399.71
C019909,2350.94,New,0.17,399.66
C084776,399.59,VIP,1.0,399.59
C046083,429.46,Loyal,0.93,399.4
C041721,411.73,New,0.97,399.38
C030330,1210.03,New,0.33,399.31
C005041,411.52,VIP,0.97,399.17
C082547,407.3,New,0.98,399.15
C071179,2347.52,Loyal,0.17,399.08
C018534,443.21,Returning,0.9,398.89
C094365,406.82,VIP,0.98,398.68
C090467,438.04,VIP,0.91,398.62
C003841,410.79,New,0.97,398.47
C009997,19920.91,VIP,0.02,398.42
C047667,402.26,VIP,0.99,398.24
C077331,419.17,Returning,0.95,398.21
C044076,1206.01,New,0.33,397.98
C018417,13264.8,Loyal,0.03,397.94
C077834,401.84,New,0.99,397.82
C064437,1325.64,Returning,0.3,397.69
C066207,697.65,Loyal,0.57,397.66
C039032,432.23,Returning,0.92,397.65
C036620,405.67,New,0.98,397.56
C021679,3309.95,New,0.12,397.19
C026592,436.44,Returning,0.91,397.16
C052830,1323.44,New,0.3,397.03
C050811,3968.59,Returning,0.1,396.86
C018366,400.61,Loyal,0.99,396.6
C081587,400.52,New,0.99,396.51
C088900,421.76,VIP,0.94,396.45
C022280,6606.27,Loyal,0.06,396.38
C049619,417.22,New,0.95,396.36
C063693,13204.54,Returning,0.03,396.14
C072497,400.06,VIP,0.99,396.06
C034473,6600.19,Returning,0.06,396.01
C054961,425.74,New,0.93,395.94
C069095,1798.9,VIP,0.22,395.76
C040825,542.07,New,0.73,395.71
C004165,3043.58,Loyal,0.13,395.67
C012363,395.55,Returning,1.0,395.55
C074612,2471.81,Loyal,0.16,395.49
C066583,403.47,VIP,0.98,395.4
C093219,407.58,Returning,0.97,395.35
C024644,403.39,VIP,0.98,395.32
C014122,399.18,Loyal,0.99,395.19
C020534,403.25,New,0.98,395.18
C060447,395.18,Returning,1.0,395.18
C040033,395.07,Returning,1.0,395.07
C043850,399.0,VIP,0.99,395.01
C009121,718.19,VIP,0.55,395.0
C041247,448.8,VIP,0.88,394.94
C052613,398.91,Returning,0.99,394.92
C009058,402.95,New,0.98,394.89
C002105,424.59,New,0.93,394.87
C026923,475.69,Returning,0.83,394.82
C012828,9868.61,Returning,0.04,394.74
C094421,394.38,VIP,1.0,394.38
C031126,394.31,VIP,1.0,394.31
C088014,3284.74,New,0.12,394.17
C057323,1515.73,VIP,0.26,394.09
C009162,397.84,Loyal,0.99,393.86
C084503,1712.35,VIP,0.23,393.84
C092392,7874.11,Returning,0.05,393.71
C006663,1458.15,Returning,0.27,393.7
C046259,13115.57,Loyal,0.03,393.47
C019003,401.25,Loyal,0.98,393.22
C007500,1062.63,VIP,0.37,393.17
C082594,19655.27,VIP,0.02,393.11
C090902,1123.06,New,0.35,393.07
C082211,1034.12,VIP,0.38,392.97
C056339,409.3,Returning,0.96,392.93
C084045,392.81,New,1.0,392.81
C048081,396.67,New,0.99,392.7
C017253,441.09,New,0.89,392.57
C019958,713.17,Loyal,0.55,392.24
C042948,396.08,VIP,0.99,392.12
C017290,408.44,Returning,0.96,392.1
C015767,430.85,VIP,0.91,392.07
C066323,783.9,New,0.5,391.95
C039488,391.74,Returning,1.0,391.74
C087888,19578.89,New,0.02,391.58
C053065,19572.46,Returning,0.02,391.45
C098354,420.68,Returning,0.93,391.23
C048503,583.93,New,0.67,391.23
C033089,429.92,New,0.91,391.23
C054807,439.14,Loyal,0.89,390.83
C036509,4340.78,VIP,0.09,390.67
C010033,448.01,New,0.87,389.77
C072381,428.3,New,0.91,389.75
C056949,397.67,Loyal,0.98,389.72
C042224,401.47,Returning,0.97,389.43
C076937,19455.63,Returning,0.02,389.11
C005958,1852.92,Returning,0.21,389.11
C010050,12961.29,Returning,0.03,388.84
C002340,392.75,Loyal,0.99,388.82
C049138,388.66,VIP,1.0,388.66
C062692,392.59,Loyal,0.99,388.66
C044324,392.45,New,0.99,388.53
C061240,392.26,VIP,0.99,388.34
C026096,467.55,Returning,0.83,388.07
C077204,478.9,New,0.81,387.91
C072229,412.52,Loyal,0.94,387.77
C065462,403.88,Returning,0.96,387.72
C080769,445.62,Returning,0.87,387.69
C041178,824.84,VIP,0.47,387.67
C000599,1336.21,Loyal,0.29,387.5
C049744,490.51,Loyal,0.79,387.5
C078742,523.36,New,0.74,387.29
C036992,9682.08,Loyal,0.04,387.28
C002111,387.09,New,1.0,387.09
C018053,2579.89,Returning,0.15,386.98
C016315,1334.34,VIP,0.29,386.96
C042088,398.89,Loyal,0.97,386.92
C008544,3516.94,Returning,0.11,386.86
C048345,394.68,VIP,0.98,386.79
C099155,477.3,New,0.81,386.61
C083299,394.18,Loyal,0.98,386.3
C010954,398.13,VIP,0.97,386.19
C094787,742.62,VIP,0.52,386.16
C092702,1103.17,Loyal,0.35,386.11
C023415,476.59,Loyal,0.81,386.04
C055099,410.64,Loyal,0.94,386.0
C054301,433.68,VIP,0.89,385.98
C020286,393.83,Returning,0.98,385.95
C088810,385.9,VIP,1.0,385.9
C006819,443.52,Loyal,0.87,385.86
C019243,2143.61,New,0.18,385.85
C090217,414.86,Loyal,0.93,385.82
C011270,494.46,New,0.78,385.68
C058307,7709.7,New,0.05,385.48
C084485,397.25,Returning,0.97,385.33
C012733,423.25,New,0.91,385.16
C090340,2264.59,Loyal,0.17,384.98
C049448,12824.44,VIP,0.03,384.73
C072326,392.47,Returning,0.98,384.62
C086847,404.85,VIP,0.95,384.61
C054149,422.45,VIP,0.91,384.43
C000619,474.61,VIP,0.81,384.43
C090215,392.12,Returning,0.98,384.28
C062663,2744.06,Loyal,0.14,384.17
C040458,395.96,Returning,0.97,384.08
C070823,936.67,Loyal,0.41,384.03
C082406,412.79,VIP,0.93,383.89
C090649,383.54,Returning,1.0,383.54
C090925,2255.77,Loyal,0.17,383.48
C089862,12781.46,Loyal,0.03,383.44
C091914,9582.21,VIP,0.04,383.29
C083035,2948.24,New,0.13,383.27
C023201,1197.68,VIP,0.32,383.26
C037301,3193.31,Loyal,0.12,383.2
C086260,416.41,VIP,0.92,383.1
C059446,383.09,Returning,1.0,383.09
C013671,671.37,Returning,0.57,382.68
C025158,1663.42,VIP,0.23,382.59
C017747,390.17,New,0.98,382.37
C096601,386.14,New,0.99,382.28
C049792,12741.59,New,0.03,382.25
C030641,3183.96,Returning,0.12,382.08
C069792,393.8,Loyal,0.97,381.99
C024543,2546.11,Loyal,0.15,381.92
C064962,393.59,New,0.97,381.78
C090889,393.38,Loyal,0.97,381.58
C029027,706.06,Loyal,0.54,381.27
C053986,428.36,Returning,0.89,381.24
C082125,7621.91,Returning,0.05,381.1
C004073,7612.13,VIP,0.05,380.61
C039740,9513.57,Loyal,0.04,380.54
C042260,380.42,Returning,1.0,380.42
C035457,380.41,New,1.0,380.41
C036751,384.1,Loyal,0.99,380.26
C084176,3455.15,Returning,0.11,380.07
C008929,383.89,New,0.99,380.05
C043234,395.84,New,0.96,380.01
C061886,379.75,New,1.0,379.75
C075323,391.38,Returning,0.97,379.64
C094423,903.84,Loyal,0.42,379.61
C096929,379.6,VIP,1.0,379.6
C087524,383.35,Returning,0.99,379.52
C073611,379.5,VIP,1.0,379.5
C033600,407.79,Returning,0.93,379.24
C023958,416.71,Returning,0.91,379.21
C037534,407.64,VIP,0.93,379.11
C072240,379.1,New,1.0,379.1
C084242,7581.68,New,0.05,379.08
C043439,7581.4,New,0.05,379.07
C098588,9475.99,VIP,0.04,379.04
C066048,742.95,Returning,0.51,378.9
C094520,573.72,Returning,0.66,378.66
C027284,445.4,Loyal,0.85,378.59
C004878,378.57,Returning,1.0,378.57
C093407,378.37,New,1.0,378.37
C032621,12608.73,Returning,0.03,378.26
C003702,385.91,Returning,0.98,378.19
C014008,389.39,Returning,0.97,377.71
C088657,397.55,Returning,0.95,377.67
C055061,381.4,New,0.99,377.59
C037185,381.38,Returning,0.99,377.57
C016529,419.23,Loyal,0.9,377.31
C077947,423.84,Returning,0.89,377.22
C020363,1714.0,New,0.22,377.08
C010661,530.73,New,0.71,376.82
C042953,427.98,New,0.88,376.62
C021345,638.31,Loyal,0.59,376.6
C007861,404.92,VIP,0.93,376.58
C051812,380.31,VIP,0.99,376.51
C072758,470.5,Loyal,0.8,376.4
C017170,380.18,New,0.99,376.38
C057371,376.32,Returning,1.0,376.32
C041441,391.99,New,0.96,376.31
C091232,391.9,New,0.96,376.22
C038215,413.42,New,0.91,376.21
C071683,596.84,Returning,0.63,376.01
C019292,408.61,New,0.92,375.92
C027243,422.37,VIP,0.89,375.91
C032284,536.91,VIP,0.7,375.84
C052774,6262.56,Loyal,0.06,375.75
C065665,1341.84,Loyal,0.28,375.72
C083004,422.07,Loyal,0.89,375.64
C047896,1976.67,Loyal,0.19,375.57
C009986,3755.47,Loyal,0.1,375.55
C099292,487.65,New,0.77,375.49
C003154,382.98,New,0.98,375.32
C065676,3411.18,VIP,0.11,375.23
C013344,375.14,VIP,1.0,375.14
C086957,412.0,Returning,0.91,374.92
C027039,814.85,New,0.46,374.83
C029525,378.56,VIP,0.99,374.77
C099111,402.84,Returning,0.93,374.64
C017250,378.27,Loyal,0.99,374.49
C086609,382.05,Loyal,0.98,374.41
C084358,378.09,New,0.99,374.31
C068189,2494.84,Returning,0.15,374.23
C031446,389.78,VIP,0.96,374.19
C015481,389.67,VIP,0.96,374.08
C048311,377.67,New,0.99,373.89
C028367,373.83,Returning,1.0,373.83
C054901,377.53,Loyal,0.99,373.75
C070701,444.71,New,0.84,373.56
C034276,393.05,VIP,0.95,373.4
C079217,401.45,Loyal,0.93,373.35
C091831,565.56,Returning,0.66,373.27
C095501,380.84,New,0.98,373.22
C078101,428.98,New,0.87,373.21
C069941,428.97,VIP,0.87,373.2
C044197,9327.76,VIP,0.04,373.11
C049899,1332.31,Returning,0.28,373.05
C011542,703.64,Loyal,0.53,372.93
C029650,981.09,VIP,0.38,372.81
C006668,414.18,VIP,0.9,372.76
C030486,396.52,New,0.94,372.73
C032340,6211.91,VIP,0.06,372.71
C026032,7450.33,Returning,0.05,372.52
C058117,376.05,New,0.99,372.29
C058094,375.99,Loyal,0.99,372.23
C009407,18610.26,New,0.02,372.21
C064117,379.69,VIP,0.98,372.1
C057045,547.18,New,0.68,372.08
C011952,12398.14,VIP,0.03,371.94
C023985,774.72,VIP,0.48,371.87
C064151,4130.86,New,0.09,371.78
C079723,978.36,New,0.38,371.78
C012790,371.73,New,1.0,371.73
C042123,1126.41,New,0.33,371.72
C026874,375.32,Returning,0.99,371.57
C004125,375.3,Returning,0.99,371.55
C036353,464.43,Returning,0.8,371.54
C034934,371.36,VIP,1.0,371.36
C033563,7426.69,VIP,0.05,371.33
C095979,18563.68,VIP,0.02,371.27
C073898,371.23,Returning,1.0,371.23
C010818,378.79,VIP,0.98,371.21
C008951,374.91,Returning,0.99,371.16
C044971,394.47,VIP,0.94,370.8
C013236,494.37,VIP,0.75,370.78
C029827,12356.09,New,0.03,370.68
C046656,2850.4,Returning,0.13,370.55
C006684,374.17,VIP,0.99,370.43
C050719,381.71,Loyal,0.97,370.26
C079411,2644.38,Returning,0.14,370.21
C088628,377.6,New,0.98,370.05
C017893,415.73,New,0.89,370.0
C077699,2055.1,VIP,0.18,369.92
C028343,369.68,Returning,1.0,369.68
C052895,388.87,VIP,0.95,369.43
C061028,376.95,VIP,0.98,369.41
C061318,369.29,VIP,1.0,369.29
C012321,369.21,Loyal,1.0,369.21
C002768,414.83,VIP,0.89,369.2
C046467,6152.45,Loyal,0.06,369.15
C006319,396.76,Loyal,0.93,368.99
C012715,368.9,Loyal,1.0,368.9
C014857,670.63,New,0.55,368.85
C045687,392.31,New,0.94,368.77
C096190,1117.34,VIP,0.33,368.72
C033686,368.65,VIP,1.0,368.65
C017821,12283.45,New,0.03,368.5
C081025,372.22,New,0.99,368.5
C036141,368.45,Loyal,1.0,368.45
C082709,368.38,New,1.0,368.38
C018750,371.99,New,0.99,368.27
C058775,400.26,New,0.92,368.24
C028962,379.47,Loyal,0.97,368.09
C028457,735.62,Returning,0.5,367.81
C079107,1081.53,VIP,0.34,367.72
C087998,6128.2,Returning,0.06,367.69
C089333,371.36,Loyal,0.99,367.65
C037120,476.79,VIP,0.77,367.13
C049406,386.21,Loyal,0.95,366.9
C060285,374.39,New,0.98,366.9
C089405,9172.14,Loyal,0.04,366.89
C065583,4582.56,Returning,0.08,366.6
C071585,964.72,Loyal,0.38,366.59
C048954,452.49,New,0.81,366.52
C001365,665.79,Loyal,0.55,366.18
C048764,425.7,VIP,0.86,366.1
C022993,2285.74,VIP,0.16,365.72
C099837,377.0,Returning,0.97,365.69
C007210,369.3,Returning,0.99,365.61
C012072,1218.66,VIP,0.3,365.6
C086155,369.28,Loyal,0.99,365.59
C057793,384.76,Loyal,0.95,365.52
C046954,388.84,VIP,0.94,365.51
C066511,716.43,New,0.51,365.38
C086022,368.96,Loyal,0.99,365.27
C050440,500.24,Returning,0.73,365.18
C080277,434.38,VIP,0.84,364.88
C004514,18243.3,Loyal,0.02,364.87
C091061,375.81,Loyal,0.97,364.54
C045949,371.92,Loyal,0.98,364.48
C037689,364.4,Returning,1.0,364.4
C062487,4048.87,Loyal,0.09,364.4
C018295,375.51,Returning,0.97,364.24
C045422,498.84,Loyal,0.73,364.15
C076555,375.27,VIP,0.97,364.01
C060249,383.16,Returning,0.95,364.0
C067710,363.99,Loyal,1.0,363.99
C013815,383.03,Loyal,0.95,363.88
C027904,387.11,New,0.94,363.88
C014345,6062.2,Returning,0.06,363.73
C015244,363.51,VIP,1.0,363.51
C023655,908.65,Loyal,0.4,363.46
C059881,432.68,Returning,0.84,363.45
C035481,2421.95,VIP,0.15,363.29
C039691,366.76,New,0.99,363.09
C008064,386.21,Loyal,0.94,363.04
C052758,7257.61,Returning,0.05,362.88
C051699,684.43,VIP,0.53,362.75
C007300,377.85,Returning,0.96,362.74
C038029,636.25,New,0.57,362.66
C066425,2788.53,VIP,0.13,362.51
C077629,624.88,VIP,0.58,362.43
C013644,6040.53,New,0.06,362.43
C045686,373.33,VIP,0.97,362.13
C050772,362.08,Loyal,1.0,362.08
C077509,6033.48,New,0.06,362.01
C051556,2128.63,Loyal,0.17,361.87
C004932,5167.89,Returning,0.07,361.75
C083555,361.61,New,1.0,361.61
C084126,372.59,New,0.97,361.41
C029810,380.13,VIP,0.95,361.12
C004493,3278.83,New,0.11,360.67
C041623,371.77,Returning,0.97,360.62
C015882,375.54,Returning,0.96,360.52
C028336,391.82,Loyal,0.92,360.47
C068390,439.32,Returning,0.82,360.24
C064128,360.17,Loyal,1.0,360.17
C095775,600.24,Loyal,0.6,360.14
C060961,359.97,New,1.0,359.97
C022951,2999.57,New,0.12,359.95
C085131,408.93,Returning,0.88,359.86
C064253,359.82,New,1.0,359.82
C030380,367.02,Loyal,0.98,359.68
C033287,817.4,Returning,0.44,359.66
C085547,390.89,Returning,0.92,359.62
C008711,363.22,VIP,0.99,359.59
C021125,378.52,Returning,0.95,359.59
C092717,536.4,Returning,0.67,359.39
C069566,653.21,VIP,0.55,359.27
C023081,11974.37,Returning,0.03,359.23
C011734,359.05,New,1.0,359.05
C042706,3989.37,VIP,0.09,359.04
C031200,969.7,Returning,0.37,358.79
C039651,366.07,Returning,0.98,358.75
C059040,4483.33,New,0.08,358.67
C081287,358.66,Loyal,1.0,358.66
C037663,365.65,New,0.98,358.34
C093717,385.23,Returning,0.93,358.26
C076636,7164.97,New,0.05,358.25
C085809,1790.69,Returning,0.2,358.14
C008131,369.18,VIP,0.97,358.1
C016758,361.64,VIP,0.99,358.02
C071024,1052.91,Returning,0.34,357.99
C011864,2105.24,Returning,0.17,357.89
C007664,476.99,VIP,0.75,357.74
C037524,2980.85,Loyal,0.12,357.7
C090066,357.61,Loyal,1.0,357.61
C075166,627.27,New,0.57,357.54
C029418,2749.91,Loyal,0.13,357.49
C054892,1787.26,Returning,0.2,357.45
C089802,361.01,New,0.99,357.4
C040607,368.44,VIP,0.97,357.39
C014895,576.41,Returning,0.62,357.37
C028522,17867.99,Returning,0.02,357.36
C017920,357.36,Returning,1.0,357.36
C003355,368.07,Loyal,0.97,357.03
C079963,375.74,VIP,0.95,356.95
C004865,2229.74,Loyal,0.16,356.76
C086401,367.77,Returning,0.97,356.74
C025099,7133.98,Returning,0.05,356.7
C035297,400.77,VIP,0.89,356.69
C092253,2971.62,Returning,0.12,356.59
C039692,4457.43,VIP,0.08,356.59
C047241,379.33,VIP,0.94,356.57
C074506,356.46,Loyal,1.0,356.46
C030232,363.66,VIP,0.98,356.39
C045120,363.51,Returning,0.98,356.24
C079098,356.08,Loyal,1.0,356.08
C000986,3558.49,Returning,0.1,355.85
C041625,1616.9,VIP,0.22,355.72
C017165,711.32,New,0.5,355.66
C052259,370.45,Loyal,0.96,355.63
C003432,1077.56,Loyal,0.33,355.59
C072480,359.13,VIP,0.99,355.54
C032940,11845.45,Returning,0.03,355.36
C057348,3550.66,VIP,0.1,355.07
C032018,7099.78,Loyal,0.05,354.99
C049662,1972.07,Returning,0.18,354.97
C096252,377.5,VIP,0.94,354.85
C003654,358.33,Loyal,0.99,354.75
C041267,361.82,VIP,0.98,354.58
C090255,354.36,New,1.0,354.36
C049483,376.6,Loyal,0.94,354.0
C079082,707.92,Loyal,0.5,353.96
C044932,7075.53,New,0.05,353.78
C084442,2720.83,Loyal,0.13,353.71
C020981,7073.87,VIP,0.05,353.69
C061850,620.18,VIP,0.57,353.5
C016265,364.3,Returning,0.97,353.37
C013095,7066.91,Returning,0.05,353.35
C072270,5041.64,Returning,0.07,352.91
C090076,1008.2,Returning,0.35,352.87
C080496,360.01,VIP,0.98,352.81
C038626,396.37,Loyal,0.89,352.77
C097413,359.92,Returning,0.98,352.72
C025654,359.83,Returning,0.98,352.63
C007068,11754.46,Loyal,0.03,352.63
C095502,2350.47,Returning,0.15,352.57
C080582,352.5,Returning,1.0,352.5
C005565,440.52,Returning,0.8,352.42
C061310,355.82,Returning,0.99,352.26
C069511,359.37,Loyal,0.98,352.18
C063680,482.32,Loyal,0.73,352.09
C099034,355.55,Loyal,0.99,351.99
C080356,11730.31,Returning,0.03,351.91
C077050,879.51,New,0.4,351.8
C032815,366.11,Loyal,0.96,351.47
C064049,5020.47,Loyal,0.07,351.43
C068272,358.54,Returning,0.98,351.37
C054176,354.89,VIP,0.99,351.34
C007925,362.18,New,0.97,351.31
C046797,11708.71,Returning,0.03,351.26
C040323,8769.99,Loyal,0.04,350.8
C077936,354.32,Loyal,0.99,350.78
C072267,11692.7,Returning,0.03,350.78
C026558,369.24,VIP,0.95,350.78
C009925,427.68,Returning,0.82,350.7
C047869,2337.96,VIP,0.15,350.69
C080353,354.11,Returning,0.99,350.57
C062890,354.09,VIP,0.99,350.55
C035577,372.86,Returning,0.94,350.49
C084824,922.01,Loyal,0.38,350.36
C062157,854.27,New,0.41,350.25
C039404,1129.73,Loyal,0.31,350.22
C000257,360.87,Loyal,0.97,350.04
C035125,353.58,Loyal,0.99,350.04
C087038,353.5,New,0.99,349.96
C090343,2185.88,New,0.16,349.74
C078558,356.85,VIP,0.98,349.71
C036005,3491.6,Returning,0.1,349.16
C004619,4364.49,VIP,0.08,349.16
C055204,447.59,Returning,0.78,349.12
C066247,363.49,Returning,0.96,348.95
C030835,4360.49,New,0.08,348.84
C039763,1202.77,New,0.29,348.8
C012563,4360.02,Loyal,0.08,348.8
C094913,1835.42,VIP,0.19,348.73
C026474,352.17,Loyal,0.99,348.65
C080513,590.28,New,0.59,348.27
C005904,351.63,VIP,0.99,348.11
C024114,3865.83,VIP,0.09,347.92
C046915,370.1,VIP,0.94,347.89
C001256,347.76,New,1.0,347.76
C077803,351.13,Returning,0.99,347.62
C053435,482.71,VIP,0.72,347.55
C030212,347.54,Returning,1.0,347.54
C046308,354.58,New,0.98,347.49
C037189,1198.04,Loyal,0.29,347.43
C071257,347.33,Loyal,1.0,347.33
C050658,11573.49,Returning,0.03,347.2
C070088,2314.2,Returning,0.15,347.13
C045510,357.77,VIP,0.97,347.04
C080063,17347.93,Loyal,0.02,346.96
C017618,428.28,Loyal,0.81,346.91
C031777,346.86,New,1.0,346.86
C016788,422.95,VIP,0.82,346.82
C032103,376.84,Loyal,0.92,346.69
C024278,346.61,New,1.0,346.61
C078939,357.2,VIP,0.97,346.48
C033863,346.41,VIP,1.0,346.41
C046444,2037.6,VIP,0.17,346.39
C076402,2664.45,Loyal,0.13,346.38
C001939,1154.13,VIP,0.3,346.24
C061892,368.3,New,0.94,346.2
C064727,1153.82,New,0.3,346.15
C094407,349.64,Loyal,0.99,346.14
C053043,8653.23,New,0.04,346.13
C084611,416.92,VIP,0.83,346.04
C023357,349.47,Loyal,0.99,345.98
C009680,360.38,New,0.96,345.96
C072290,345.69,VIP,1.0,345.69
C074304,1920.52,Loyal,0.18,345.69
C064775,3838.38,Loyal,0.09,345.45
C001403,345.22,New,1.0,345.22
C028945,932.84,New,0.37,345.15
C094655,4929.46,VIP,0.07,345.06
C087586,363.09,Returning,0.95,344.94
C095012,565.21,New,0.61,344.78
C049780,396.25,Loyal,0.87,344.74
C025202,359.09,Returning,0.96,344.73
C003236,8616.79,Loyal,0.04,344.67
C077219,415.22,Returning,0.83,344.63
C056433,984.46,VIP,0.35,344.56
C005223,425.01,VIP,0.81,344.26
C041697,354.54,Returning,0.97,343.9
C015599,358.17,Loyal,0.96,343.84
C047806,490.83,Loyal,0.7,343.58
C029171,350.44,Loyal,0.98,343.43
C016518,357.73,Loyal,0.96,343.42
C085778,354.01,Loyal,0.97,343.39
C037900,365.27,New,0.94,343.35
C077951,346.69,Returning,0.99,343.22
C027615,346.68,Returning,0.99,343.21
C081937,3429.21,New,0.1,342.92
C021333,360.91,New,0.95,342.86
C003497,476.17,VIP,0.72,342.84
C008214,6856.46,VIP,0.05,342.82
C084697,349.81,Loyal,0.98,342.81
C033803,1558.02,New,0.22,342.76
C072112,6853.79,New,0.05,342.69
C012490,346.12,Returning,0.99,342.66
C026113,356.92,New,0.96,342.64
C078356,353.06,Loyal,0.97,342.47
C059921,622.36,Loyal,0.55,342.3
C014116,1900.75,Returning,0.18,342.14
C000143,352.7,VIP,0.97,342.12
C078089,5701.81,Returning,0.06,342.11
C071717,348.7,Loyal,0.98,341.73
C063261,923.29,New,0.37,341.62
C094743,1034.77,Returning,0.33,341.47
C018079,397.05,Loyal,0.86,341.46
C010352,578.71,Loyal,0.59,341.44
C098134,550.36,VIP,0.62,341.22
C033408,359.17,New,0.95,341.21
C077559,344.65,Loyal,0.99,341.2
C053273,741.72,Loyal,0.46,341.19
C080628,411.03,Returning,0.83,341.15
C078804,3099.8,New,0.11,340.98
C027924,340.89,VIP,1.0,340.89
C074255,355.05,New,0.96,340.85
C031597,4868.88,VIP,0.07,340.82
C093858,6814.17,VIP,0.05,340.71
C039119,567.78,New,0.6,340.67
C043798,347.39,New,0.98,340.44
C073566,391.25,VIP,0.87,340.39
C085451,11343.64,New,0.03,340.31
C054663,419.84,VIP,0.81,340.07
C063605,414.64,VIP,0.82,340.0
C023922,3399.85,VIP,0.1,339.98
C005534,5664.07,VIP,0.06,339.84
C082998,339.78,VIP,1.0,339.78
C076298,606.54,New,0.56,339.66
C095001,353.6,Loyal,0.96,339.46
C053042,565.73,Loyal,0.6,339.44
C001183,413.78,New,0.82,339.3
C093569,399.09,New,0.85,339.23
C033328,372.67,Returning,0.91,339.13
C031346,1211.05,Returning,0.28,339.09
C099218,376.74,VIP,0.9,339.07
C054951,339.02,Loyal,1.0,339.02
C022999,413.4,Returning,0.82,338.99
C041842,616.07,VIP,0.55,338.84
C045712,1694.05,Loyal,0.2,338.81
C040389,364.22,New,0.93,338.72
C016559,451.57,Returning,0.75,338.68
C073025,345.55,Returning,0.98,338.64
C065169,338.5,Returning,1.0,338.5
C061596,341.85,Returning,0.99,338.43
C058132,341.78,Returning,0.99,338.36
C016272,11273.5,VIP,0.03,338.2
C029257,348.52,Loyal,0.97,338.06
C047549,359.63,New,0.94,338.05
C097105,341.24,VIP,0.99,337.83
C041720,11260.2,Loyal,0.03,337.81
C004270,16881.52,New,0.02,337.63
C057939,341.02,Loyal,0.99,337.61
C002634,406.68,New,0.83,337.54
C081785,4218.17,Returning,0.08,337.45
C051736,340.76,VIP,0.99,337.35
C041086,5618.28,Returning,0.06,337.1
C056406,468.19,Returning,0.72,337.1
C036916,347.47,Returning,0.97,337.05
C093241,5617.32,New,0.06,337.04
C075473,2406.83,Loyal,0.14,336.96
C098974,6737.24,Returning,0.05,336.86
C057507,347.25,VIP,0.97,336.83
C038338,6736.36,VIP,0.05,336.82
C081227,358.08,VIP,0.94,336.6
C011888,391.23,Returning,0.86,336.46
C074042,350.27,Returning,0.96,336.26
C064787,350.26,Returning,0.96,336.25
C076150,350.12,New,0.96,336.12
C062976,4801.3,Loyal,0.07,336.09
C074540,3734.22,New,0.09,336.08
C064640,16800.53,Returning,0.02,336.01
C028952,335.99,New,1.0,335.99
C047150,339.27,VIP,0.99,335.88
C047568,357.23,New,0.94,335.8
C005375,373.07,New,0.9,335.76
C021397,342.59,VIP,0.98,335.74
C079389,353.21,Returning,0.95,335.55
C073155,349.46,Loyal,0.96,335.48
C016759,349.37,Returning,0.96,335.4
C094107,8379.91,VIP,0.04,335.2
C020764,338.57,Loyal,0.99,335.18
C041938,6703.63,VIP,0.05,335.18
C081211,335.09,New,1.0,335.09
C009194,360.25,VIP,0.93,335.03
C060009,465.2,New,0.72,334.94
C051641,1594.47,Returning,0.21,334.84
C004190,334.63,Returning,1.0,334.63
C071308,11147.08,Returning,0.03,334.41
C053201,6688.21,New,0.05,334.41
C017319,337.47,Returning,0.99,334.1
C003031,11125.4,Loyal,0.03,333.76
C041256,333.71,New,1.0,333.71
C050113,4767.12,Returning,0.07,333.7
C067781,4170.21,Returning,0.08,333.62
C071238,2223.97,VIP,0.15,333.6
C002221,347.28,New,0.96,333.39
C063578,336.7,Loyal,0.99,333.33
C009542,336.28,Returning,0.99,332.92
C041408,343.08,VIP,0.97,332.79
C087372,5542.63,VIP,0.06,332.56
C043345,377.88,New,0.88,332.53
C061396,353.56,VIP,0.94,332.35
C014132,6644.95,Returning,0.05,332.25
C006844,1845.77,Returning,0.18,332.24
C056443,897.93,Loyal,0.37,332.23
C004616,373.06,Loyal,0.89,332.02
C028031,5533.49,Loyal,0.06,332.01
C086771,373.03,VIP,0.89,332.0
C011681,353.14,Returning,0.94,331.95
C083915,335.18,New,0.99,331.83
C085496,360.6,Returning,0.92,331.75
C057993,335.01,Returning,0.99,331.66
C002100,338.14,New,0.98,331.38
C056418,3313.62,New,0.1,331.36
C031437,331.02,Loyal,1.0,331.02
C001520,337.77,Returning,0.98,331.01
C033740,2758.06,New,0.12,330.97
C035128,333.87,Returning,0.99,330.53
C011615,1652.58,Loyal,0.2,330.52
C091756,1377.15,New,0.24,330.52
C084765,347.91,Returning,0.95,330.51
C032632,340.72,Loyal,0.97,330.5
C012559,344.24,Returning,0.96,330.47
C016535,330.2,VIP,1.0,330.2
C040813,333.52,New,0.99,330.18
C040020,333.46,Returning,0.99,330.13
C006348,333.44,New,0.99,330.11
C066876,340.25,New,0.97,330.04
C011868,330.02,VIP,1.0,330.02
C017543,330.02,Loyal,1.0,330.02
C010046,2538.26,VIP,0.13,329.97
C062678,329.92,New,1.0,329.92
C047594,434.07,VIP,0.76,329.89
C023940,478.04,Returning,0.69,329.85
C082817,433.74,VIP,0.76,329.64
C070697,332.86,Returning,0.99,329.53
C091082,1938.31,Loyal,0.17,329.51
C091946,336.22,Loyal,0.98,329.5
C051555,354.26,New,0.93,329.46
C062650,382.93,Returning,0.86,329.32
C050087,332.64,Returning,0.99,329.31
C099719,997.82,Returning,0.33,329.28
C021007,350.3,New,0.94,329.28
C051063,731.45,VIP,0.45,329.15
C009070,396.34,Returning,0.83,328.96
C065339,342.25,Returning,0.96,328.56
C076805,342.19,Returning,0.96,328.5
C014393,1428.18,Returning,0.23,328.48
C043583,356.96,New,0.92,328.4
C046362,338.42,Loyal,0.97,328.27
C077206,334.92,Returning,0.98,328.22
C096475,331.41,VIP,0.99,328.1
C032696,328.04,Loyal,1.0,328.04
C099350,334.72,Returning,0.98,328.03
C055833,1424.86,New,0.23,327.72
C019254,2046.68,VIP,0.16,327.47
C034982,337.48,Loyal,0.97,327.36
C031635,327.27,VIP,1.0,327.27
C057213,337.04,New,0.97,326.93
C016825,333.55,Returning,0.98,326.88
C032505,330.13,VIP,0.99,326.83
C067458,336.93,Loyal,0.97,326.82
C049405,355.24,Loyal,0.92,326.82
C010549,666.95,Returning,0.49,326.81
C098463,333.47,VIP,0.98,326.8
C095678,3267.54,Loyal,0.1,326.75
C084058,5445.75,New,0.06,326.74
C089275,518.64,VIP,0.63,326.74
C035274,333.41,Returning,0.98,326.74
C045094,10891.07,VIP,0.03,326.73
C009756,572.71,New,0.57,326.44
C053450,1165.68,VIP,0.28,326.39
C076644,333.0,New,0.98,326.34
C026287,350.78,VIP,0.93,326.23
C025418,374.53,VIP,0.87,325.84
C001431,332.24,VIP,0.98,325.6
C053170,10852.79,Returning,0.03,325.58
C024555,383.0,New,0.85,325.55
C094452,2712.58,Loyal,0.12,325.51
C045194,353.73,VIP,0.92,325.43
C095716,349.6,Returning,0.93,325.13
C022507,331.76,New,0.98,325.12
C049418,373.63,Loyal,0.87,325.06
C046686,349.44,Loyal,0.93,324.98
C076335,445.17,Loyal,0.73,324.97
C053260,721.96,VIP,0.45,324.88
C055191,328.08,New,0.99,324.8
C065744,8118.03,Returning,0.04,324.72
C087086,6494.21,New,0.05,324.71
C099761,327.98,Loyal,0.99,324.7
C079940,324.6,Returning,1.0,324.6
C014794,1708.3,Loyal,0.19,324.58
C019311,324.51,VIP,1.0,324.51
C056833,484.15,VIP,0.67,324.38
C010103,337.71,VIP,0.96,324.2
C000096,327.46,Loyal,0.99,324.19
C057324,327.31,Returning,0.99,324.04
C026536,352.17,Returning,0.92,324.0
C065434,522.13,New,0.62,323.72
C091553,899.15,Returning,0.36,323.69
C090477,340.34,Loyal,0.95,323.32
C041963,333.32,Returning,0.97,323.32
C094074,329.84,Returning,0.98,323.24
C018064,329.8,Returning,0.98,323.2
C030154,380.1,Loyal,0.85,323.09
C021277,419.35,VIP,0.77,322.9
C070591,329.48,New,0.98,322.89
C026638,347.12,New,0.93,322.82
C065242,375.25,New,0.86,322.71
C023964,4608.99,Loyal,0.07,322.63
C049206,322.59,Loyal,1.0,322.59
C093486,335.95,Returning,0.96,322.51
C085878,1343.63,Returning,0.24,322.47
C045863,826.78,Returning,0.39,322.44
C074111,325.62,Loyal,0.99,322.36
C088074,366.18,VIP,0.88,322.24
C012773,407.78,New,0.79,322.15
C089018,1399.88,VIP,0.23,321.97
C024564,5364.11,New,0.06,321.85
C057771,519.05,Returning,0.62,321.81
C044148,495.07,New,0.65,321.8
C023687,2681.4,Loyal,0.12,321.77
C029450,406.96,Loyal,0.79,321.5
C078467,324.43,Loyal,0.99,321.19
C038805,2007.13,New,0.16,321.14
C026330,330.95,Loyal,0.97,321.02
C033404,324.22,New,0.99,320.98
C086234,6415.39,Returning,0.05,320.77
C022272,320.67,New,1.0,320.67
C074258,471.52,New,0.68,320.63
C064000,340.98,Loyal,0.94,320.52
C044236,3560.59,VIP,0.09,320.45
C004803,351.82,VIP,0.91,320.16
C037688,696.0,Returning,0.46,320.16
C099472,385.72,VIP,0.83,320.15
C055530,330.03,VIP,0.97,320.13
C030555,329.99,New,0.97,320.09
C008113,1032.56,Loyal,0.31,320.09
C054351,1102.95,VIP,0.29,319.86
C061677,343.91,Returning,0.93,319.84
C055376,319.83,VIP,1.0,319.83
C000329,1141.77,Loyal,0.28,319.7
C009827,710.42,VIP,0.45,319.69
C035965,343.64,Loyal,0.93,319.59
C029700,326.01,New,0.98,319.49
C032249,362.87,Loyal,0.88,319.33
C092414,1771.04,New,0.18,318.79
C040651,4553.88,New,0.07,318.77
C047984,408.6,Loyal,0.78,318.71
C093177,1180.38,Returning,0.27,318.7
C076210,321.67,VIP,0.99,318.45
C021443,10613.02,Loyal,0.03,318.39
C047758,353.67,Loyal,0.9,318.3
C038536,331.49,Returning,0.96,318.23
C087350,859.96,VIP,0.37,318.19
C096845,334.94,Loyal,0.95,318.19
C059522,324.65,VIP,0.98,318.16
C020275,859.79,New,0.37,318.12
C044659,361.39,Loyal,0.88,318.02
C061731,345.61,Returning,0.92,317.96
C077040,341.71,New,0.93,317.79
C001155,327.6,Loyal,0.97,317.77
C013044,453.95,Returning,0.7,317.76
C053550,327.49,VIP,0.97,317.67
C064081,2443.36,Returning,0.13,317.64
C022811,1134.28,VIP,0.28,317.6
C086252,352.8,VIP,0.9,317.52
C054945,320.48,Loyal,0.99,317.28
C034060,10575.77,New,0.03,317.27
C078155,344.67,New,0.92,317.1
C074690,3963.22,VIP,0.08,317.06
C019125,319.9,VIP,0.99,316.7
C012967,319.76,Loyal,0.99,316.56
C022530,316.32,New,1.0,316.32
C040461,351.23,Loyal,0.9,316.11
C049932,5268.21,VIP,0.06,316.09
C004560,4513.9,VIP,0.07,315.97
C012083,322.4,New,0.98,315.95
C049735,5265.8,Loyal,0.06,315.95
C044182,4513.29,Returning,0.07,315.93
C004452,315.82,New,1.0,315.82
C094616,2255.11,New,0.14,315.72
C050652,6312.99,VIP,0.05,315.65
C083011,335.71,VIP,0.94,315.57
C070920,346.52,VIP,0.91,315.33
C041097,6306.67,Returning,0.05,315.33
C071552,379.88,New,0.83,315.3
C017297,325.05,Returning,0.97,315.3
C015627,315.23,New,1.0,315.23
C086986,321.59,Returning,0.98,315.16
C003170,324.9,Returning,0.97,315.15
C032189,324.71,Returning,0.97,314.97
C008918,684.68,Loyal,0.46,314.95
C075855,318.12,Loyal,0.99,314.94
C085673,314.93,VIP,1.0,314.93
C092322,314.92,Returning,1.0,314.92
C021565,398.53,New,0.79,314.84
C088352,331.41,VIP,0.95,314.84
C094306,370.32,New,0.85,314.77
C028552,357.54,Loyal,0.88,314.64
C087227,345.71,Returning,0.91,314.6
C099887,317.73,VIP,0.99,314.55
C088685,5242.18,New,0.06,314.53
C096332,324.19,VIP,0.97,314.46
C023492,6288.38,New,0.05,314.42
C061606,442.8,VIP,0.71,314.39
C039906,320.65,VIP,0.98,314.24
C010651,345.25,VIP,0.91,314.18
C023153,345.21,Returning,0.91,314.14
C056878,628.11,Loyal,0.5,314.06
C096471,1426.65,Returning,0.22,313.86
C036855,4483.66,VIP,0.07,313.86
C026578,1494.36,VIP,0.21,313.82
C082299,330.3,Returning,0.95,313.78
C069809,6272.41,VIP,0.05,313.62
C088252,3919.71,Loyal,0.08,313.58
C031457,407.25,VIP,0.77,313.58
C054903,5222.05,Loyal,0.06,313.32
C063904,1566.1,Returning,0.2,313.22
C024574,1490.28,New,0.21,312.96
C068026,4467.24,New,0.07,312.71
C078699,2841.75,New,0.11,312.59
C072390,2403.13,New,0.13,312.41
C077720,315.46,Returning,0.99,312.31
C028517,358.92,New,0.87,312.26
C053728,3468.67,Loyal,0.09,312.18
C081074,335.67,New,0.93,312.17
C023609,354.69,Loyal,0.88,312.13
C073001,650.21,Loyal,0.48,312.1
C096666,321.68,VIP,0.97,312.03
C090299,331.89,VIP,0.94,311.98
C099451,2599.49,Loyal,0.12,311.94
C089352,318.3,New,0.98,311.93
C068628,311.82,VIP,1.0,311.82
C077485,1948.19,New,0.16,311.71
C091292,944.43,Loyal,0.33,311.66
C036790,4450.81,Loyal,0.07,311.56
C069189,3461.51,Loyal,0.09,311.54
C020804,362.13,Loyal,0.86,311.43
C053128,635.5,New,0.49,311.4
C039804,1415.27,VIP,0.22,311.36
C038352,314.24,New,0.99,311.1
C082730,311.06,Returning,1.0,311.06
C068251,310.92,New,1.0,310.92
C016911,323.72,VIP,0.96,310.77
C031057,7763.23,Loyal,0.04,310.53
C012752,323.34,VIP,0.96,310.41
C092417,313.46,Loyal,0.99,310.33
C011048,323.23,VIP,0.96,310.3
C062037,10336.31,VIP,0.03,310.09
C092925,319.68,Loyal,0.97,310.09
C029232,313.07,Returning,0.99,309.94
C091974,322.7,VIP,0.96,309.79
C050144,534.06,Returning,0.58,309.75
C073461,15484.9,Returning,0.02,309.7
C001967,1290.25,Loyal,0.24,309.66
C018823,309.66,New,1.0,309.66
C078802,312.75,Loyal,0.99,309.62
C009773,10318.63,VIP,0.03,309.56
C085750,2210.78,VIP,0.14,309.51
C089226,5157.81,Loyal,0.06,309.47
C052041,312.53,Returning,0.99,309.4
C083679,312.48,Returning,0.99,309.36
C065891,1717.88,Returning,0.18,309.22
C025239,308.89,New,1.0,308.89
C009409,3088.48,Loyal,0.1,308.85
C010899,315.13,Loyal,0.98,308.83
C005855,7717.02,Returning,0.04,308.68
C045393,331.84,New,0.93,308.61
C072019,1928.02,Returning,0.16,308.48
C099117,308.34,Returning,1.0,308.34
C067434,833.16,New,0.37,308.27
C037148,1467.89,Loyal,0.21,308.26
C012352,2201.8,New,0.14,308.25
C081017,311.31,Returning,0.99,308.2
C084715,7704.21,New,0.04,308.17
C053842,327.74,New,0.94,308.08
C067242,317.58,VIP,0.97,308.05
C023240,6160.89,VIP,0.05,308.04
C086641,504.92,New,0.61,308.0
C021110,1282.59,VIP,0.24,307.82
C047175,6153.11,Returning,0.05,307.66
C095266,307.47,New,1.0,307.47
C030189,316.98,VIP,0.97,307.47
C050741,15368.58,Loyal,0.02,307.37
C029335,2364.35,New,0.13,307.37
C089991,307.35,New,1.0,307.35
C006412,316.76,Loyal,0.97,307.26
C028013,326.85,Returning,0.94,307.24
C019834,1335.61,VIP,0.23,307.19
C093531,614.01,VIP,0.5,307.0
C079659,313.23,Returning,0.98,306.97
C020556,326.46,Returning,0.94,306.87
C093339,309.92,VIP,0.99,306.82
C086657,309.61,Returning,0.99,306.51
C046710,329.52,New,0.93,306.45
C020681,315.91,New,0.97,306.43
C050626,348.12,Loyal,0.88,306.35
C008621,3828.95,Loyal,0.08,306.32
C099286,309.39,Returning,0.99,306.3
C084808,306.29,Returning,1.0,306.29
C001123,319.05,New,0.96,306.29
C037367,306.27,Returning,1.0,306.27
C002287,322.03,Returning,0.95,305.93
C059909,308.84,New,0.99,305.75
C001641,694.51,VIP,0.44,305.58
C082531,335.68,VIP,0.91,305.47
C086694,331.91,New,0.92,305.36
C067063,311.58,VIP,0.98,305.35
C007752,3052.48,VIP,0.1,305.25
C069633,1907.78,VIP,0.16,305.24
C026214,314.68,VIP,0.97,305.24
C047913,1453.37,VIP,0.21,305.21
C086703,412.4,Loyal,0.74,305.18
C009995,311.32,Returning,0.98,305.09
C017135,401.29,VIP,0.76,304.98
C021283,307.95,VIP,0.99,304.87
C045073,310.67,VIP,0.98,304.46
C012075,2767.04,VIP,0.11,304.37
C055969,310.51,Loyal,0.98,304.3
C022725,1013.29,Returning,0.3,303.99
C077631,2170.56,Returning,0.14,303.88
C027459,316.21,Loyal,0.96,303.56
C044082,705.4,New,0.43,303.32
C079851,306.29,New,0.99,303.23
C003254,348.46,VIP,0.87,303.16
C033568,6061.79,VIP,0.05,303.09
C065569,374.13,Returning,0.81,303.05
C068601,1122.33,Loyal,0.27,303.03
C067725,318.94,New,0.95,302.99
C084683,305.97,New,0.99,302.91
C070408,420.67,Returning,0.72,302.88
C080596,10092.38,New,0.03,302.77
C092551,308.92,New,0.98,302.74
C030346,312.09,Returning,0.97,302.73
C058472,426.26,New,0.71,302.64
C023289,318.52,Loyal,0.95,302.59
C066726,336.13,New,0.9,302.52
C043824,2749.0,New,0.11,302.39
C080093,302.38,VIP,1.0,302.38
C067197,431.93,New,0.7,302.35
C095343,414.17,Loyal,0.73,302.34
C038966,7557.81,VIP,0.04,302.31
C059297,308.28,Returning,0.98,302.11
C061059,305.07,New,0.99,302.02
C058645,10064.68,VIP,0.03,301.94
C031394,15086.28,VIP,0.02,301.73
C060895,10056.37,Returning,0.03,301.69
C062383,443.49,Loyal,0.68,301.57
C017712,304.6,Loyal,0.99,301.55
C025389,684.47,VIP,0.44,301.17
C009764,700.21,Loyal,0.43,301.09
C025869,3010.78,VIP,0.1,301.08
C027490,301.06,New,1.0,301.06
C013444,1584.54,Returning,0.19,301.06
C025671,304.02,Loyal,0.99,300.98
C016393,813.43,Loyal,0.37,300.97
C073800,310.23,Returning,0.97,300.92
C036879,683.35,New,0.44,300.67
C082951,4294.65,Returning,0.07,300.63
C082581,2312.12,Loyal,0.13,300.58
C062906,306.66,New,0.98,300.53
C040216,2504.3,New,0.12,300.52
C065707,770.26,Loyal,0.39,300.4
C088991,5006.41,Returning,0.06,300.38
C064145,385.02,VIP,0.78,300.32
C062950,10009.08,VIP,0.03,300.27
C046912,517.48,VIP,0.58,300.14
C084240,15002.91,Loyal,0.02,300.06
C058461,6000.45,New,0.05,300.02
C005394,299.94,New,1.0,299.94
C086707,318.88,New,0.94,299.75
C095454,1303.26,New,0.23,299.75
C010593,7492.28,Loyal,0.04,299.69
C052039,14979.24,Loyal,0.02,299.58
C087084,305.51,New,0.98,299.4
C084461,305.42,Loyal,0.98,299.31
C061254,299.28,Loyal,1.0,299.28
C026957,308.4,Returning,0.97,299.15
C064763,543.38,Loyal,0.55,298.86
C061501,298.84,New,1.0,298.84
C017487,14937.61,VIP,0.02,298.75
C002792,403.66,New,0.74,298.71
C032043,7467.53,VIP,0.04,298.7
C035193,298.69,Loyal,1.0,298.69
C063564,331.87,Loyal,0.9,298.68
C038936,5972.18,New,0.05,298.61
C029424,542.87,New,0.55,298.58
C094450,585.43,New,0.51,298.57
C047624,1990.39,VIP,0.15,298.56
C069822,347.06,Loyal,0.86,298.47
C076112,596.89,VIP,0.5,298.44
C095682,298.42,VIP,1.0,298.42
C053064,2711.93,VIP,0.11,298.31
C022178,304.39,VIP,0.98,298.3
C083032,662.61,VIP,0.45,298.17
C018816,301.16,Returning,0.99,298.15
C096730,304.16,Loyal,0.98,298.08
C047693,304.01,Returning,0.98,297.93
C054878,438.12,Loyal,0.68,297.92
C018572,1752.39,Loyal,0.17,297.91
C098052,316.9,VIP,0.94,297.89
C003866,419.32,New,0.71,297.72
C029111,300.71,VIP,0.99,297.7
C025744,327.1,Returning,0.91,297.66
C009872,1144.68,New,0.26,297.62
C066110,313.19,New,0.95,297.53
C046250,4249.94,New,0.07,297.5
C004309,381.31,Loyal,0.78,297.42
C015823,303.21,Loyal,0.98,297.15
C083433,300.12,VIP,0.99,297.12
C094844,479.15,VIP,0.62,297.07
C040442,2121.61,New,0.14,297.03
C066594,14849.4,VIP,0.02,296.99
C062299,4242.01,Loyal,0.07,296.94
C053183,299.89,Loyal,0.99,296.89
C006967,306.03,Returning,0.97,296.85
C060682,1855.25,New,0.16,296.84
C090866,302.68,VIP,0.98,296.63
C000071,1560.85,Loyal,0.19,296.56
C079260,2469.7,New,0.12,296.36
C038717,296.28,Returning,1.0,296.28
C013326,348.53,New,0.85,296.25
C023389,5923.54,New,0.05,296.18
C073146,302.15,Loyal,0.98,296.11
C098651,296.08,VIP,1.0,296.08
C039284,7397.28,Loyal,0.04,295.89
C096940,1408.86,Returning,0.21,295.86
C043700,435.04,Returning,0.68,295.83
C066695,7393.11,Returning,0.04,295.72
C050777,298.66,New,0.99,295.67
C037554,298.62,VIP,0.99,295.63
C051542,295.61,VIP,1.0,295.61
C026653,304.64,Loyal,0.97,295.5
C069348,351.69,VIP,0.84,295.42
C056019,9847.19,Returning,0.03,295.42
C084035,317.65,Loyal,0.93,295.41
C035557,351.59,Loyal,0.84,295.34
C085067,5906.44,Loyal,0.05,295.32
C082689,7382.87,Returning,0.04,295.31
C020073,14764.87,New,0.02,295.3
C002639,641.61,Returning,0.46,295.14
C035730,1844.19,New,0.16,295.07
C060417,307.32,VIP,0.96,295.03
C034862,14738.35,Returning,0.02,294.77
C087340,297.73,Loyal,0.99,294.75
C090490,306.94,Loyal,0.96,294.66
C000663,1731.39,New,0.17,294.34
C072697,309.77,New,0.95,294.28
C098839,466.86,Loyal,0.63,294.12
C067355,309.53,Loyal,0.95,294.05
C000709,3266.32,VIP,0.09,293.97
C081437,296.78,VIP,0.99,293.81
C067680,2096.69,Returning,0.14,293.54
C062512,293.47,VIP,1.0,293.47
C022825,333.28,Returning,0.88,293.29
C010010,2932.73,Returning,0.1,293.27
C077766,311.9,New,0.94,293.19
C096888,305.4,Returning,0.96,293.18
C034124,302.21,Loyal,0.97,293.14
C077905,7328.25,Returning,0.04,293.13
C034273,293.08,Loyal,1.0,293.08
C064365,2092.96,Loyal,0.14,293.01
C010531,321.91,VIP,0.91,292.94
C016101,292.84,VIP,1.0,292.84
C049485,4181.11,New,0.07,292.68
C058303,292.54,VIP,1.0,292.54
C093629,292.53,Loyal,1.0,292.53
C081146,295.46,Loyal,0.99,292.51
C048370,3250.03,VIP,0.09,292.5
C037016,417.8,VIP,0.7,292.46
C010366,292.38,Loyal,1.0,292.38
C056301,7307.56,Loyal,0.04,292.3
C079006,295.24,Loyal,0.99,292.29
C018476,449.61,New,0.65,292.25
C084266,1217.13,VIP,0.24,292.11
C020174,695.47,Returning,0.42,292.1
C079073,5839.74,New,0.05,291.99
C025453,435.77,Loyal,0.67,291.97
C002350,307.23,New,0.95,291.87
C040919,369.44,New,0.79,291.86
C048434,297.81,New,0.98,291.85
C021352,294.75,VIP,0.99,291.8
C037594,307.06,VIP,0.95,291.71
C018338,1715.47,Returning,0.17,291.63
C078334,327.67,Loyal,0.89,291.63
C019583,323.96,VIP,0.9,291.56
C041017,5830.86,New,0.05,291.54
C030322,323.85,Returning,0.9,291.47
C028999,7285.95,Loyal,0.04,291.44
C022658,359.68,New,0.81,291.34
C035008,346.8,VIP,0.84,291.31
C062603,297.23,Returning,0.98,291.29
C008601,368.63,New,0.79,291.22
C026704,306.55,VIP,0.95,291.22
C075344,291.17,Loyal,1.0,291.17
C041094,7277.47,Loyal,0.04,291.1
C067465,303.15,VIP,0.96,291.02
C082269,299.87,Loyal,0.97,290.87
C098482,484.56,New,0.6,290.74
C038854,631.92,Returning,0.46,290.68
C078380,296.56,VIP,0.98,290.63
C002820,330.07,VIP,0.88,290.46
C081870,318.92,Returning,0.91,290.22
C034710,305.43,VIP,0.95,290.16
C036297,315.36,New,0.92,290.13
C046330,293.02,VIP,0.99,290.09
C092627,453.09,New,0.64,289.98
C046981,2230.61,Returning,0.13,289.98
C032878,305.19,Returning,0.95,289.93
C076497,295.85,Returning,0.98,289.93
C067287,325.68,New,0.89,289.86
C055392,292.72,Returning,0.99,289.79
C062766,301.86,VIP,0.96,289.79
C062817,333.07,New,0.87,289.77
C053539,9658.5,Returning,0.03,289.76
C087844,7242.99,Loyal,0.04,289.72
C082342,340.77,Returning,0.85,289.65
C006703,298.6,Returning,0.97,289.64
C086332,474.7,VIP,0.61,289.57
C056071,438.74,New,0.66,289.57
C073900,332.78,Loyal,0.87,289.52
C072533,340.55,Loyal,0.85,289.47
C045063,1927.6,Returning,0.15,289.14
C040814,304.25,New,0.95,289.04
C044833,1111.47,VIP,0.26,288.98
C026304,288.92,Returning,1.0,288.92
C010646,307.34,Loyal,0.94,288.9
C076634,297.71,VIP,0.97,288.78
C033030,589.32,New,0.49,288.77
C060311,418.5,Returning,0.69,288.76
C015138,294.58,New,0.98,288.69
C055447,288.67,Returning,1.0,288.67
C088534,300.62,Loyal,0.96,288.6
C061671,1154.4,VIP,0.25,288.6
C072688,317.09,Returning,0.91,288.55
C036264,576.74,VIP,0.5,288.37
C032820,300.32,Loyal,0.96,288.31
C085577,313.16,Returning,0.92,288.11
C030966,303.26,Loyal,0.95,288.1
C028511,313.0,Loyal,0.92,287.96
C091778,464.38,Returning,0.62,287.92
C086334,378.72,Returning,0.76,287.83
C073836,296.52,Returning,0.97,287.62
C011714,302.7,New,0.95,287.56
C025330,296.22,New,0.97,287.33
C076153,296.16,Returning,0.97,287.28
C052388,299.22,Loyal,0.96,287.25
C028935,2611.27,VIP,0.11,287.24
C051917,295.84,Loyal,0.97,286.96
C038340,358.64,Loyal,0.8,286.91
C012826,387.63,New,0.74,286.85
C021503,311.69,VIP,0.92,286.75
C039345,322.12,VIP,0.89,286.69
C047318,289.55,VIP,0.99,286.65
C027537,301.64,Returning,0.95,286.56
C036489,295.31,VIP,0.97,286.45
C033004,1684.59,Returning,0.17,286.38
C042872,1244.91,VIP,0.23,286.33
C015615,5720.67,Returning,0.05,286.03
C075787,291.87,VIP,0.98,286.03
C019065,285.9,New,1.0,285.9
C042305,307.32,New,0.93,285.81
C074059,9525.61,Loyal,0.03,285.77
C063014,294.59,Returning,0.97,285.75
C032234,285.63,Loyal,1.0,285.63
C000254,313.56,Loyal,0.91,285.34
C029458,320.54,New,0.89,285.28
C070888,467.37,Loyal,0.61,285.1
C048450,290.92,VIP,0.98,285.1
C071336,7127.51,Returning,0.04,285.1
C081611,293.88,Returning,0.97,285.06
C066443,287.91,Loyal,0.99,285.03
C030453,14250.12,VIP,0.02,285.0
C089594,3560.17,New,0.08,284.81
C091735,302.6,Loyal,0.94,284.44
C053755,293.22,Returning,0.97,284.42
C083745,2585.56,Returning,0.11,284.41
C009482,9478.67,Loyal,0.03,284.36
C047535,2842.95,VIP,0.1,284.3
C071037,2584.21,Loyal,0.11,284.26
C064459,312.29,Loyal,0.91,284.18
C060538,14205.74,VIP,0.02,284.11
C035260,2582.42,New,0.11,284.07
C086306,286.89,VIP,0.99,284.02
C007432,292.69,VIP,0.97,283.91
C012079,298.75,Returning,0.95,283.81
C015191,286.61,Loyal,0.99,283.74
C091820,286.48,New,0.99,283.62
C030896,286.48,VIP,0.99,283.62
C006808,590.62,New,0.48,283.5
C038034,289.28,VIP,0.98,283.49
C069084,289.22,VIP,0.98,283.44
C008108,289.12,Loyal,0.98,283.34
C020131,2833.0,Loyal,0.1,283.3
C063042,505.73,VIP,0.56,283.21
C078814,857.48,Loyal,0.33,282.97
C093459,9430.29,Returning,0.03,282.91
C050406,328.8,Returning,0.86,282.77
C063122,9424.87,Loyal,0.03,282.75
C028690,285.35,New,0.99,282.5
C077946,807.08,Returning,0.35,282.48
C021374,282.37,VIP,1.0,282.37
C024700,336.02,Returning,0.84,282.26
C079210,310.14,VIP,0.91,282.23
C035851,671.6,New,0.42,282.07
C051845,7051.3,Loyal,0.04,282.05
C021496,296.84,Loyal,0.95,282.0
C048079,881.16,New,0.32,281.97
C066477,290.63,New,0.97,281.91
C034275,9396.28,Loyal,0.03,281.89
C036130,284.59,VIP,0.99,281.74
C038308,1482.63,Loyal,0.19,281.7
C072975,284.48,VIP,0.99,281.64
C068989,287.38,New,0.98,281.63
C047796,287.34,Returning,0.98,281.59
C086526,299.53,Returning,0.94,281.56
C030512,365.5,VIP,0.77,281.44
C081764,295.91,VIP,0.95,281.11
C020284,286.71,Returning,0.98,280.98
C095268,283.78,Returning,0.99,280.94
C041156,286.62,VIP,0.98,280.89
C024930,355.53,Returning,0.79,280.87
C022664,286.59,Returning,0.98,280.86
C086956,289.53,Returning,0.97,280.84
C033926,286.44,Returning,0.98,280.71
C037863,280.6,Returning,1.0,280.6
C055945,292.26,Loyal,0.96,280.57
C042376,280.54,New,1.0,280.54
C092824,283.18,Loyal,0.99,280.35
C014905,14016.1,Loyal,0.02,280.32
C006427,291.9,Returning,0.96,280.22
C040560,288.72,Returning,0.97,280.06
C060880,288.52,New,0.97,279.86
C053608,4662.83,New,0.06,279.77
C039522,282.59,Loyal,0.99,279.76
C094202,291.36,Returning,0.96,279.71
C003301,1644.7,VIP,0.17,279.6
C008640,1747.27,Returning,0.16,279.56
C027967,9318.0,Loyal,0.03,279.54
C061474,9317.21,New,0.03,279.52
C082538,1746.92,Loyal,0.16,279.51
C007056,6987.56,Loyal,0.04,279.5
C056350,1746.33,Returning,0.16,279.41
C083490,3989.31,New,0.07,279.25
C062855,284.92,Loyal,0.98,279.22
C034907,900.2,Loyal,0.31,279.06
C054638,489.57,New,0.57,279.05
C065946,591.93,Loyal,0.47,278.21
C082249,305.66,Returning,0.91,278.15
C004732,2317.83,Returning,0.12,278.14
C079959,1463.37,Returning,0.19,278.04
C057527,280.77,VIP,0.99,277.96
C098467,280.71,Loyal,0.99,277.9
C073222,3087.1,Returning,0.09,277.84
C017304,455.45,New,0.61,277.82
C013564,283.46,VIP,0.98,277.79
C063343,342.83,Returning,0.81,277.69
C095402,355.96,Loyal,0.78,277.65
C064653,4627.45,New,0.06,277.65
C075690,283.29,Loyal,0.98,277.62
C020425,280.4,Loyal,0.99,277.6
C053393,504.65,Loyal,0.55,277.56
C032337,1850.39,Loyal,0.15,277.56
C058174,330.42,VIP,0.84,277.55
C040162,5550.43,Returning,0.05,277.52
C082959,1387.27,New,0.2,277.45
C098004,292.05,Returning,0.95,277.45
C056539,326.39,New,0.85,277.43
C099482,2773.74,New,0.1,277.37
C078299,301.48,Loyal,0.92,277.36
C033282,3465.82,New,0.08,277.27
C085781,5545.46,Returning,0.05,277.27
C063733,318.68,VIP,0.87,277.25
C061017,314.87,Loyal,0.88,277.09
C028913,277.04,New,1.0,277.04
C094312,297.88,Returning,0.93,277.03
C060204,311.1,Loyal,0.89,276.88
C086722,333.56,Returning,0.83,276.85
C015952,279.29,Loyal,0.99,276.5
C069741,2762.38,New,0.1,276.24
C093670,890.15,VIP,0.31,275.95
C022390,362.89,New,0.76,275.8
C000877,1253.45,VIP,0.22,275.76
C010707,306.38,VIP,0.9,275.74
C059857,281.35,New,0.98,275.72
C017673,284.25,VIP,0.97,275.72
C065926,281.27,New,0.98,275.64
C014958,278.4,New,0.99,275.62
C089031,290.1,VIP,0.95,275.6
C009661,861.0,New,0.32,275.52
C053667,302.73,New,0.91,275.48
C030382,280.99,Loyal,0.98,275.37
C075617,275.31,New,1.0,275.31
C079927,9176.56,New,0.03,275.3
C060306,2752.49,VIP,0.1,275.25
C091331,278.02,New,0.99,275.24
C013122,2752.34,New,0.1,275.23
C012485,6877.08,Returning,0.04,275.08
C036589,286.43,Returning,0.96,274.97
C090602,4582.62,New,0.06,274.96
C051033,624.69,New,0.44,274.86
C058092,572.36,VIP,0.48,274.73
C042356,4578.26,New,0.06,274.7
C017309,277.44,Loyal,0.99,274.67
C082245,305.17,New,0.9,274.65
C094672,381.39,New,0.72,274.6
C082150,9152.33,Returning,0.03,274.57
C034684,280.07,Returning,0.98,274.47
C061978,3919.49,VIP,0.07,274.36
C039346,298.17,VIP,0.92,274.32
C000267,3427.96,Returning,0.08,274.24
C009946,294.88,VIP,0.93,274.24
C029844,5477.93,Returning,0.05,273.9
C094530,9127.89,Returning,0.03,273.84
C011288,291.23,Loyal,0.94,273.76
C053597,434.52,Loyal,0.63,273.75
C093055,285.13,Returning,0.96,273.72
C093273,1824.58,New,0.15,273.69
C088660,3909.1,Returning,0.07,273.64
C074531,285.0,Loyal,0.96,273.6
C009831,1518.58,VIP,0.18,273.34
C044880,384.99,New,0.71,273.34
C078352,284.7,Returning,0.96,273.31
C067587,390.37,New,0.7,273.26
C010404,290.43,Loyal,0.94,273.0
C030089,272.88,New,1.0,272.88
C099928,606.27,Returning,0.45,272.82
C019879,1704.95,VIP,0.16,272.79
C057360,275.49,Returning,0.99,272.74
C043023,3405.19,Returning,0.08,272.42
C080574,277.96,Returning,0.98,272.4
C029958,1008.69,Returning,0.27,272.35
C028385,299.25,Returning,0.91,272.32
C035053,6807.47,Loyal,0.04,272.3
C000098,275.0,VIP,0.99,272.25
C096181,292.73,Loyal,0.93,272.24
C016345,9072.31,New,0.03,272.17
C000921,274.79,Loyal,0.99,272.04
C095359,280.22,VIP,0.97,271.81
C091855,289.14,New,0.94,271.79
C086356,282.98,VIP,0.96,271.66
C079697,9043.56,Returning,0.03,271.31
C013958,330.79,Returning,0.82,271.25
C079089,276.75,Loyal,0.98,271.21
C011795,9040.12,New,0.03,271.2
C066137,1694.9,Loyal,0.16,271.18
C072130,301.11,New,0.9,271.0
C073913,270.97,VIP,1.0,270.97
C056267,356.52,New,0.76,270.96
C091455,276.32,Returning,0.98,270.79
C050331,2705.17,VIP,0.1,270.52
C021946,2459.19,Loyal,0.11,270.51
C046431,281.77,VIP,0.96,270.5
C033115,270.4,VIP,1.0,270.4
C076274,5406.78,New,0.05,270.34
C059117,13516.68,New,0.02,270.33
C055199,275.82,New,0.98,270.3
C086503,307.06,Loyal,0.88,270.21
C036362,337.71,New,0.8,270.17
C082262,272.86,Returning,0.99,270.13
C094786,290.41,Loyal,0.93,270.08
C071215,435.59,Loyal,0.62,270.07
C005646,3374.27,VIP,0.08,269.94
C047088,1226.9,VIP,0.22,269.92
C056167,272.61,VIP,0.99,269.88
C068977,275.31,Returning,0.98,269.8
C090893,379.77,Returning,0.71,269.64
C068790,3849.41,VIP,0.07,269.46
C052661,869.22,VIP,0.31,269.46
C032321,269.46,Returning,1.0,269.46
C097075,283.6,Returning,0.95,269.42
C023956,272.13,Returning,0.99,269.41
C038213,5387.92,Loyal,0.05,269.4
C028862,292.83,VIP,0.92,269.4
C092665,349.67,New,0.77,269.25
C018368,277.57,New,0.97,269.24
C000702,8970.25,Returning,0.03,269.11
C054539,274.57,VIP,0.98,269.08
C070925,2689.74,New,0.1,268.97
C015503,625.26,New,0.43,268.86
C074094,13429.73,Loyal,0.02,268.59
C065254,767.37,Returning,0.35,268.58
C004273,13423.81,Loyal,0.02,268.48
C087396,270.95,Returning,0.99,268.24
C036557,1031.41,Loyal,0.26,268.17
C012987,362.16,Returning,0.74,268.0
C064421,924.06,Returning,0.29,267.98
C033910,273.42,Loyal,0.98,267.95
C022890,787.84,Returning,0.34,267.87
C030740,478.14,Returning,0.56,267.76
C042514,2059.5,VIP,0.13,267.74
C097907,2676.17,VIP,0.1,267.62
C090179,297.34,New,0.9,267.61
C075567,318.39,Returning,0.84,267.45
C039079,1114.13,Returning,0.24,267.39
C064924,287.4,Returning,0.93,267.28
C083295,6681.22,New,0.04,267.25
C089409,503.64,Returning,0.53,266.93
C079730,292.98,Returning,0.91,266.61
C091385,341.65,Returning,0.78,266.49
C006335,3805.74,Loyal,0.07,266.4
C040134,1065.34,Loyal,0.25,266.33
C002324,320.82,Loyal,0.83,266.28
C051473,271.66,New,0.98,266.23
C056488,1267.56,Returning,0.21,266.19
C075065,458.83,VIP,0.58,266.12
C038643,277.17,New,0.96,266.08
C074061,341.05,VIP,0.78,266.02
C088719,13286.37,Loyal,0.02,265.73
C023353,295.06,VIP,0.9,265.55
C005678,758.66,Returning,0.35,265.53
C072864,13273.89,New,0.02,265.48
C067302,301.6,Returning,0.88,265.41
C017502,288.34,Loyal,0.92,265.27
C057445,276.17,VIP,0.96,265.12
C071395,270.49,VIP,0.98,265.08
C060229,273.24,Loyal,0.97,265.04
C007231,273.2,VIP,0.97,265.0
C016791,1059.9,Returning,0.25,264.98
C072984,270.35,Loyal,0.98,264.94
C078420,1471.16,Returning,0.18,264.81
C030099,311.49,Loyal,0.85,264.77
C009406,827.38,Loyal,0.32,264.76
C001357,1556.42,Returning,0.17,264.59
C060629,278.36,Returning,0.95,264.44
C033080,267.03,Returning,0.99,264.36
C059341,272.46,Loyal,0.97,264.29
C061070,754.8,Loyal,0.35,264.18
C058403,275.07,VIP,0.96,264.07
C024805,264.06,VIP,1.0,264.06
C039437,425.88,VIP,0.62,264.05
C093852,275.04,Returning,0.96,264.04
C032979,1056.08,VIP,0.25,264.02
C084750,5276.03,Loyal,0.05,263.8
C091810,3296.72,VIP,0.08,263.74
C021975,271.75,Loyal,0.97,263.6
C062740,775.26,New,0.34,263.59
C095257,289.61,Returning,0.91,263.55
C091085,585.65,VIP,0.45,263.54
C067654,1197.46,Loyal,0.22,263.44
C001197,849.71,New,0.31,263.41
C013229,8779.43,Returning,0.03,263.38
C027050,286.16,Returning,0.92,263.27
C076968,3759.98,Loyal,0.07,263.2
C045517,8765.48,VIP,0.03,262.96
C036074,279.56,New,0.94,262.79
C012174,268.03,Returning,0.98,262.67
C059210,2626.26,New,0.1,262.63
C010313,308.92,New,0.85,262.58
C046386,262.57,Loyal,1.0,262.57
C021850,5251.32,New,0.05,262.57
C059111,8747.69,VIP,0.03,262.43
C097260,279.14,Returning,0.94,262.39
C070307,262.31,New,1.0,262.31
C037234,8736.54,VIP,0.03,262.1
C015754,513.79,Loyal,0.51,262.03
C022374,269.96,VIP,0.97,261.86
C016847,297.51,VIP,0.88,261.81
C034356,284.53,VIP,0.92,261.77
C070236,281.39,Returning,0.93,261.69
C043720,6541.59,Returning,0.04,261.66
C055807,5233.07,Returning,0.05,261.65
C007514,871.88,New,0.3,261.56
C058276,637.62,VIP,0.41,261.42
C012530,1633.67,New,0.16,261.39
C059696,6534.5,New,0.04,261.38
C043660,8712.03,Loyal,0.03,261.36
C006996,900.29,Loyal,0.29,261.08
C028147,293.25,Loyal,0.89,260.99
C053478,330.36,New,0.79,260.98
C033031,269.02,Loyal,0.97,260.95
C038606,271.71,New,0.96,260.84
C029110,26078.78,VIP,0.01,260.79
C091614,325.98,Loyal,0.8,260.78
C089527,266.07,VIP,0.98,260.75
C026527,347.6,VIP,0.75,260.7
C093873,356.69,VIP,0.73,260.38
C013135,8677.09,New,0.03,260.31
C005772,262.86,Loyal,0.99,260.23
C098382,8670.96,VIP,0.03,260.13
C096116,2000.98,Loyal,0.13,260.13
C075978,292.25,Loyal,0.89,260.1
C095028,400.09,Loyal,0.65,260.06
C061090,376.8,VIP,0.69,259.99
C006480,6498.58,VIP,0.04,259.94
C039484,273.46,Returning,0.95,259.79
C095217,455.37,VIP,0.57,259.56
C017643,4325.67,New,0.06,259.54
C001471,291.39,New,0.89,259.34
C080890,1440.65,Loyal,0.18,259.32
C090410,959.99,New,0.27,259.2
C046411,272.83,VIP,0.95,259.19
C043418,8638.17,Returning,0.03,259.15
C064589,498.15,Loyal,0.52,259.04
C003628,281.49,Returning,0.92,258.97
C021177,264.22,Loyal,0.98,258.94
C046632,1849.47,Returning,0.14,258.93
C098265,6471.83,Returning,0.04,258.87
C040515,616.1,New,0.42,258.76
C072550,646.49,Loyal,0.4,258.6
C072264,269.31,Returning,0.96,258.54
C065647,266.3,VIP,0.97,258.31
C078518,5164.94,Returning,0.05,258.25
C000813,2347.5,Loyal,0.11,258.23
C071101,258.13,VIP,1.0,258.13
C062677,759.14,VIP,0.34,258.11
C084549,263.24,VIP,0.98,257.98
C040981,265.89,VIP,0.97,257.91
C062924,8591.99,VIP,0.03,257.76
C041363,1120.14,VIP,0.23,257.63
C090033,5151.74,New,0.05,257.59
C038120,257.3,Returning,1.0,257.3
C049713,262.51,Returning,0.98,257.26
C064381,2143.68,New,0.12,257.24
C095377,257.21,Loyal,1.0,257.21
C039189,756.4,Loyal,0.34,257.18
C006072,4286.39,VIP,0.06,257.18
C098400,338.13,Returning,0.76,256.98
C066732,276.3,Loyal,0.93,256.96
C066696,12847.43,VIP,0.02,256.95
C018238,267.59,Loyal,0.96,256.89
C013696,351.86,Returning,0.73,256.86
C038268,256.85,Loyal,1.0,256.85
C081751,259.33,New,0.99,256.74
C059434,270.17,Loyal,0.95,256.66
C045250,294.92,Returning,0.87,256.58
C025841,6413.2,New,0.04,256.53
C045026,8548.27,New,0.03,256.45
C087003,388.46,Returning,0.66,256.38
C076131,1831.23,Loyal,0.14,256.37
C055374,269.78,Loyal,0.95,256.29
C068253,264.18,Returning,0.97,256.25
C055789,609.87,Loyal,0.42,256.15
C079309,264.0,Returning,0.97,256.08
C089918,263.99,Returning,0.97,256.07
C088784,12795.53,Returning,0.02,255.91
C040985,281.02,VIP,0.91,255.73
C017201,280.94,New,0.91,255.66
C042065,623.33,Returning,0.41,255.57
C054406,260.75,New,0.98,255.54
C063496,2322.8,Returning,0.11,255.51
C034328,262.89,Loyal,0.97,255.0
C035388,254.99,VIP,1.0,254.99
C037798,12747.05,VIP,0.02,254.94
C049835,12746.76,New,0.02,254.94
C097510,265.48,Loyal,0.96,254.86
C079678,446.94,VIP,0.57,254.76
C051599,268.0,Returning,0.95,254.6
C008559,6364.74,Returning,0.04,254.59
C011447,5091.54,Returning,0.05,254.58
C036704,273.68,Loyal,0.93,254.52
C050311,259.6,Returning,0.98,254.41
C011833,313.79,Returning,0.81,254.17
C036683,12685.57,VIP,0.02,253.71
C046225,8456.9,Loyal,0.03,253.71
C053309,258.88,Returning,0.98,253.7
C025351,253.63,VIP,1.0,253.63
C040713,287.91,Returning,0.88,253.36
C017833,745.14,Returning,0.34,253.35
C057114,1333.27,Returning,0.19,253.32
C070034,2302.86,Loyal,0.11,253.31
C008586,2533.01,New,0.1,253.3
C018401,253.16,VIP,1.0,253.16
C011266,290.87,New,0.87,253.06
C058357,3613.75,New,0.07,252.96
C004208,316.12,Loyal,0.8,252.9
C094189,260.62,Loyal,0.97,252.8
C068511,601.89,Loyal,0.42,252.79
C044780,12636.74,Loyal,0.02,252.73
C005844,297.28,New,0.85,252.69
C006097,280.53,New,0.9,252.48
C047252,5043.85,New,0.05,252.19
C080518,6304.3,Returning,0.04,252.17
C024594,25213.93,Returning,0.01,252.14
C002301,5042.24,Returning,0.05,252.11
C097033,315.07,Returning,0.8,252.06
C053069,265.32,Returning,0.95,252.05
C075889,259.8,Loyal,0.97,252.01
C082699,434.05,VIP,0.58,251.75
C030273,2097.76,New,0.12,251.73
C029947,340.1,Loyal,0.74,251.67
C033523,349.52,Returning,0.72,251.65
C044425,251.61,New,1.0,251.61
C081520,256.68,Returning,0.98,251.55
C012651,251.52,VIP,1.0,251.52
C024343,3592.24,Returning,0.07,251.46
C025160,866.67,Returning,0.29,251.33
C011519,3587.64,Loyal,0.07,251.13
C076880,253.48,VIP,0.99,250.95
C058641,313.64,Loyal,0.8,250.91
C021816,760.24,Loyal,0.33,250.88
C035495,253.13,VIP,0.99,250.6
C048130,782.78,Returning,0.32,250.49
C077616,250.17,VIP,1.0,250.17
C077273,255.19,VIP,0.98,250.09
C020726,833.18,New,0.3,249.95
C023603,594.88,Returning,0.42,249.85
C055900,3122.79,New,0.08,249.82
C030328,249.7,New,1.0,249.7
C000691,268.42,Returning,0.93,249.63
C079463,271.33,VIP,0.92,249.62
C013610,286.91,Returning,0.87,249.61
C014312,271.29,New,0.92,249.59
C029539,332.76,Loyal,0.75,249.57
C068400,1919.47,VIP,0.13,249.53
C039823,8310.75,Loyal,0.03,249.32
C085674,445.15,New,0.56,249.28
C044344,3113.77,New,0.08,249.1
C054024,1383.77,Returning,0.18,249.08
C076554,4981.36,Returning,0.05,249.07
C081136,4980.87,VIP,0.05,249.04
C014650,8300.48,VIP,0.03,249.01
C041807,6223.12,VIP,0.04,248.92
C035120,995.65,VIP,0.25,248.91
C029413,1555.55,VIP,0.16,248.89
C090919,261.68,New,0.95,248.6
C049826,267.27,Loyal,0.93,248.56
C068497,3550.54,Loyal,0.07,248.54
C073243,250.91,Loyal,0.99,248.4
C016228,3547.81,Returning,0.07,248.35
C007025,394.18,Returning,0.63,248.33
C044075,275.88,Returning,0.9,248.29
C020500,2255.69,Returning,0.11,248.13
C015200,253.17,VIP,0.98,248.11
C014108,620.05,VIP,0.4,248.02
C017094,12400.7,Loyal,0.02,248.01
C002317,248.01,New,1.0,248.01
C008618,247.81,VIP,1.0,247.81
C008448,269.32,Returning,0.92,247.77
C011462,334.74,New,0.74,247.71
C037325,381.07,Loyal,0.65,247.7
C059657,275.19,Returning,0.9,247.67
C012586,252.64,Returning,0.98,247.59
C003827,12371.52,Returning,0.02,247.43
C006430,2248.56,VIP,0.11,247.34
C086828,260.23,New,0.95,247.22
C039626,2247.16,Loyal,0.11,247.19
C072855,247.16,Returning,1.0,247.16
C093633,254.79,Loyal,0.97,247.15
C058983,8237.5,VIP,0.03,247.12
C058308,24712.32,New,0.01,247.12
C087171,1300.4,VIP,0.19,247.08
C092049,280.63,Loyal,0.88,246.95
C046519,3084.88,Returning,0.08,246.79
C023035,6169.29,VIP,0.04,246.77
C069029,251.75,New,0.98,246.72
C057225,3523.88,Returning,0.07,246.67
C077646,249.04,New,0.99,246.55
C005429,251.55,Returning,0.98,246.52
C003787,251.54,VIP,0.98,246.51
C055760,254.03,Returning,0.97,246.41
C034860,724.68,New,0.34,246.39
C051818,293.06,VIP,0.84,246.17
C036872,267.54,Returning,0.92,246.14
C026893,248.6,Returning,0.99,246.11
C019371,1892.88,New,0.13,246.07
C035114,256.24,VIP,0.96,245.99
C081591,307.47,VIP,0.8,245.98
C013801,8199.33,New,0.03,245.98
C052992,253.53,New,0.97,245.92
C078049,292.7,VIP,0.84,245.87
C083069,299.79,VIP,0.82,245.83
C020347,1169.93,Returning,0.21,245.69
C024213,255.91,New,0.96,245.67
C050537,3508.17,New,0.07,245.57
C031964,250.58,Loyal,0.98,245.57
C058253,247.99,Returning,0.99,245.51
C085300,255.67,New,0.96,245.44
C002825,260.95,VIP,0.94,245.29
C039954,247.71,New,0.99,245.23
C008818,3502.63,New,0.07,245.18
C096794,8172.82,VIP,0.03,245.18
C028818,247.59,Loyal,0.99,245.11
C069183,4902.05,VIP,0.05,245.1
C004659,2721.65,VIP,0.09,244.95
C000054,4897.87,VIP,0.05,244.89
C038374,249.83,Returning,0.98,244.83
C086781,354.76,New,0.69,244.78
C036239,249.78,Loyal,0.98,244.78
C032074,6118.86,New,0.04,244.75
C082193,8156.52,New,0.03,244.7
C010785,3058.17,Loyal,0.08,244.65
C020677,1747.47,VIP,0.14,244.65
C002108,12228.55,VIP,0.02,244.57
C090035,281.06,New,0.87,244.52
C031896,252.02,Loyal,0.97,244.46
C034994,254.64,New,0.96,244.45
C005782,244.39,New,1.0,244.39
C036922,414.06,Loyal,0.59,244.3
C001182,259.77,Loyal,0.94,244.18
C082248,277.36,Returning,0.88,244.08
C038318,393.52,New,0.62,243.98
C047312,259.51,New,0.94,243.94
C037605,3484.89,New,0.07,243.94
C043734,937.4,New,0.26,243.72
C050044,261.93,New,0.93,243.59
C003092,286.54,New,0.85,243.56
C050784,259.01,New,0.94,243.47
C094296,261.63,New,0.93,243.32
C009820,1871.52,VIP,0.13,243.3
C069467,258.79,New,0.94,243.26
C009460,250.73,Loyal,0.97,243.21
C098313,2026.18,Loyal,0.12,243.14
C066469,607.65,New,0.4,243.06
C075747,264.17,VIP,0.92,243.04
C007179,4047.81,Returning,0.06,242.87
C046593,245.31,VIP,0.99,242.86
C019071,255.55,Loyal,0.95,242.77
C057547,6067.37,VIP,0.04,242.69
C059412,245.12,VIP,0.99,242.67
C022357,808.61,New,0.3,242.58
C088359,2425.68,Returning,0.1,242.57
C037183,242.53,Loyal,1.0,242.53
C044193,272.47,New,0.89,242.5
C036458,4848.84,VIP,0.05,242.44
C076985,1275.27,Loyal,0.19,242.3
C096909,252.37,New,0.96,242.28
C084306,310.34,VIP,0.78,242.07
C065239,733.07,Loyal,0.33,241.91
C013279,12092.24,New,0.02,241.84
C076086,1859.48,VIP,0.13,241.73
C027240,251.76,VIP,0.96,241.69
C033191,3017.59,Returning,0.08,241.41
C045932,2678.86,New,0.09,241.1
C030182,280.0,VIP,0.86,240.8
C007333,24077.87,New,0.01,240.78
C074485,300.95,VIP,0.8,240.76
C067684,2407.32,New,0.1,240.73
C006187,462.8,New,0.52,240.66
C096584,243.07,New,0.99,240.64
C016727,248.03,New,0.97,240.59
C015876,364.49,VIP,0.66,240.56
C037407,250.58,New,0.96,240.56
C005579,267.17,VIP,0.9,240.45
C012622,6009.67,New,0.04,240.39
C013042,8011.02,Loyal,0.03,240.33
C072445,263.96,Loyal,0.91,240.2
C071921,2668.22,Loyal,0.09,240.14
C080286,242.54,Loyal,0.99,240.11
C014652,247.52,VIP,0.97,240.09
C090160,3999.83,Loyal,0.06,239.99
C012332,307.46,Loyal,0.78,239.82
C002328,3422.6,New,0.07,239.58
C026437,246.99,Loyal,0.97,239.58
C039183,249.4,New,0.96,239.42
C054836,246.73,Loyal,0.97,239.33
C072092,346.86,New,0.69,239.33
C003905,351.88,Loyal,0.68,239.28
C050681,1594.78,New,0.15,239.22
C073868,260.0,VIP,0.92,239.2
C044905,771.32,New,0.31,239.11
C093184,379.49,Returning,0.63,239.08
C075077,2656.4,Returning,0.09,239.08
C051437,412.18,New,0.58,239.06
C090416,956.15,Loyal,0.25,239.04
C078296,251.61,New,0.95,239.03
C067338,248.97,Loyal,0.96,239.01
C042912,2987.64,New,0.08,239.01
C009817,663.83,VIP,0.36,238.98
C086442,238.98,Loyal,1.0,238.98
C052999,262.4,New,0.91,238.78
C088639,1591.04,Loyal,0.15,238.66
C065082,246.01,VIP,0.97,238.63
C037834,627.65,New,0.38,238.51
C011752,243.34,Loyal,0.98,238.47
C087106,250.98,VIP,0.95,238.43
C017556,253.51,Loyal,0.94,238.3
C039528,243.13,Loyal,0.98,238.27
C000513,7939.3,New,0.03,238.18
C056728,4763.64,Loyal,0.05,238.18
C035346,11908.72,New,0.02,238.17
C088629,238.16,Returning,1.0,238.16
C001041,248.03,Returning,0.96,238.11
C006014,5952.7,Returning,0.04,238.11
C029392,305.2,Returning,0.78,238.06
C000881,4760.21,New,0.05,238.01
C011119,5947.89,VIP,0.04,237.92
C034136,1251.93,VIP,0.19,237.87
C032486,242.67,Loyal,0.98,237.82
C010714,11888.31,Returning,0.02,237.77
C051257,247.57,Loyal,0.96,237.67
C014565,264.04,New,0.9,237.64
C004580,7919.82,Returning,0.03,237.59
C094405,242.42,New,0.98,237.57
C036018,2158.63,VIP,0.11,237.45
C062220,237.45,New,1.0,237.45
C049879,304.37,New,0.78,237.41
C025682,382.88,New,0.62,237.39
C060526,1481.99,Returning,0.16,237.12
C046770,376.36,VIP,0.63,237.11
C004736,376.1,Returning,0.63,236.94
C065720,249.35,Returning,0.95,236.88
C071926,5913.82,Loyal,0.04,236.55
C033715,238.82,Returning,0.99,236.43
C062965,2954.93,Loyal,0.08,236.39
C070757,7876.87,Loyal,0.03,236.31
C021288,674.91,New,0.35,236.22
C029563,240.75,New,0.98,235.94
C070661,240.76,Loyal,0.98,235.94
C045560,7861.55,Loyal,0.03,235.85
C072815,253.56,VIP,0.93,235.81
C055341,3368.3,Returning,0.07,235.78
C077011,259.04,Loyal,0.91,235.73
C014658,235.69,Loyal,1.0,235.69
C067749,7844.7,New,0.03,235.34
C044931,237.72,VIP,0.99,235.34
C041198,267.19,New,0.88,235.13
C047587,2351.18,Returning,0.1,235.12
C018630,235.12,VIP,1.0,235.12
C090766,1808.55,VIP,0.13,235.11
C064129,235.11,Loyal,1.0,235.11
C062471,691.39,Returning,0.34,235.07
C026081,325.96,Loyal,0.72,234.69
C077642,1955.56,New,0.12,234.67
C007539,293.13,VIP,0.8,234.5
C036786,263.3,New,0.89,234.34
C064757,292.82,Loyal,0.8,234.26
C044504,4682.97,VIP,0.05,234.15
C019742,3343.49,Loyal,0.07,234.04
C014668,2925.54,New,0.08,234.04
C046169,649.94,New,0.36,233.98
C036955,5848.41,Loyal,0.04,233.94
C050557,238.64,VIP,0.98,233.87
C039445,806.33,New,0.29,233.84
C046464,243.28,New,0.96,233.55
C018555,1061.44,VIP,0.22,233.52
C093881,256.48,VIP,0.91,233.4
C070975,245.67,New,0.95,233.39
C012356,3887.87,VIP,0.06,233.27
C023857,416.55,New,0.56,233.27
C077828,7773.51,New,0.03,233.21
C069039,245.47,New,0.95,233.2
C060464,3886.74,Loyal,0.06,233.2
C077263,369.8,Returning,0.63,232.97
C057127,244.97,Returning,0.95,232.72
C054572,280.26,VIP,0.83,232.62
C099310,7749.34,Loyal,0.03,232.48
C000384,234.69,Loyal,0.99,232.34
C055544,239.44,VIP,0.97,232.26
C020777,236.98,VIP,0.98,232.24
C020748,244.43,New,0.95,232.21
C025877,252.39,New,0.92,232.2
C088457,236.92,New,0.98,232.18
C027022,4642.87,Returning,0.05,232.14
C079741,234.44,New,0.99,232.1
C012066,244.31,New,0.95,232.09
C054619,5799.37,Returning,0.04,231.97
C091699,579.88,Loyal,0.4,231.95
C025356,2898.64,VIP,0.08,231.89
C057863,23173.77,Loyal,0.01,231.74
C083465,234.08,New,0.99,231.74
C032866,643.5,Returning,0.36,231.66
C054507,233.81,Returning,0.99,231.47
C088300,231.46,Loyal,1.0,231.46
C013368,3306.35,VIP,0.07,231.44
C064474,7714.31,Loyal,0.03,231.43
C072846,308.55,New,0.75,231.41
C057395,405.43,New,0.57,231.1
C027524,240.7,Loyal,0.96,231.07
C020262,235.61,Loyal,0.98,230.9
C075239,233.22,VIP,0.99,230.89
C058084,281.54,Returning,0.82,230.86
C096874,3296.55,Returning,0.07,230.76
C064192,253.48,Returning,0.91,230.67
C092648,5766.3,VIP,0.04,230.65
C051899,271.25,New,0.85,230.56
C010430,390.78,New,0.59,230.56
C063136,658.22,Loyal,0.35,230.38
C017285,1212.14,Returning,0.19,230.31
C026517,234.94,New,0.98,230.24
C049496,237.33,VIP,0.97,230.21
C043139,677.08,Returning,0.34,230.21
C064889,2556.13,Loyal,0.09,230.05
C062362,5750.65,New,0.04,230.03
C007493,7666.87,Returning,0.03,230.01
C014255,4599.87,VIP,0.05,229.99
C066123,232.28,Returning,0.99,229.96
C069474,1532.78,Returning,0.15,229.92
C024251,237.02,VIP,0.97,229.91
C052531,820.86,VIP,0.28,229.84
C090667,510.31,New,0.45,229.64
C064206,246.91,Loyal,0.93,229.63
C053465,236.46,Returning,0.97,229.37
C080945,1042.48,New,0.22,229.35
C070955,559.3,Loyal,0.41,229.31
C040472,260.45,Loyal,0.88,229.2
C023286,243.83,Returning,0.94,229.2
C038168,233.81,VIP,0.98,229.13
C097358,233.71,Loyal,0.98,229.04
C017636,11446.29,Loyal,0.02,228.93
C006167,236.01,New,0.97,228.93
C046880,228.7,Loyal,1.0,228.7
C079433,2286.59,New,0.1,228.66
C098615,2540.2,VIP,0.09,228.62
C035205,235.69,Returning,0.97,228.62
C037285,235.67,New,0.97,228.6
C041650,2539.33,Returning,0.09,228.54
C019688,3264.51,New,0.07,228.52
C038267,4565.54,VIP,0.05,228.28
C001331,3802.37,New,0.06,228.14
C050566,232.78,VIP,0.98,228.12
C037731,4560.13,Loyal,0.05,228.01
C059780,230.28,VIP,0.99,227.98
C020658,232.5,VIP,0.98,227.85
C064035,229.99,Returning,0.99,227.69
C052027,5691.76,Loyal,0.04,227.67
C035682,258.59,Loyal,0.88,227.56
C068421,274.09,Loyal,0.83,227.49
C055718,11367.41,VIP,0.02,227.35
C008195,5683.18,Returning,0.04,227.33
C000760,516.57,New,0.44,227.29
C065717,227.25,Loyal,1.0,227.25
C053520,229.48,Loyal,0.99,227.19
C096296,236.59,Loyal,0.96,227.13
C039743,315.44,VIP,0.72,227.12
C001671,228.92,VIP,0.99,226.63
C064944,238.52,Returning,0.95,226.59
C045675,238.44,Returning,0.95,226.52
C019439,943.72,New,0.24,226.49
C027009,228.68,New,0.99,226.39
C001100,551.99,VIP,0.41,226.32
C072610,279.38,Loyal,0.81,226.3
C008342,22626.5,New,0.01,226.26
C042190,228.51,VIP,0.99,226.22
C076875,332.65,New,0.68,226.2
C075709,226.17,New,1.0,226.17
C066819,3769.09,VIP,0.06,226.15
C063640,248.36,Returning,0.91,226.01
C002078,1506.58,Returning,0.15,225.99
C049534,235.39,New,0.96,225.97
C061556,7531.53,New,0.03,225.95
C047170,230.48,Loyal,0.98,225.87
C011505,7528.93,Returning,0.03,225.87
C003523,253.79,Returning,0.89,225.87
C043712,5645.6,Returning,0.04,225.82
C046483,297.02,New,0.76,225.74
C053606,417.86,Loyal,0.54,225.64
C023767,1410.07,Loyal,0.16,225.61
C098084,11265.22,Loyal,0.02,225.3
C021263,229.8,Returning,0.98,225.2
C054469,288.58,VIP,0.78,225.09
C058722,394.77,Loyal,0.57,225.02
C066162,2045.1,New,0.11,224.96
C095125,7497.67,New,0.03,224.93
C093602,4497.48,VIP,0.05,224.87
C006185,227.11,Loyal,0.99,224.84
C018814,227.08,Returning,0.99,224.81
C006579,307.93,Returning,0.73,224.79
C080067,561.9,Loyal,0.4,224.76
C029414,229.19,Loyal,0.98,224.61
C031551,238.89,Loyal,0.94,224.56
C002362,22452.68,Returning,0.01,224.53
C060296,340.19,Loyal,0.66,224.53
C080995,1247.08,VIP,0.18,224.47
C073941,270.41,VIP,0.83,224.44
C045998,440.06,New,0.51,224.43
C044025,238.6,Returning,0.94,224.28
C027644,2803.2,Returning,0.08,224.26
C002547,263.73,VIP,0.85,224.17
C032081,251.84,New,0.89,224.14
C071394,224.04,Returning,1.0,224.04
C047705,7468.1,VIP,0.03,224.04
C001473,4479.0,Loyal,0.05,223.95
C048493,4478.4,Returning,0.05,223.92
C011627,3196.25,Returning,0.07,223.74
C055667,2796.54,VIP,0.08,223.72
C035716,230.63,VIP,0.97,223.71
C088228,243.13,VIP,0.92,223.68
C057083,314.62,New,0.71,223.38
C078433,1015.26,VIP,0.22,223.36
C059700,318.97,Returning,0.7,223.28
C096309,225.31,New,0.99,223.06
C000104,271.93,New,0.82,222.98
C053143,2786.44,Loyal,0.08,222.92
C045838,265.28,VIP,0.84,222.84
C089702,225.06,Loyal,0.99,222.81
C074759,247.53,Returning,0.9,222.78
C059796,11136.81,VIP,0.02,222.74
C040741,11136.3,VIP,0.02,222.73
C069885,1391.97,New,0.16,222.72
C094495,224.9,New,0.99,222.65
C066546,224.78,New,0.99,222.53
C057235,258.75,VIP,0.86,222.52
C068585,5562.55,New,0.04,222.5
C034515,222.11,Returning,1.0,222.11
C054433,715.9,Loyal,0.31,221.93
C051111,226.45,VIP,0.98,221.92
C012326,224.16,New,0.99,221.92
C036471,7396.27,Returning,0.03,221.89
C088957,226.34,New,0.98,221.81
C046741,2217.67,New,0.1,221.77
C040927,583.0,Loyal,0.38,221.54
C016342,233.18,Returning,0.95,221.52
C091115,221.51,Returning,1.0,221.51
C013149,230.65,VIP,0.96,221.42
C085510,2767.43,Returning,0.08,221.39
C018719,345.67,Returning,0.64,221.23
C045861,7373.71,Returning,0.03,221.21
C062235,257.14,VIP,0.86,221.14
C002227,315.85,New,0.7,221.1
C074723,1700.14,New,0.13,221.02
C015273,227.83,VIP,0.97,221.0
C050515,227.66,New,0.97,220.83
C032385,220.79,Loyal,1.0,220.79
C052024,1051.38,Returning,0.21,220.79
C075755,222.89,Loyal,0.99,220.66
C037408,11028.78,Returning,0.02,220.58
C005465,229.76,VIP,0.96,220.57
C055113,242.26,Loyal,0.91,220.46
C029058,3148.52,Returning,0.07,220.4
C071368,222.56,Returning,0.99,220.33
C078711,222.53,Returning,0.99,220.3
C046081,227.01,Returning,0.97,220.2
C064114,3145.57,VIP,0.07,220.19
C038487,229.35,New,0.96,220.18
C060034,478.45,VIP,0.46,220.09
C016679,2444.35,Returning,0.09,219.99
C018845,536.5,New,0.41,219.96
C059842,1374.06,VIP,0.16,219.85
C025872,3661.64,Loyal,0.06,219.7
C023344,4393.57,VIP,0.05,219.68
C062801,1045.85,VIP,0.21,219.63
C087251,2438.5,New,0.09,219.46
C095646,277.72,VIP,0.79,219.4
C051959,7312.22,Loyal,0.03,219.37
C027177,398.83,New,0.55,219.36
C009139,447.67,Loyal,0.49,219.36
C094356,223.82,Loyal,0.98,219.34
C031354,230.78,Returning,0.95,219.24
C057882,755.85,Returning,0.29,219.2
C047046,322.14,Returning,0.68,219.06
C053972,5474.2,Loyal,0.04,218.97
C060934,232.84,New,0.94,218.87
C050580,227.93,Returning,0.96,218.81
C010188,5468.07,New,0.04,218.72
C063775,1214.73,New,0.18,218.65
C086432,225.36,Returning,0.97,218.6
C052029,235.02,Returning,0.93,218.57
C088853,2731.94,VIP,0.08,218.56
C046420,3641.62,Returning,0.06,218.5
C019165,2184.96,Loyal,0.1,218.5
C048718,222.94,Loyal,0.98,218.48
C094557,364.14,Returning,0.6,218.48
C067624,606.61,VIP,0.36,218.38
C061226,225.04,New,0.97,218.29
C058576,1212.01,Returning,0.18,218.16
C013123,220.33,VIP,0.99,218.13
C072031,217.99,VIP,1.0,217.99
C022622,234.38,New,0.93,217.97
C023508,351.33,Returning,0.62,217.82
C007614,229.27,VIP,0.95,217.81
C008778,1555.8,Loyal,0.14,217.81
C010759,4354.81,Returning,0.05,217.74
C014546,381.87,Loyal,0.57,217.67
C099670,228.8,VIP,0.95,217.36
C089249,1207.31,Loyal,0.18,217.32
C040498,217.16,Returning,1.0,217.16
C099003,1447.38,Returning,0.15,217.11
C055594,425.58,New,0.51,217.05
C043511,233.31,New,0.93,216.98
C034916,3615.91,New,0.06,216.95
C008265,3099.18,Loyal,0.07,216.94
C033243,1667.72,New,0.13,216.8
C006178,5419.84,New,0.04,216.79
C010904,251.94,Returning,0.86,216.67
C091840,5413.18,Returning,0.04,216.53
C072157,4330.19,Loyal,0.05,216.51
C005976,277.46,Returning,0.78,216.42
C038671,343.42,Loyal,0.63,216.35
C065347,243.03,VIP,0.89,216.3
C016645,218.34,Loyal,0.99,216.16
C047295,229.94,Returning,0.94,216.14
C013645,218.24,New,0.99,216.06
C028383,218.24,Loyal,0.99,216.06
C063614,1543.14,Returning,0.14,216.04
C078441,229.76,VIP,0.94,215.97
C062842,263.23,Loyal,0.82,215.85
C097296,220.24,Loyal,0.98,215.84
C035806,3083.24,VIP,0.07,215.83
C092547,224.82,New,0.96,215.83
C055054,317.31,Loyal,0.68,215.77
C079955,898.49,VIP,0.24,215.64
C052560,336.74,VIP,0.64,215.51
C036205,224.48,Returning,0.96,215.5
C085143,1537.17,New,0.14,215.2
C064673,2390.53,Loyal,0.09,215.15
C044115,4300.21,Returning,0.05,215.01
C041702,219.39,VIP,0.98,215.0
C041579,255.93,New,0.84,214.98
C010943,1433.1,Returning,0.15,214.96
C048248,1264.2,VIP,0.17,214.91
C071206,233.41,VIP,0.92,214.74
C059042,214.65,Loyal,1.0,214.65
C014487,271.7,Loyal,0.79,214.64
C032511,218.86,VIP,0.98,214.48
C027902,220.96,Returning,0.97,214.33
C055473,2380.28,Returning,0.09,214.23
C093049,1947.1,Returning,0.11,214.18
C025397,220.75,Loyal,0.97,214.13
C010035,1646.09,Returning,0.13,213.99
C097409,1258.69,New,0.17,213.98
C087915,220.57,Loyal,0.97,213.95
C066998,10697.58,Returning,0.02,213.95
C061140,7130.61,VIP,0.03,213.92
C076473,220.26,VIP,0.97,213.65
C047140,3560.56,Returning,0.06,213.63
C065363,610.32,New,0.35,213.61
C042209,444.49,New,0.48,213.36
C060837,239.7,New,0.89,213.33
C073671,222.16,Loyal,0.96,213.27
C098094,284.35,VIP,0.75,213.26
C011682,3046.43,Returning,0.07,213.25
C030388,10660.92,New,0.02,213.22
C055987,1936.79,Loyal,0.11,213.05
C083725,259.68,Loyal,0.82,212.94
C021418,217.28,Loyal,0.98,212.93
C035595,212.89,New,1.0,212.89
C004700,1419.0,Loyal,0.15,212.85
C067982,253.3,Returning,0.84,212.77
C092946,2127.37,New,0.1,212.74
C018249,10626.66,Returning,0.02,212.53
C081636,3541.84,Loyal,0.06,212.51
C063696,1769.16,VIP,0.12,212.3
C011349,461.06,VIP,0.46,212.09
C008850,216.33,Loyal,0.98,212.0
C006492,1246.45,VIP,0.17,211.9
C069603,5296.96,New,0.04,211.88
C050944,211.71,Loyal,1.0,211.71
C033966,335.93,New,0.63,211.64
C079760,218.11,Loyal,0.97,211.57
C041983,7050.55,VIP,0.03,211.52
C034251,229.86,VIP,0.92,211.47
C058747,220.18,VIP,0.96,211.37
C026439,215.66,Returning,0.98,211.35
C094925,10567.55,Returning,0.02,211.35
C025196,215.59,Returning,0.98,211.28
C048971,1005.09,New,0.21,211.07
C066357,257.27,Loyal,0.82,210.96
C055307,7032.04,New,0.03,210.96
C060250,1240.25,Returning,0.17,210.84
C079899,638.62,Loyal,0.33,210.74
C000381,5268.26,New,0.04,210.73
C027637,10535.85,Loyal,0.02,210.72
C017294,382.99,New,0.55,210.64
C078733,212.76,VIP,0.99,210.63
C081914,5265.05,Returning,0.04,210.6
C057851,7018.83,Returning,0.03,210.56
C033712,214.86,New,0.98,210.56
C090677,210.45,Returning,1.0,210.45
C007969,219.15,Loyal,0.96,210.38
C054189,3004.76,VIP,0.07,210.33
C064411,10516.21,Returning,0.02,210.32
C010650,4206.19,New,0.05,210.31
C001966,420.15,Returning,0.5,210.08
C006882,216.53,Loyal,0.97,210.03
C088160,209.98,New,1.0,209.98
C032626,20986.36,New,0.01,209.86
C028057,10492.74,New,0.02,209.85
C055954,4196.81,Returning,0.05,209.84
C059321,214.11,Loyal,0.98,209.83
C059453,6991.33,VIP,0.03,209.74
C029306,5242.89,Returning,0.04,209.72
C078600,10482.3,Loyal,0.02,209.65
C021583,209.62,Returning,1.0,209.62
C061223,6985.67,Returning,0.03,209.57
C076877,211.67,Loyal,0.99,209.55
C064221,222.77,Loyal,0.94,209.4
C003734,20935.04,Loyal,0.01,209.35
C085199,227.42,New,0.92,209.23
C011419,6973.93,New,0.03,209.22
C061169,475.43,New,0.44,209.19
C091526,217.78,VIP,0.96,209.07
C027718,254.88,Returning,0.82,209.0
C079168,215.45,Returning,0.97,208.99
C018551,580.45,VIP,0.36,208.96
C014614,3480.9,VIP,0.06,208.85
C092085,217.46,VIP,0.96,208.76
C028313,226.88,New,0.92,208.73
C021702,1605.27,VIP,0.13,208.69
C094435,3477.71,New,0.06,208.66
C028104,10431.94,New,0.02,208.64
C064646,215.02,VIP,0.97,208.57
C079163,2317.03,Loyal,0.09,208.53
C077681,336.31,Returning,0.62,208.51
C026524,744.46,New,0.28,208.45
C092337,208.45,Returning,1.0,208.45
C072861,1736.6,Returning,0.12,208.39
C081989,578.75,Returning,0.36,208.35
C054544,320.52,Returning,0.65,208.34
C080302,833.34,Returning,0.25,208.34
C078722,3471.49,Returning,0.06,208.29
C042745,5206.11,New,0.04,208.24
C094684,210.29,Loyal,0.99,208.19
C099588,335.76,VIP,0.62,208.17
C088544,210.25,Loyal,0.99,208.15
C056478,6937.23,Loyal,0.03,208.12
C064087,1600.64,Returning,0.13,208.08
C059370,990.87,Returning,0.21,208.08
C014284,219.02,New,0.95,208.07
C054209,231.01,Loyal,0.9,207.91
C056055,288.68,New,0.72,207.85
C092254,207.85,Loyal,1.0,207.85
C059193,211.83,New,0.98,207.59
C011406,370.6,Loyal,0.56,207.54
C017977,1092.17,Loyal,0.19,207.51
C023569,213.82,VIP,0.97,207.41
C078874,10368.27,Loyal,0.02,207.37
C035287,296.14,New,0.7,207.3
C097110,2303.11,New,0.09,207.28
C006444,1036.31,VIP,0.2,207.26
C098601,668.07,Loyal,0.31,207.1
C006272,255.62,Returning,0.81,207.05
C090372,213.4,Loyal,0.97,207.0
C061926,5174.54,New,0.04,206.98
C026840,211.17,New,0.98,206.95
C088738,246.22,Returning,0.84,206.82
C071739,208.86,Loyal,0.99,206.77
C068455,5168.6,VIP,0.04,206.74
C062808,208.79,New,0.99,206.7
C079471,1291.16,Loyal,0.16,206.59
C050340,210.75,VIP,0.98,206.54
C084257,5163.4,Returning,0.04,206.54
C026260,20648.55,New,0.01,206.49
C038387,589.42,Loyal,0.35,206.3
C051486,896.65,Loyal,0.23,206.23
C001847,206.17,Loyal,1.0,206.17
C017247,5153.51,VIP,0.04,206.14
C074088,2061.39,New,0.1,206.14
C024394,210.3,Loyal,0.98,206.09
C041964,210.08,Returning,0.98,205.88
C031371,207.89,Loyal,0.99,205.81
C022800,527.47,Loyal,0.39,205.71
C084538,267.03,Returning,0.77,205.61
C015467,5140.32,VIP,0.04,205.61
C096769,933.38,New,0.22,205.34
C012061,5133.62,Returning,0.04,205.34
C018032,5131.67,Returning,0.04,205.27
C077153,20518.86,VIP,0.01,205.19
C079995,205.14,Loyal,1.0,205.14
C065589,2563.4,Loyal,0.08,205.07
C060690,4101.1,VIP,0.05,205.06
C090288,315.38,VIP,0.65,205.0
C084260,10249.31,VIP,0.02,204.99
C023127,213.32,Returning,0.96,204.79
C001521,206.85,Returning,0.99,204.78
C032378,6824.94,VIP,0.03,204.75
C027213,20472.7,VIP,0.01,204.73
C012805,1364.46,Returning,0.15,204.67
C010918,213.08,New,0.96,204.56
C055274,208.72,New,0.98,204.55
C098446,283.99,New,0.72,204.47
C000379,5109.11,VIP,0.04,204.36
C031623,208.36,Loyal,0.98,204.19
C068809,210.43,Loyal,0.97,204.12
C019737,6803.14,New,0.03,204.09
C092905,566.84,Loyal,0.36,204.06
C058563,206.1,Loyal,0.99,204.04
C070051,251.84,Loyal,0.81,203.99
C001576,3398.02,Returning,0.06,203.88
C019031,212.37,New,0.96,203.88
C074876,399.74,New,0.51,203.87
C015258,212.34,New,0.96,203.85
C018663,205.87,Returning,0.99,203.81
C083049,207.97,Loyal,0.98,203.81
C055661,5094.43,Loyal,0.04,203.78
C000196,251.57,Returning,0.81,203.77
C000445,207.8,Loyal,0.98,203.64
C096851,212.0,Returning,0.96,203.52
C000500,10173.9,Returning,0.02,203.48
C018539,223.58,Returning,0.91,203.46
C040283,236.55,New,0.86,203.43
C049284,214.14,Loyal,0.95,203.43
C058832,20341.7,New,0.01,203.42
C047631,6780.0,New,0.03,203.4
C067200,20336.19,New,0.01,203.36
C012561,20323.65,Loyal,0.01,203.24
C030622,6772.8,VIP,0.03,203.18
C039655,244.76,Returning,0.83,203.15
C069466,209.25,VIP,0.97,202.97
C012081,228.05,Returning,0.89,202.96
C092919,223.02,Loyal,0.91,202.95
C073037,881.92,Loyal,0.23,202.84
C004067,6761.15,Returning,0.03,202.83
C090257,338.02,New,0.6,202.81
C029610,208.91,Loyal,0.97,202.64
C079010,1841.78,VIP,0.11,202.6
C092732,10114.27,Loyal,0.02,202.29
C082046,206.33,VIP,0.98,202.2
C009394,777.35,Returning,0.26,202.11
C017083,310.71,Loyal,0.65,201.96
C051394,721.26,Returning,0.28,201.95
C091001,203.93,Returning,0.99,201.89
C064285,4036.24,New,0.05,201.81
C052127,310.45,New,0.65,201.79
C041853,5044.44,Loyal,0.04,201.78
C045617,201.72,New,1.0,201.72
C040039,205.82,New,0.98,201.7
C060494,1186.41,New,0.17,201.69
C005542,6722.45,New,0.03,201.67
C049091,210.01,Returning,0.96,201.61
C040213,212.22,New,0.95,201.61
C043082,341.64,Loyal,0.59,201.57
C065002,2015.17,New,0.1,201.52
C005670,6715.34,Returning,0.03,201.46
C094721,10072.68,VIP,0.02,201.45
C065336,6713.69,New,0.03,201.41
C020649,201.33,New,1.0,201.33
C049426,6704.85,Returning,0.03,201.15
C059154,457.16,VIP,0.44,201.15
C083558,201.05,Loyal,1.0,201.05
C074387,393.94,Loyal,0.51,200.91
C035276,204.75,New,0.98,200.66
C077748,5015.04,Loyal,0.04,200.6
C047795,1179.84,Loyal,0.17,200.57
C039318,210.93,Loyal,0.95,200.38
C084840,2504.53,Returning,0.08,200.36
C019731,200.36,Loyal,1.0,200.36
C000442,215.39,VIP,0.93,200.31
C007781,222.56,New,0.9,200.3
C096611,202.29,VIP,0.99,200.27
C026789,217.66,New,0.92,200.25
C053841,208.47,Returning,0.96,200.13
C095722,202.11,VIP,0.99,200.09
C054002,740.84,Returning,0.27,200.03
C013727,2222.38,New,0.09,200.01
C024949,3999.78,Loyal,0.05,199.99
C072004,204.06,Loyal,0.98,199.98
C087241,3999.43,VIP,0.05,199.97
C043434,208.2,VIP,0.96,199.87
C043425,9992.35,Returning,0.02,199.85
C014107,2220.44,New,0.09,199.84
C072959,6658.41,VIP,0.03,199.75
C004691,2495.23,Loyal,0.08,199.62
C065343,907.08,VIP,0.22,199.56
C080570,201.56,VIP,0.99,199.54
C064255,9963.52,Loyal,0.02,199.27
C043621,199.26,New,1.0,199.26
C013483,203.31,Returning,0.98,199.24
C002393,284.43,Returning,0.7,199.1
C049884,207.38,Returning,0.96,199.08
C098508,315.99,Returning,0.63,199.07
C092252,9947.12,Returning,0.02,198.94
C096736,213.89,VIP,0.93,198.92
C031327,621.52,VIP,0.32,198.89
C045889,268.71,Returning,0.74,198.85
C006212,200.77,New,0.99,198.76
C099783,2837.45,Loyal,0.07,198.62
C074155,342.27,Loyal,0.58,198.52
C096916,200.43,Returning,0.99,198.43
C027111,3967.65,Loyal,0.05,198.38
C094410,206.5,New,0.96,198.24
C069169,9907.61,VIP,0.02,198.15
C079693,222.63,Returning,0.89,198.14
C076340,1800.78,Loyal,0.11,198.09
C084498,202.13,Returning,0.98,198.09
C001984,353.74,VIP,0.56,198.09
C023375,206.34,VIP,0.96,198.09
C021322,198.0,Returning,1.0,198.0
C041106,1522.85,VIP,0.13,197.97
C075710,4947.75,VIP,0.04,197.91
C070143,222.11,Loyal,0.89,197.68
C009120,1162.46,Returning,0.17,197.62
C045149,3951.68,Returning,0.05,197.58
C033234,481.83,New,0.41,197.55
C007697,329.02,Loyal,0.6,197.41
C065424,2192.78,Returning,0.09,197.35
C095705,209.91,Loyal,0.94,197.32
C069951,285.8,Returning,0.69,197.2
C051452,201.2,VIP,0.98,197.18
C008192,231.97,New,0.85,197.17
C052747,758.17,Returning,0.26,197.12
C056531,207.46,Loyal,0.95,197.09
C020005,1791.61,Loyal,0.11,197.08
C068956,205.26,Returning,0.96,197.05
C063615,218.93,VIP,0.9,197.04
C009754,201.04,VIP,0.98,197.02
C038660,201.02,VIP,0.98,197.0
C037087,9849.66,Loyal,0.02,196.99
C000981,209.47,Loyal,0.94,196.9
C051360,3280.91,VIP,0.06,196.85
C048601,196.72,Loyal,1.0,196.72
C095292,196.71,VIP,1.0,196.71
C092382,200.69,New,0.98,196.68
C016541,1092.25,VIP,0.18,196.6
C067772,213.68,VIP,0.92,196.59
C074915,19651.69,VIP,0.01,196.52
C080090,818.35,Returning,0.24,196.4
C015912,198.37,New,0.99,196.39
C099359,202.33,Returning,0.97,196.26
C053528,301.93,Returning,0.65,196.25
C081696,268.84,Loyal,0.73,196.25
C027219,400.42,New,0.49,196.21
C077127,217.85,Returning,0.9,196.06
C094993,726.16,Returning,0.27,196.06
C072762,2799.78,VIP,0.07,195.98
C095984,2449.66,VIP,0.08,195.97
C052347,195.96,VIP,1.0,195.96
C019549,197.79,New,0.99,195.81
C051277,783.2,VIP,0.25,195.8
C096811,201.84,VIP,0.97,195.78
C040273,2175.24,Returning,0.09,195.77
C040979,305.84,Returning,0.64,195.74
C000296,6524.43,Returning,0.03,195.73
C010836,889.66,Loyal,0.22,195.73
C052581,203.79,Returning,0.96,195.64
C014890,1630.18,New,0.12,195.62
C092502,305.53,Loyal,0.64,195.54
C006273,3258.52,Loyal,0.06,195.51
C088505,9771.41,VIP,0.02,195.43
C009684,3256.29,Loyal,0.06,195.38
C046919,203.52,New,0.96,195.38
C060397,390.77,Returning,0.5,195.38
C078131,1627.4,Loyal,0.12,195.29
C047642,267.41,Loyal,0.73,195.21
C013425,247.09,Returning,0.79,195.2
C022893,195.08,Loyal,1.0,195.08
C045009,6501.93,Returning,0.03,195.06
C034026,696.45,Returning,0.28,195.01
C096463,19486.84,New,0.01,194.87
C062110,1025.45,VIP,0.19,194.84
C079033,475.05,Loyal,0.41,194.77
C010673,196.54,New,0.99,194.57
C031596,1945.42,VIP,0.1,194.54
C010086,194.53,Returning,1.0,194.53
C098081,209.15,Loyal,0.93,194.51
C071132,196.44,VIP,0.99,194.48
C006562,196.41,Returning,0.99,194.45
C046451,209.09,Loyal,0.93,194.45
C039338,3239.15,Returning,0.06,194.35
C032006,202.42,Loyal,0.96,194.32
C065487,844.8,New,0.23,194.3
C053391,413.33,New,0.47,194.27
C051461,19411.74,Returning,0.01,194.12
C096225,388.19,VIP,0.5,194.1
C034503,9703.43,Returning,0.02,194.07
C071553,242.3,New,0.8,193.84
C004297,19380.32,Loyal,0.01,193.8
C004581,195.67,Returning,0.99,193.71
C024238,206.06,VIP,0.94,193.7
C061300,197.64,VIP,0.98,193.69
C011508,201.73,Loyal,0.96,193.66
C040452,2765.82,Returning,0.07,193.61
C056875,4839.08,Returning,0.04,193.56
C003803,201.61,Loyal,0.96,193.55
C000719,195.5,Returning,0.99,193.54
C019779,3224.47,VIP,0.06,193.47
C014512,193.41,New,1.0,193.41
C042225,195.36,Loyal,0.99,193.41
C037883,1073.67,VIP,0.18,193.26
C071654,6437.7,Returning,0.03,193.13
C046737,3862.3,Returning,0.05,193.12
C056157,327.22,VIP,0.59,193.06
C093431,196.97,Returning,0.98,193.03
C008350,194.97,New,0.99,193.02
C079766,193.01,Loyal,1.0,193.01
C078563,364.0,Returning,0.53,192.92
C069118,1483.94,Returning,0.13,192.91
C036910,203.06,VIP,0.95,192.91
C097744,232.31,VIP,0.83,192.82
C017406,194.72,Returning,0.99,192.77
C036066,244.0,Loyal,0.79,192.76
C036703,244.0,Loyal,0.79,192.76
C007876,196.52,Returning,0.98,192.59
C015058,4814.48,Returning,0.04,192.58
C002991,3850.74,Loyal,0.05,192.54
C051191,226.45,VIP,0.85,192.48
C008171,278.81,New,0.69,192.38
C024139,6410.92,New,0.03,192.33
C074563,457.89,Loyal,0.42,192.31
C006149,6410.37,Loyal,0.03,192.31
C035116,4804.89,VIP,0.04,192.2
C005200,835.63,Loyal,0.23,192.19
C031403,200.04,Returning,0.96,192.04
C086058,231.29,Loyal,0.83,191.97
C009036,872.43,Returning,0.22,191.93
C053718,255.77,Loyal,0.75,191.83
C074436,239.69,VIP,0.8,191.75
C071539,1065.21,Returning,0.18,191.74
C018671,19166.91,Returning,0.01,191.67
C054207,199.64,New,0.96,191.65
C084734,3830.44,VIP,0.05,191.52
C081389,195.41,VIP,0.98,191.5
C090016,341.92,Loyal,0.56,191.48
C089505,375.43,Returning,0.51,191.47
C081109,9563.39,Loyal,0.02,191.27
C004746,248.39,Loyal,0.77,191.26
C006970,659.29,New,0.29,191.19
C041223,233.07,New,0.82,191.12
C018456,194.92,New,0.98,191.02
C048615,4773.45,New,0.04,190.94
C008744,190.93,Loyal,1.0,190.93
C056435,214.53,VIP,0.89,190.93
C037514,194.81,Loyal,0.98,190.91
C093669,230.0,New,0.83,190.9
C020155,763.26,Returning,0.25,190.82
C032853,257.67,New,0.74,190.68
C015357,202.74,Returning,0.94,190.58
C082425,190.4,Returning,1.0,190.4
C036591,206.7,Loyal,0.92,190.16
C062619,442.17,VIP,0.43,190.13
C044172,2714.94,Returning,0.07,190.05
C048186,4748.36,New,0.04,189.93
C022193,311.02,Loyal,0.61,189.72
C062260,193.46,New,0.98,189.59
C072376,2368.78,Loyal,0.08,189.5
C001362,2703.91,Loyal,0.07,189.27
C006780,3784.84,New,0.05,189.24
C053299,6308.01,VIP,0.03,189.24
C080550,191.12,Returning,0.99,189.21
C093351,6306.21,Returning,0.03,189.19
C088468,201.26,Loyal,0.94,189.18
C025604,189.17,VIP,1.0,189.17
C007320,305.04,New,0.62,189.12
C056692,2362.98,Returning,0.08,189.04
C025375,227.74,Loyal,0.83,189.02
C041181,217.24,Returning,0.87,189.0
C041318,201.04,New,0.94,188.98
C005212,356.47,VIP,0.53,188.93
C034599,188.89,Returning,1.0,188.89
C057152,1888.39,VIP,0.1,188.84
C044173,3775.52,New,0.05,188.78
C019041,265.88,VIP,0.71,188.77
C069861,188.74,VIP,1.0,188.74
C001639,194.55,VIP,0.97,188.71
C096972,898.61,Loyal,0.21,188.71
C002606,6287.03,New,0.03,188.61
C051942,188.58,Loyal,1.0,188.58
C005071,330.75,New,0.57,188.53
C056430,18844.54,Loyal,0.01,188.45
C053266,1569.79,VIP,0.12,188.37
C091059,607.41,Loyal,0.31,188.3
C032758,196.12,New,0.96,188.28
C045557,6274.64,Returning,0.03,188.24
C002189,190.13,New,0.99,188.23
C086818,302.91,VIP,0.62,187.8
C090646,199.75,VIP,0.94,187.76
C033660,3755.25,Loyal,0.05,187.76
C005905,18767.98,Returning,0.01,187.68
C020035,189.53,New,0.99,187.63
C058119,193.26,Loyal,0.97,187.46
C068443,4683.1,Returning,0.04,187.32
C079896,203.52,Returning,0.92,187.24
C028623,233.95,Loyal,0.8,187.16
C011791,6236.47,Loyal,0.03,187.09
C072364,196.6,Returning,0.95,186.77
C015040,190.5,New,0.98,186.69
C084238,274.52,Loyal,0.68,186.67
C079403,1244.34,VIP,0.15,186.65
C015715,466.44,Returning,0.4,186.58
C016276,230.26,Loyal,0.81,186.51
C027990,2663.89,New,0.07,186.47
C026117,4660.21,VIP,0.04,186.41
C008024,1861.84,VIP,0.1,186.18
C090330,186.13,VIP,1.0,186.13
C039495,193.85,New,0.96,186.1
C051391,197.9,Returning,0.94,186.03
C079222,202.13,New,0.92,185.96
C031840,2066.02,Loyal,0.09,185.94
C076541,3097.1,Loyal,0.06,185.83
C001808,1857.05,VIP,0.1,185.7
C065496,807.08,VIP,0.23,185.63
C029234,976.83,VIP,0.19,185.6
C020760,195.35,VIP,0.95,185.58
C077069,4638.3,Loyal,0.04,185.53
C032016,18547.82,New,0.01,185.48
C038005,501.27,Loyal,0.37,185.47
C057748,193.2,Returning,0.96,185.47
C088817,197.26,Returning,0.94,185.42
C056932,6179.37,Returning,0.03,185.38
C045980,247.12,Returning,0.75,185.34
C061662,6177.33,VIP,0.03,185.32
C013885,3088.57,Loyal,0.06,185.31
C052667,187.05,New,0.99,185.18
C061096,4626.89,Returning,0.04,185.08
C099764,370.11,Loyal,0.5,185.06
C086687,4625.9,VIP,0.04,185.04
C022769,1321.66,Loyal,0.14,185.03
C057482,513.88,Loyal,0.36,185.0
C090156,192.68,VIP,0.96,184.97
C040028,186.83,Loyal,0.99,184.96
C031169,212.42,Loyal,0.87,184.81
C092272,184.73,Returning,1.0,184.73
C005174,18469.05,Returning,0.01,184.69
C023000,194.15,Returning,0.95,184.44
C081700,186.25,New,0.99,184.39
C076410,2047.78,Loyal,0.09,184.3
C046371,187.86,Loyal,0.98,184.1
C084109,292.18,New,0.63,184.07
C074858,187.78,Returning,0.98,184.02
C088051,1672.93,Returning,0.11,184.02
C092195,4600.25,Loyal,0.04,184.01
C029245,1839.99,New,0.1,184.0
C000125,593.39,VIP,0.31,183.95
C074344,2043.71,Loyal,0.09,183.93
C019474,1081.81,Returning,0.17,183.91
C044600,2627.04,Returning,0.07,183.89
C034223,1021.24,New,0.18,183.82
C016784,4594.97,New,0.04,183.8
C008307,195.5,New,0.94,183.77
C044372,2625.19,VIP,0.07,183.76
C093545,399.38,VIP,0.46,183.71
C003621,191.32,VIP,0.96,183.67
C025254,1080.05,VIP,0.17,183.61
C009264,229.48,Returning,0.8,183.58
C078793,2620.98,New,0.07,183.47
C002358,4584.8,New,0.04,183.39
C079990,1410.61,Loyal,0.13,183.38
C035405,2037.24,Returning,0.09,183.35
C075596,2035.72,Loyal,0.09,183.21
C098805,6105.47,Loyal,0.03,183.16
C036883,3051.83,VIP,0.06,183.11
C029436,416.1,Loyal,0.44,183.08
C007145,9151.83,New,0.02,183.04
C037811,4570.06,Returning,0.04,182.8
C091507,184.65,Returning,0.99,182.8
C016281,2029.96,Returning,0.09,182.7
C025304,870.02,New,0.21,182.7
C039700,326.18,Loyal,0.56,182.66
C022200,217.35,VIP,0.84,182.57
C061151,1303.69,New,0.14,182.52
C096361,1658.6,Loyal,0.11,182.45
C006202,423.96,VIP,0.43,182.3
C074338,284.8,New,0.64,182.27
C011895,193.81,New,0.94,182.18
C018388,6071.62,Returning,0.03,182.15
C077468,404.61,Returning,0.45,182.07
C029176,3029.82,New,0.06,181.79
C045045,242.37,New,0.75,181.78
C090624,189.26,VIP,0.96,181.69
C013615,1651.02,Loyal,0.11,181.61
C039371,1397.01,New,0.13,181.61
C064112,263.02,VIP,0.69,181.48
C029057,725.93,New,0.25,181.48
C098975,2268.04,New,0.08,181.44
C028650,3628.5,New,0.05,181.42
C031092,4534.12,Loyal,0.04,181.36
C041512,185.06,New,0.98,181.36
C094236,906.18,Returning,0.2,181.24
C025080,183.03,VIP,0.99,181.2
C005982,181.13,VIP,1.0,181.13
C046275,186.71,Loyal,0.97,181.11
C088196,291.99,Loyal,0.62,181.03
C037939,186.6,Returning,0.97,181.0
C023294,9046.25,VIP,0.02,180.92
C045266,180.92,Loyal,1.0,180.92
C049098,9039.85,Returning,0.02,180.8
C002806,821.73,New,0.22,180.78
C058509,192.31,Loyal,0.94,180.77
C040203,200.85,Returning,0.9,180.76
C034462,184.35,New,0.98,180.66
C093812,184.21,Loyal,0.98,180.53
C015496,9025.53,Loyal,0.02,180.51
C069471,202.73,Loyal,0.89,180.43
C025075,202.67,VIP,0.89,180.38
C038622,257.41,Returning,0.7,180.19
C012960,180.17,Loyal,1.0,180.17
C008022,9005.27,New,0.02,180.11
C081514,189.57,New,0.95,180.09
C000955,6001.85,Loyal,0.03,180.06
C081426,187.51,Loyal,0.96,180.01
C077824,191.42,New,0.94,179.93
C083833,345.85,Loyal,0.52,179.84
C051649,179.79,Returning,1.0,179.79
C039628,1797.07,Returning,0.1,179.71
C081221,179.59,VIP,1.0,179.59
C005848,289.6,Returning,0.62,179.55
C044721,358.93,New,0.5,179.46
C067432,197.16,Returning,0.91,179.42
C071605,181.21,Loyal,0.99,179.4
C031275,184.81,Returning,0.97,179.27
C009150,184.81,Loyal,0.97,179.27
C065640,689.21,Returning,0.26,179.19
C063341,778.61,Loyal,0.23,179.08
C045147,4475.18,VIP,0.04,179.01
C042572,180.75,New,0.99,178.94
C027820,186.33,Loyal,0.96,178.88
C078827,1192.39,Returning,0.15,178.86
C074018,308.33,VIP,0.58,178.83
C032142,1489.59,VIP,0.12,178.75
C099555,5951.88,Returning,0.03,178.56
C073051,991.97,Loyal,0.18,178.55
C071097,3570.24,Returning,0.05,178.51
C098487,557.84,VIP,0.32,178.51
C078623,187.9,New,0.95,178.5
C098711,187.85,VIP,0.95,178.46
C020183,183.92,New,0.97,178.4
C063584,17836.26,VIP,0.01,178.36
C027295,234.66,Returning,0.76,178.34
C046064,2227.71,Returning,0.08,178.22
C073338,179.99,Returning,0.99,178.19
C020476,2545.51,Returning,0.07,178.19
C041800,395.92,New,0.45,178.16
C062495,1979.0,Returning,0.09,178.11
C062123,231.05,VIP,0.77,177.91
C097182,423.55,New,0.42,177.89
C062688,773.15,New,0.23,177.82
C015133,3555.86,VIP,0.05,177.79
C002122,3553.66,Loyal,0.05,177.68
C054494,772.32,Returning,0.23,177.63
C023735,246.7,Returning,0.72,177.62
C018622,181.07,VIP,0.98,177.45
C057002,182.8,VIP,0.97,177.32
C087510,521.48,Returning,0.34,177.3
C069906,1772.56,Loyal,0.1,177.26
C030379,196.92,New,0.9,177.23
C089984,5906.77,VIP,0.03,177.2
C086789,196.83,Returning,0.9,177.15
C084896,1967.64,VIP,0.09,177.09
C037885,4426.18,VIP,0.04,177.05
C074607,931.74,New,0.19,177.03
C052544,536.31,New,0.33,176.98
C048279,4424.55,Loyal,0.04,176.98
C062992,201.04,New,0.88,176.92
C018510,570.63,New,0.31,176.9
C089603,552.54,Returning,0.32,176.81
C034531,178.58,VIP,0.99,176.79
C022277,2525.11,VIP,0.07,176.76
C066233,218.12,VIP,0.81,176.68
C039974,192.01,Returning,0.92,176.65
C081481,4415.03,VIP,0.04,176.6
C097298,4412.81,Returning,0.04,176.51
C015360,569.4,VIP,0.31,176.51
C085401,5882.64,VIP,0.03,176.48
C071141,181.87,New,0.97,176.41
C017610,3527.46,Loyal,0.05,176.37
C001091,179.84,VIP,0.98,176.24
C030920,766.12,Loyal,0.23,176.21
C074017,2936.71,VIP,0.06,176.2
C042831,8809.55,VIP,0.02,176.19
C053787,179.76,Loyal,0.98,176.16
C079631,765.87,Returning,0.23,176.15
C041769,2201.06,Returning,0.08,176.08
C075828,228.63,Returning,0.77,176.05
C004661,8789.46,New,0.02,175.79
C006271,8787.63,Returning,0.02,175.75
C055741,175.71,VIP,1.0,175.71
C090306,222.41,VIP,0.79,175.7
C022571,219.48,Returning,0.8,175.58
C083631,178.9,VIP,0.98,175.32
C015195,208.55,Loyal,0.84,175.18
C067931,350.33,Returning,0.5,175.16
C012107,5836.89,VIP,0.03,175.11
C021891,175.09,Loyal,1.0,175.09
C042777,427.06,New,0.41,175.09
C048039,188.21,VIP,0.93,175.04
C051964,182.27,VIP,0.96,174.98
C009725,196.54,New,0.89,174.92
C049183,174.9,VIP,1.0,174.9
C041387,448.44,New,0.39,174.89
C014718,198.62,VIP,0.88,174.79
C050861,187.88,VIP,0.93,174.73
C007891,317.31,Loyal,0.55,174.52
C085349,179.85,VIP,0.97,174.45
C074547,5811.65,Loyal,0.03,174.35
C099392,176.03,New,0.99,174.27
C074993,2177.73,VIP,0.08,174.22
C003945,179.42,New,0.97,174.04
C072065,8699.79,VIP,0.02,174.0
C088838,187.09,New,0.93,173.99
C068241,543.61,Loyal,0.32,173.96
C094190,173.89,New,1.0,173.89
C056421,5795.86,Loyal,0.03,173.88
C044449,1022.49,VIP,0.17,173.82
C087431,175.56,New,0.99,173.8
C017114,5792.38,Returning,0.03,173.77
C022263,179.1,New,0.97,173.73
C046377,177.26,Returning,0.98,173.71
C062513,186.77,VIP,0.93,173.7
C064565,8684.14,Loyal,0.02,173.68
C076196,214.32,New,0.81,173.6
C055951,403.22,Returning,0.43,173.38
C014712,173.38,Returning,1.0,173.38
C085575,468.43,New,0.37,173.32
C061975,402.76,Returning,0.43,173.19
C039464,1154.59,Returning,0.15,173.19
C041081,375.79,Returning,0.46,172.86
C035380,2880.26,Returning,0.06,172.82
C033685,176.33,New,0.98,172.8
C048977,5759.78,VIP,0.03,172.79
C030150,359.97,New,0.48,172.79
C013261,751.24,VIP,0.23,172.79
C071687,178.07,Returning,0.97,172.73
C098190,2878.47,Loyal,0.06,172.71
C008442,203.1,Loyal,0.85,172.64
C015531,177.91,Loyal,0.97,172.57
C006096,1149.76,Returning,0.15,172.46
C018026,172.42,New,1.0,172.42
C010214,3444.61,New,0.05,172.23
C029355,282.22,Loyal,0.61,172.15
C050199,175.53,VIP,0.98,172.02
C097330,182.91,New,0.94,171.94
C013010,173.65,Loyal,0.99,171.91
C098708,301.57,New,0.57,171.89
C035704,175.33,Loyal,0.98,171.82
C088798,4294.99,VIP,0.04,171.8
C016350,3433.95,Returning,0.05,171.7
C065753,301.18,VIP,0.57,171.67
C051076,902.9,Returning,0.19,171.55
C064153,171.53,VIP,1.0,171.53
C021063,188.41,VIP,0.91,171.45
C059993,428.36,Returning,0.4,171.34
C047340,4277.91,Loyal,0.04,171.12
C074963,171.02,Loyal,1.0,171.02
C004569,2135.51,Loyal,0.08,170.84
C033601,416.55,VIP,0.41,170.79
C096504,8538.95,New,0.02,170.78
C053595,179.73,Returning,0.95,170.74
C058519,177.78,VIP,0.96,170.67
C065400,175.86,Returning,0.97,170.58
C059365,183.41,Loyal,0.93,170.57
C037926,189.47,Returning,0.9,170.52
C068923,254.46,Loyal,0.67,170.49
C010013,170.46,New,1.0,170.46
C008992,1065.12,New,0.16,170.42
C089267,171.92,VIP,0.99,170.2
C067031,3402.02,New,0.05,170.1
C091990,309.18,Loyal,0.55,170.05
C066644,1062.39,New,0.16,169.98
C042344,8497.34,VIP,0.02,169.95
C000024,5661.8,Returning,0.03,169.85
C082434,207.11,Returning,0.82,169.83
C038958,706.75,Loyal,0.24,169.62
C059707,182.32,VIP,0.93,169.56
C051492,178.34,Returning,0.95,169.42
C078625,1411.62,New,0.12,169.39
C000159,996.08,Loyal,0.17,169.33
C004609,2821.6,Returning,0.06,169.3
C077541,260.44,VIP,0.65,169.29
C015062,8462.42,Loyal,0.02,169.25
C037170,457.41,Returning,0.37,169.24
C066880,805.3,VIP,0.21,169.11
C063554,3381.44,Returning,0.05,169.07
C041692,170.74,Loyal,0.99,169.03
C053308,2112.77,Returning,0.08,169.02
C057505,4224.54,New,0.04,168.98
C078231,703.97,Loyal,0.24,168.95
C048870,170.6,Returning,0.99,168.89
C026494,703.54,New,0.24,168.85
C018752,168.83,Returning,1.0,168.83
C066957,4219.47,Loyal,0.04,168.78
C022920,767.12,VIP,0.22,168.77
C050973,234.38,Loyal,0.72,168.75
C099518,733.57,New,0.23,168.72
C096453,1405.84,New,0.12,168.7
C029178,170.36,Loyal,0.99,168.66
C038209,2409.33,New,0.07,168.65
C041063,179.41,New,0.94,168.65
C022619,170.21,Loyal,0.99,168.51
C080057,2406.95,New,0.07,168.49
C003873,467.95,Returning,0.36,168.46
C031506,358.33,New,0.47,168.42
C055608,8418.59,Returning,0.02,168.37
C047437,1870.68,Loyal,0.09,168.36
C080981,173.53,Loyal,0.97,168.32
C068875,227.45,VIP,0.74,168.31
C007324,168.17,New,1.0,168.17
C080173,442.53,Loyal,0.38,168.16
C040571,16809.42,Loyal,0.01,168.09
C081203,1292.48,Loyal,0.13,168.02
C018234,2798.65,Returning,0.06,167.92
C027018,8383.5,Loyal,0.02,167.67
C040593,182.16,Returning,0.92,167.59
C040407,180.16,New,0.93,167.55
C044316,167.41,Loyal,1.0,167.41
C059250,223.0,VIP,0.75,167.25
C091098,228.81,VIP,0.73,167.03
C058175,1391.83,VIP,0.12,167.02
C059804,3340.03,Loyal,0.05,167.0
C093977,228.62,Loyal,0.73,166.89
C030709,189.47,Loyal,0.88,166.73
C020280,793.87,New,0.21,166.71
C009784,16669.8,Loyal,0.01,166.7
C079417,1666.16,New,0.1,166.62
C071282,5553.49,Returning,0.03,166.6
C079515,168.27,VIP,0.99,166.59
C038859,8328.92,Loyal,0.02,166.58
C061132,234.49,Returning,0.71,166.49
C082669,308.3,Returning,0.54,166.48
C093492,2773.39,New,0.06,166.4
C037658,5539.58,VIP,0.03,166.19
C069451,174.75,VIP,0.95,166.01
C010541,221.34,Loyal,0.75,166.0
C008602,8295.91,New,0.02,165.92
C022987,2370.07,Returning,0.07,165.9
C022650,5528.3,VIP,0.03,165.85
C048882,169.21,New,0.98,165.83
C067367,8290.54,Loyal,0.02,165.81
C042700,165.63,New,1.0,165.63
C054737,3311.65,New,0.05,165.58
C022462,183.95,Returning,0.9,165.56
C069020,167.22,Returning,0.99,165.55
C016605,1378.47,Loyal,0.12,165.42
C069436,516.78,New,0.32,165.37
C008035,8266.99,New,0.02,165.34
C039621,170.27,Returning,0.97,165.16
C025406,337.0,VIP,0.49,165.13
C036415,589.5,VIP,0.28,165.06
C039982,179.38,Loyal,0.92,165.03
C022715,402.32,New,0.41,164.95
C048159,289.24,VIP,0.57,164.87
C014536,173.55,Loyal,0.95,164.87
C061092,166.5,New,0.99,164.84
C074198,169.9,VIP,0.97,164.8
C020669,265.74,New,0.62,164.76
C006254,8232.63,Returning,0.02,164.65
C048037,166.23,Returning,0.99,164.57
C058632,8228.06,Returning,0.02,164.56
C001371,213.7,New,0.77,164.55
C053083,164.53,New,1.0,164.53
C083788,231.7,New,0.71,164.51
C084914,166.11,Loyal,0.99,164.45
C016731,16441.08,New,0.01,164.41
C008843,174.87,New,0.94,164.38
C036958,4108.96,VIP,0.04,164.36
C072314,410.56,Loyal,0.4,164.22
C026895,165.77,VIP,0.99,164.11
C033944,172.75,Returning,0.95,164.11
C094370,5468.7,Loyal,0.03,164.06
C021001,170.89,VIP,0.96,164.05
C000488,410.08,New,0.4,164.03
C058879,5464.83,Loyal,0.03,163.94
C099587,8196.69,New,0.02,163.93
C024214,165.58,New,0.99,163.92
C009683,174.27,Returning,0.94,163.81
C030663,292.5,New,0.56,163.8
C061542,2729.74,Returning,0.06,163.78
C033410,2727.82,Returning,0.06,163.67
C093507,1635.91,New,0.1,163.59
C077434,163.58,Returning,1.0,163.58
C063200,5450.62,Returning,0.03,163.52
C005216,163.51,Loyal,1.0,163.51
C031797,1362.29,Loyal,0.12,163.47
C051891,4085.85,New,0.04,163.43
C086620,168.33,Loyal,0.97,163.28
C011363,177.45,Loyal,0.92,163.25
C034703,217.66,New,0.75,163.24
C037646,453.28,Loyal,0.36,163.18
C086235,582.38,Loyal,0.28,163.07
C015742,1087.15,VIP,0.15,163.07
C073013,229.63,Loyal,0.71,163.04
C016184,16300.8,Returning,0.01,163.01
C021665,16294.78,Loyal,0.01,162.95
C008769,169.65,New,0.96,162.86
C025175,166.14,New,0.98,162.82
C056929,325.51,New,0.5,162.76
C051684,739.38,New,0.22,162.66
C040524,162.65,Loyal,1.0,162.65
C072584,1626.35,New,0.1,162.64
C027456,5420.53,Returning,0.03,162.62
C017878,1354.95,VIP,0.12,162.59
C097378,176.44,Loyal,0.92,162.32
C036064,1475.32,Returning,0.11,162.29
C003581,167.23,Loyal,0.97,162.21
C045904,167.19,New,0.97,162.17
C016696,163.74,Loyal,0.99,162.1
C092806,415.64,Loyal,0.39,162.1
C034330,4048.13,VIP,0.04,161.93
C098542,168.57,Returning,0.96,161.83
C086050,8089.6,Returning,0.02,161.79
C020256,179.66,Returning,0.9,161.69
C094873,8081.08,VIP,0.02,161.62
C021757,293.84,Loyal,0.55,161.61
C019912,2690.62,VIP,0.06,161.44
C085748,701.81,VIP,0.23,161.42
C090238,1074.79,Returning,0.15,161.22
C034421,4029.0,Returning,0.04,161.16
C017071,366.05,Loyal,0.44,161.06
C014563,174.85,Loyal,0.92,160.86
C053457,8039.28,Returning,0.02,160.79
C017445,434.37,New,0.37,160.72
C062537,8035.42,New,0.02,160.71
C057961,182.61,Loyal,0.88,160.7
C005285,8031.93,VIP,0.02,160.64
C080825,165.59,Loyal,0.97,160.62
C046938,1459.92,Returning,0.11,160.59
C055650,4013.49,New,0.04,160.54
C060717,182.42,Loyal,0.88,160.53
C087900,8025.43,VIP,0.02,160.51
C021982,2006.11,New,0.08,160.49
C000656,2291.69,New,0.07,160.42
C091034,176.22,Loyal,0.91,160.36
C015721,3206.49,Loyal,0.05,160.32
C076013,2003.73,New,0.08,160.3
C063092,16022.24,Returning,0.01,160.22
C099174,5340.45,Returning,0.03,160.21
C036592,225.61,Returning,0.71,160.18
C060456,5336.81,VIP,0.03,160.1
C097690,695.78,Loyal,0.23,160.03
C033657,171.94,Loyal,0.93,159.9
C004000,179.36,VIP,0.89,159.63
C018568,5318.35,Loyal,0.03,159.55
C034918,161.01,Returning,0.99,159.4
C029507,164.29,New,0.97,159.36
C089824,338.74,VIP,0.47,159.21
C037779,162.43,New,0.98,159.18
C088890,178.82,Returning,0.89,159.15
C037499,7956.99,Returning,0.02,159.14
C002742,220.85,Returning,0.72,159.01
C098106,163.88,Returning,0.97,158.96
C080334,160.49,VIP,0.99,158.89
C071760,7944.19,New,0.02,158.88
C012807,2647.69,New,0.06,158.86
C058456,453.82,Loyal,0.35,158.84
C050192,1588.08,VIP,0.1,158.81
C071661,2645.6,New,0.06,158.74
C019425,256.02,VIP,0.62,158.73
C089839,3968.15,Returning,0.04,158.73
C058489,428.94,Returning,0.37,158.71
C029248,158.67,Returning,1.0,158.67
C017850,1321.92,VIP,0.12,158.63
C025722,7931.52,VIP,0.02,158.63
C028438,1219.92,Loyal,0.13,158.59
C066850,165.12,New,0.96,158.52
C047886,792.6,Loyal,0.2,158.52
C012163,1219.29,Loyal,0.13,158.51
C045812,5282.24,VIP,0.03,158.47
C057407,3168.26,Loyal,0.05,158.41
C002972,1979.93,Returning,0.08,158.39
C036476,545.74,New,0.29,158.26
C014402,5274.39,New,0.03,158.23
C090945,3162.05,Returning,0.05,158.1
C074536,161.3,VIP,0.98,158.07
C072151,5266.91,Returning,0.03,158.01
C098575,3160.19,Returning,0.05,158.01
C011151,3948.82,New,0.04,157.95
C022049,162.42,New,0.97,157.55
C034777,173.12,New,0.91,157.54
C078601,160.75,VIP,0.98,157.54
C013975,3936.4,Loyal,0.04,157.46
C092666,178.83,Loyal,0.88,157.37
C087402,1572.96,VIP,0.1,157.3
C025750,157.29,Returning,1.0,157.29
C079265,191.77,Loyal,0.82,157.25
C095066,5238.76,New,0.03,157.16
C083167,2619.41,Returning,0.06,157.16
C025353,15708.96,Returning,0.01,157.09
C094302,2243.34,New,0.07,157.03
C076040,158.48,Returning,0.99,156.9
C069149,170.53,VIP,0.92,156.89
C051621,1568.74,VIP,0.1,156.87
C081842,7843.02,Loyal,0.02,156.86
C004780,7830.12,VIP,0.02,156.6
C096669,163.07,Loyal,0.96,156.55
C008620,156.48,Loyal,1.0,156.48
C024036,579.48,New,0.27,156.46
C078213,1564.5,Returning,0.1,156.45
C086582,2606.98,Loyal,0.06,156.42
C017724,193.03,VIP,0.81,156.35
C055386,410.86,New,0.38,156.13
C030881,197.51,Loyal,0.79,156.03
C041460,15597.06,VIP,0.01,155.97
C080174,3117.02,Loyal,0.05,155.85
C071944,163.84,Returning,0.95,155.65
C000275,158.82,VIP,0.98,155.64
C009933,158.81,VIP,0.98,155.63
C011314,2593.59,New,0.06,155.62
C058012,282.75,Loyal,0.55,155.51
C075920,971.73,Loyal,0.16,155.48
C063348,379.0,VIP,0.41,155.39
C008582,5179.09,New,0.03,155.37
C098098,1725.74,Returning,0.09,155.32
C038017,15527.11,VIP,0.01,155.27
C095800,156.76,Loyal,0.99,155.19
C013280,161.57,Loyal,0.96,155.11
C076207,186.87,Loyal,0.83,155.1
C052650,176.25,Loyal,0.88,155.1
C004005,5166.1,Loyal,0.03,154.98
C058389,3099.31,Returning,0.05,154.97
C054609,516.47,Loyal,0.3,154.94
C083772,7743.83,VIP,0.02,154.88
C032986,1935.13,Loyal,0.08,154.81
C009299,164.66,Returning,0.94,154.78
C015518,1933.13,VIP,0.08,154.65
C026501,159.42,New,0.97,154.64
C057319,1718.09,Returning,0.09,154.63
C097657,156.12,VIP,0.99,154.56
C079825,175.55,VIP,0.88,154.48
C019806,164.33,VIP,0.94,154.47
C071606,440.85,Loyal,0.35,154.3
C097418,467.39,Loyal,0.33,154.24
C068333,2201.53,New,0.07,154.11
C063522,7701.26,New,0.02,154.03
C013758,248.41,VIP,0.62,154.01
C095023,3848.87,Returning,0.04,153.95
C080714,153.83,Loyal,1.0,153.83
C090988,1922.44,New,0.08,153.8
C002213,183.05,Returning,0.84,153.76
C028580,667.78,Loyal,0.23,153.59
C047473,5117.4,New,0.03,153.52
C061194,153.45,VIP,1.0,153.45
C065888,3066.87,Returning,0.05,153.34
C066440,210.01,Loyal,0.73,153.31
C066478,7663.38,Returning,0.02,153.27
C050362,7658.2,VIP,0.02,153.16
C067775,437.55,New,0.35,153.14
C082315,156.26,New,0.98,153.13
C049233,3828.0,Loyal,0.04,153.12
C034256,152.79,Loyal,1.0,152.79
C025731,803.93,Loyal,0.19,152.75
C075444,2181.39,VIP,0.07,152.7
C041077,5088.32,Loyal,0.03,152.65
C003712,339.19,Loyal,0.45,152.64
C003762,245.98,Returning,0.62,152.51
C059541,15244.28,Loyal,0.01,152.44
C077869,152.39,Loyal,1.0,152.39
C051962,179.26,New,0.85,152.37
C018466,310.88,New,0.49,152.33
C019682,3046.56,Loyal,0.05,152.33
C030884,15231.65,VIP,0.01,152.32
C075768,5075.07,Returning,0.03,152.25
C041284,1086.94,Loyal,0.14,152.17
C003057,156.82,Loyal,0.97,152.12
C002784,152.09,Returning,1.0,152.09
C065203,241.39,New,0.63,152.08
C081582,2534.29,New,0.06,152.06
C022512,174.68,New,0.87,151.97
C020293,799.4,Loyal,0.19,151.89
C085609,5060.65,Loyal,0.03,151.82
C016668,3793.16,VIP,0.04,151.73
C029776,223.04,New,0.68,151.67
C068929,157.91,Returning,0.96,151.59
C095592,1082.4,Returning,0.14,151.54
C008326,2164.47,VIP,0.07,151.51
C040120,2524.92,Returning,0.06,151.5
C067106,5049.54,Returning,0.03,151.49
C081577,688.47,VIP,0.22,151.46
C078072,3783.5,VIP,0.04,151.34
C000424,1680.7,Loyal,0.09,151.26
C004646,7560.2,Loyal,0.02,151.2
C013549,629.68,Returning,0.24,151.12
C035697,686.74,Loyal,0.22,151.08
C097891,2156.94,New,0.07,150.99
C029155,1677.44,New,0.09,150.97
C048984,2515.62,New,0.06,150.94
C055441,328.04,Returning,0.46,150.9
C098872,155.54,VIP,0.97,150.87
C091163,1371.35,New,0.11,150.85
C015334,175.3,New,0.86,150.76
C086133,579.4,Loyal,0.26,150.64
C067843,2510.21,New,0.06,150.61
C090455,289.33,New,0.52,150.45
C018608,3008.18,VIP,0.05,150.41
C096010,150.4,Returning,1.0,150.4
C058289,1670.44,New,0.09,150.34
C046445,181.02,Loyal,0.83,150.25
C093147,176.77,Loyal,0.85,150.25
C061977,484.65,Loyal,0.31,150.24
C020199,682.88,New,0.22,150.23
C097363,5006.08,Loyal,0.03,150.18
C064955,7506.9,Loyal,0.02,150.14
C076662,154.7,Loyal,0.97,150.06
C030115,1364.13,Returning,0.11,150.05
C074903,1154.02,New,0.13,150.02
C062811,166.56,Returning,0.9,149.9
C045900,7491.41,Loyal,0.02,149.83
C011210,1664.21,VIP,0.09,149.78
C036108,152.81,New,0.98,149.75
C089395,207.99,Loyal,0.72,149.75
C070797,2495.43,VIP,0.06,149.73
C096558,176.11,Loyal,0.85,149.69
C043488,154.31,Loyal,0.97,149.68
C074480,374.18,Loyal,0.4,149.67
C035493,157.5,VIP,0.95,149.62
C089595,7478.13,VIP,0.02,149.56
C007573,168.0,Returning,0.89,149.52
C037030,3737.23,Loyal,0.04,149.49
C096379,4982.85,VIP,0.03,149.49
C082084,533.55,Loyal,0.28,149.39
C050202,219.56,New,0.68,149.3
C002296,201.73,VIP,0.74,149.28
C039956,175.54,Returning,0.85,149.21
C069010,186.45,New,0.8,149.16
C043892,160.32,Loyal,0.93,149.1
C042411,1656.62,VIP,0.09,149.1
C013341,1656.23,New,0.09,149.06
C099029,7452.79,Returning,0.02,149.06
C013380,354.87,Returning,0.42,149.05
C029059,4967.48,Returning,0.03,149.02
C084871,1145.6,VIP,0.13,148.93
C095744,2127.04,New,0.07,148.89
C066798,1144.93,Loyal,0.13,148.84
C074833,209.5,Loyal,0.71,148.74
C038157,156.57,Returning,0.95,148.74
C028250,150.2,New,0.99,148.7
C032903,1143.79,VIP,0.13,148.69
C014237,3716.29,Loyal,0.04,148.65
C068633,7425.81,VIP,0.02,148.52
C032678,161.41,VIP,0.92,148.5
C067358,353.51,Returning,0.42,148.47
C012425,170.66,VIP,0.87,148.47
C014462,7421.9,VIP,0.02,148.44
C092582,315.78,Returning,0.47,148.42
C089228,2120.11,New,0.07,148.41
C045403,163.03,Loyal,0.91,148.36
C035241,1483.1,Returning,0.1,148.31
C074893,148.27,Loyal,1.0,148.27
C064299,1346.98,Returning,0.11,148.17
C018589,3704.06,New,0.04,148.16
C000222,154.26,Returning,0.96,148.09
C049720,2467.36,New,0.06,148.04
C055926,344.21,VIP,0.43,148.01
C070678,295.89,New,0.5,147.94
C030459,150.9,New,0.98,147.88
C014476,152.37,Loyal,0.97,147.8
C003037,447.85,New,0.33,147.79
C000463,160.51,Loyal,0.92,147.67
C046343,163.84,Loyal,0.9,147.46
C062401,327.51,VIP,0.45,147.38
C007023,161.96,VIP,0.91,147.38
C095707,669.61,Returning,0.22,147.31
C081263,2103.45,New,0.07,147.24
C082635,2103.23,VIP,0.07,147.23
C012945,148.63,New,0.99,147.14
C095419,159.8,Returning,0.92,147.02
C029361,334.06,New,0.44,146.99
C006607,149.92,VIP,0.98,146.92
C056014,146.9,Returning,1.0,146.9
C059848,159.55,Loyal,0.92,146.79
C032719,229.34,Returning,0.64,146.78
C081895,1466.83,Returning,0.1,146.68
C039426,1465.89,New,0.1,146.59
C041762,154.24,Returning,0.95,146.53
C073305,3662.42,VIP,0.04,146.5
C084159,7322.95,Loyal,0.02,146.46
C053609,2927.76,Loyal,0.05,146.39
C028473,4879.14,Loyal,0.03,146.37
C070456,2926.71,VIP,0.05,146.34
C010631,1828.71,Returning,0.08,146.3
C004679,149.28,Returning,0.98,146.29
C021694,635.91,Loyal,0.23,146.26
C031449,256.56,Loyal,0.57,146.24
C044912,2922.61,VIP,0.05,146.13
C004156,7306.02,Loyal,0.02,146.12
C055005,148.91,Returning,0.98,145.93
C072523,2431.16,Returning,0.06,145.87
C099269,857.87,VIP,0.17,145.84
C052413,147.15,New,0.99,145.68
C000477,7280.47,VIP,0.02,145.61
C006497,153.21,New,0.95,145.55
C092441,519.8,Loyal,0.28,145.54
C088113,177.44,Returning,0.82,145.5
C099063,3636.18,Returning,0.04,145.45
C036842,4848.07,VIP,0.03,145.44
C004081,4846.88,VIP,0.03,145.41
C097563,234.38,Loyal,0.62,145.32
C000670,4841.07,Returning,0.03,145.23
C046077,2073.86,VIP,0.07,145.17
C088063,2073.49,VIP,0.07,145.14
C063999,204.39,New,0.71,145.12
C006397,2072.26,New,0.07,145.06
C066589,174.65,VIP,0.83,144.96
C071202,336.88,VIP,0.43,144.86
C008942,146.25,VIP,0.99,144.79
C084738,147.73,New,0.98,144.78
C061217,144.76,New,1.0,144.76
C081293,170.21,Loyal,0.85,144.68
C055411,904.13,VIP,0.16,144.66
C085738,14464.41,Returning,0.01,144.64
C094499,7229.26,Loyal,0.02,144.59
C075559,760.96,Loyal,0.19,144.58
C063030,1445.46,New,0.1,144.55
C045172,1444.8,Returning,0.1,144.48
C002947,148.91,VIP,0.97,144.44
C057423,412.46,VIP,0.35,144.36
C090321,147.3,New,0.98,144.35
C066326,3608.08,New,0.04,144.32
C094512,7214.05,Loyal,0.02,144.28
C018938,175.93,VIP,0.82,144.26
C005642,2401.69,VIP,0.06,144.1
C082958,163.64,New,0.88,144.0
C007105,150.0,VIP,0.96,144.0
C053844,342.72,Loyal,0.42,143.94
C039869,146.85,Loyal,0.98,143.91
C065555,146.7,Loyal,0.98,143.77
C060692,1026.25,Returning,0.14,143.68
C069928,7180.95,Returning,0.02,143.62
C047805,7177.24,Loyal,0.02,143.54
C033256,844.07,New,0.17,143.49
C075597,2391.29,VIP,0.06,143.48
C097714,188.78,Loyal,0.76,143.47
C049972,596.51,New,0.24,143.16
C036690,7156.94,New,0.02,143.14
C090878,2858.53,Returning,0.05,142.93
C008866,408.15,Returning,0.35,142.85
C034646,145.76,Returning,0.98,142.84
C022820,432.84,Loyal,0.33,142.84
C025998,951.93,New,0.15,142.79
C063627,1097.99,Returning,0.13,142.74
C032573,156.81,Returning,0.91,142.7
C080803,3567.52,VIP,0.04,142.7
C076733,14267.27,New,0.01,142.67
C050553,162.06,VIP,0.88,142.61
C013656,1425.21,VIP,0.1,142.52
C033939,142.52,Loyal,1.0,142.52
C045719,189.97,Loyal,0.75,142.48
C020597,182.52,Loyal,0.78,142.37
C007694,338.82,VIP,0.42,142.3
C016824,158.1,VIP,0.9,142.29
C064799,1293.46,Returning,0.11,142.28
C073139,254.02,VIP,0.56,142.25
C026786,144.95,New,0.98,142.05
C073010,278.39,Returning,0.51,141.98
C076232,14197.09,VIP,0.01,141.97
C007442,472.77,VIP,0.3,141.83
C054130,2025.78,Loyal,0.07,141.8
C045068,1416.34,Returning,0.1,141.63
C087619,2832.32,New,0.05,141.62
C042404,4718.2,Returning,0.03,141.55
C055335,7074.53,Loyal,0.02,141.49
C050563,589.38,Returning,0.24,141.45
C081064,14144.67,New,0.01,141.45
C038540,142.84,Loyal,0.99,141.41
C071165,1413.76,New,0.1,141.38
C097990,150.38,Returning,0.94,141.36
C071631,141.28,Returning,1.0,141.28
C005448,4708.62,Returning,0.03,141.26
C030171,1086.46,VIP,0.13,141.24
C066007,2353.41,VIP,0.06,141.2
C093214,2353.23,New,0.06,141.19
C056377,153.46,Loyal,0.92,141.18
C039550,7057.31,Loyal,0.02,141.15
C089625,4704.08,VIP,0.03,141.12
C019900,1568.04,New,0.09,141.12
C057464,7050.84,New,0.02,141.02
C039297,149.95,Loyal,0.94,140.95
C026901,3523.14,New,0.04,140.93
C022474,185.38,VIP,0.76,140.89
C086153,260.73,New,0.54,140.79
C094970,3518.16,Loyal,0.04,140.73
C038278,1758.42,Returning,0.08,140.67
C079529,234.27,VIP,0.6,140.56
C036795,140.53,VIP,1.0,140.53
C078822,255.41,Loyal,0.55,140.48
C069737,1756.03,Returning,0.08,140.48
C000652,1755.6,Returning,0.08,140.45
C028244,3508.92,Loyal,0.04,140.36
C019810,2805.45,VIP,0.05,140.27
C037164,1558.52,New,0.09,140.27
C045132,737.99,VIP,0.19,140.22
C053714,1402.18,Loyal,0.1,140.22
C021085,298.32,Loyal,0.47,140.21
C011277,667.18,Returning,0.21,140.11
C024608,7005.48,Loyal,0.02,140.11
C099478,7001.5,VIP,0.02,140.03
C054541,142.79,Returning,0.98,139.93
C007327,155.44,New,0.9,139.9
C073431,6993.3,Loyal,0.02,139.87
C000949,6985.04,Returning,0.02,139.7
C068252,1746.09,VIP,0.08,139.69
C008816,172.42,Loyal,0.81,139.66
C038249,164.29,New,0.85,139.65
C004907,1163.44,New,0.12,139.61
C075819,225.17,Returning,0.62,139.61
C061865,2326.39,Returning,0.06,139.58
C039194,2789.73,New,0.05,139.49
C018036,317.02,New,0.44,139.49
C044111,143.63,New,0.97,139.32
C097522,13929.31,New,0.01,139.29
C084899,211.02,New,0.66,139.27
C027188,139.2,Loyal,1.0,139.2
C077197,13907.24,New,0.01,139.07
C032771,6952.51,Returning,0.02,139.05
C006349,210.67,Returning,0.66,139.04
C065969,149.49,Returning,0.93,139.03
C010213,141.73,Returning,0.98,138.9
C006553,396.85,Returning,0.35,138.9
C084089,356.03,Returning,0.39,138.85
C053578,1982.72,Returning,0.07,138.79
C088895,150.83,Returning,0.92,138.76
C091333,184.91,Returning,0.75,138.68
C003849,6931.45,VIP,0.02,138.63
C058208,4620.57,Loyal,0.03,138.62
C037476,139.99,Returning,0.99,138.59
C066046,2770.1,Loyal,0.05,138.5
C040920,629.4,VIP,0.22,138.47
C014767,1730.28,VIP,0.08,138.42
C066841,1536.21,Loyal,0.09,138.26
C067336,157.05,Returning,0.88,138.2
C095272,1535.32,Returning,0.09,138.18
C004163,6908.36,Returning,0.02,138.17
C088526,3452.32,Loyal,0.04,138.09
C077278,164.28,New,0.84,138.0
C001163,336.51,Returning,0.41,137.97
C027460,140.7,New,0.98,137.89
C061704,179.07,VIP,0.77,137.88
C078738,765.35,New,0.18,137.76
C041926,140.57,Returning,0.98,137.76
C018554,163.96,Returning,0.84,137.73
C092560,765.01,New,0.18,137.7
C064571,4588.94,Returning,0.03,137.67
C018812,335.72,New,0.41,137.65
C025685,3439.83,Returning,0.04,137.59
C009483,2750.21,VIP,0.05,137.51
C095948,3437.25,Loyal,0.04,137.49
C007193,1057.58,New,0.13,137.49
C027113,1718.52,Returning,0.08,137.48
C051548,2748.1,New,0.05,137.4
C088898,137.33,New,1.0,137.33
C078245,138.69,New,0.99,137.3
C071536,4574.88,VIP,0.03,137.25
C016639,298.34,VIP,0.46,137.24
C038394,6860.66,Returning,0.02,137.21
C037055,979.66,Returning,0.14,137.15
C099849,596.21,Loyal,0.23,137.13
C027672,138.52,VIP,0.99,137.13
C039929,2284.94,New,0.06,137.1
C021739,2284.63,Loyal,0.06,137.08
C090598,145.76,Returning,0.94,137.01
C073329,595.59,Returning,0.23,136.99
C063246,138.33,New,0.99,136.95
C070552,13694.12,Returning,0.01,136.94
C071609,143.97,New,0.95,136.77
C088630,1519.48,Loyal,0.09,136.75
C067484,3417.86,New,0.04,136.71
C076925,3417.43,New,0.04,136.7
C049027,142.37,VIP,0.96,136.68
C025515,146.96,Loyal,0.93,136.67
C034303,333.17,New,0.41,136.6
C007797,140.8,Returning,0.97,136.58
C019765,145.29,New,0.94,136.57
C056288,6824.55,VIP,0.02,136.49
C016302,2729.88,VIP,0.05,136.49
C068480,2728.12,VIP,0.05,136.41
C094816,3408.82,Loyal,0.04,136.35
C091244,2726.58,Returning,0.05,136.33
C045567,1047.87,New,0.13,136.22
C091609,136.16,Loyal,1.0,136.16
C031892,3403.74,Returning,0.04,136.15
C084642,243.0,Loyal,0.56,136.08
C065982,1944.01,New,0.07,136.08
C071303,3400.92,Returning,0.04,136.04
C098874,3400.76,New,0.04,136.03
C051042,468.79,New,0.29,135.95
C049161,1698.24,Loyal,0.08,135.86
C025251,212.27,New,0.64,135.85
C083007,3396.03,New,0.04,135.84
C000778,6790.67,New,0.02,135.81
C080898,2715.27,New,0.05,135.76
C009094,6785.22,New,0.02,135.7
C038362,3389.08,New,0.04,135.56
C043058,142.7,Loyal,0.95,135.56
C090636,4513.02,VIP,0.03,135.39
C080252,145.23,Loyal,0.93,135.06
C077580,270.13,Loyal,0.5,135.06
C012671,6751.41,Loyal,0.02,135.03
C031879,1928.95,New,0.07,135.03
C026523,465.6,Returning,0.29,135.02
C097076,2700.1,New,0.05,135.0
C000934,13499.75,Loyal,0.01,135.0
C001176,134.99,New,1.0,134.99
C033270,151.63,Loyal,0.89,134.95
C098832,136.3,Loyal,0.99,134.94
C060744,240.91,Returning,0.56,134.91
C004338,13484.54,Returning,0.01,134.85
C077640,137.58,Loyal,0.98,134.83
C077884,189.87,Loyal,0.71,134.81
C009621,137.49,New,0.98,134.74
C014299,481.05,New,0.28,134.69
C002788,168.26,New,0.8,134.61
C042372,269.2,Loyal,0.5,134.6
C075056,336.41,New,0.4,134.56
C082921,134.45,New,1.0,134.45
C055024,298.58,Loyal,0.45,134.36
C021042,144.45,VIP,0.93,134.34
C015821,135.69,New,0.99,134.33
C085386,1119.4,Returning,0.12,134.33
C021378,3353.01,New,0.04,134.12
C004066,6701.78,VIP,0.02,134.04
C032529,138.13,Returning,0.97,133.99
C067028,138.09,VIP,0.97,133.95
C060568,136.67,VIP,0.98,133.94
C033887,2231.09,VIP,0.06,133.87
C062643,155.66,VIP,0.86,133.87
C038733,133.8,Returning,1.0,133.8
C040821,135.12,Loyal,0.99,133.77
C095009,1910.75,Returning,0.07,133.75
C031099,151.97,Loyal,0.88,133.73
C003462,1909.76,New,0.07,133.68
C059101,137.79,VIP,0.97,133.66
C042593,1336.55,Loyal,0.1,133.66
C037859,534.36,VIP,0.25,133.59
C040615,134.93,Returning,0.99,133.58
C088603,360.97,Loyal,0.37,133.56
C039410,13351.06,New,0.01,133.51
C069509,2224.19,Loyal,0.06,133.45
C076777,606.43,VIP,0.22,133.41
C075703,3333.52,VIP,0.04,133.34
C001929,3332.03,VIP,0.04,133.28
C055504,888.45,Returning,0.15,133.27
C078995,13320.3,Loyal,0.01,133.2
C026942,887.87,Loyal,0.15,133.18
C010508,137.24,Loyal,0.97,133.12
C001344,6654.66,Returning,0.02,133.09
C088962,4436.09,New,0.03,133.08
C046860,1478.37,VIP,0.09,133.05
C076179,390.82,VIP,0.34,132.88
C071068,3319.63,Returning,0.04,132.79
C063072,2213.09,Loyal,0.06,132.79
C062428,13274.75,Returning,0.01,132.75
C002181,323.69,VIP,0.41,132.71
C028273,358.65,Loyal,0.37,132.7
C076862,1019.09,New,0.13,132.48
C055171,6623.76,VIP,0.02,132.48
C058469,133.78,Returning,0.99,132.44
C037156,2648.31,VIP,0.05,132.42
C036299,194.7,Returning,0.68,132.4
C062999,4413.25,Loyal,0.03,132.4
C094765,259.54,New,0.51,132.37
C010773,133.65,Returning,0.99,132.31
C097610,1102.48,Loyal,0.12,132.3
C045124,4409.38,Loyal,0.03,132.28
C042142,1468.78,New,0.09,132.19
C056444,314.64,VIP,0.42,132.15
C025874,203.25,Returning,0.65,132.11
C081242,6605.05,VIP,0.02,132.1
C096500,943.38,Returning,0.14,132.07
C083382,1649.59,Loyal,0.08,131.97
C058659,3298.15,New,0.04,131.93
C033447,13193.28,VIP,0.01,131.93
C081193,878.9,VIP,0.15,131.83
C027470,425.2,Returning,0.31,131.81
C077931,137.28,VIP,0.96,131.79
C088243,627.4,Loyal,0.21,131.75
C089492,134.43,Returning,0.98,131.74
C032093,1881.45,Returning,0.07,131.7
C080488,141.59,Loyal,0.93,131.68
C053019,940.56,New,0.14,131.68
C005604,1880.26,New,0.07,131.62
C024897,263.03,VIP,0.5,131.51
C034231,1195.19,VIP,0.11,131.47
C087077,4380.77,VIP,0.03,131.42
C018251,131.42,VIP,1.0,131.42
C082677,1194.19,VIP,0.11,131.36
C011948,596.86,Loyal,0.22,131.31
C044893,1009.96,Loyal,0.13,131.29
C029805,133.88,New,0.98,131.2
C012394,3279.5,Returning,0.04,131.18
C096538,3279.1,New,0.04,131.16
C079490,6553.16,Returning,0.02,131.06
C098214,6552.65,Loyal,0.02,131.05
C034364,6551.07,New,0.02,131.02
C008415,155.96,Returning,0.84,131.01
C072295,2618.99,VIP,0.05,130.95
C068522,6544.05,New,0.02,130.88
C064820,136.26,VIP,0.96,130.81
C033932,311.4,Returning,0.42,130.79
C055501,933.42,VIP,0.14,130.68
C096588,186.64,VIP,0.7,130.65
C096937,255.76,New,0.51,130.44
C005459,141.72,VIP,0.92,130.38
C033967,4343.77,Loyal,0.03,130.31
C068340,419.86,Returning,0.31,130.16
C091573,6502.69,New,0.02,130.05
C029322,382.24,VIP,0.34,129.96
C009267,3246.78,Returning,0.04,129.87
C053691,132.49,New,0.98,129.84
C050733,135.23,New,0.96,129.82
C018117,136.64,VIP,0.95,129.81
C046952,2596.18,New,0.05,129.81
C067233,3243.01,Loyal,0.04,129.72
C091998,294.54,Loyal,0.44,129.6
C004913,132.18,Returning,0.98,129.54
C007877,12948.62,New,0.01,129.49
C004233,2157.62,New,0.06,129.46
C020598,184.79,New,0.7,129.35
C041631,2154.67,VIP,0.06,129.28
C096375,4308.32,New,0.03,129.25
C061014,3230.94,VIP,0.04,129.24
C041741,129.24,New,1.0,129.24
C047387,6458.29,Returning,0.02,129.17
C021139,300.35,VIP,0.43,129.15
C059319,135.94,Returning,0.95,129.14
C085111,2582.48,Returning,0.05,129.12
C008248,561.31,VIP,0.23,129.1
C079371,135.85,VIP,0.95,129.06
C005763,192.55,VIP,0.67,129.01
C092522,140.22,Returning,0.92,129.0
C061334,4297.8,Loyal,0.03,128.93
C046068,3222.8,Loyal,0.04,128.91
C069502,143.02,New,0.9,128.72
C064849,2143.46,Loyal,0.06,128.61
C031342,1607.5,VIP,0.08,128.6
C089721,3214.95,Returning,0.04,128.6
C032496,4286.21,Returning,0.03,128.59
C065799,4286.0,New,0.03,128.58
C016201,4284.34,VIP,0.03,128.53
C036572,131.11,Loyal,0.98,128.49
C041279,136.67,VIP,0.94,128.47
C038829,3211.27,Returning,0.04,128.45
C005119,203.86,Returning,0.63,128.43
C054011,6418.27,VIP,0.02,128.37
C024596,3206.81,Returning,0.04,128.27
C081201,197.33,Loyal,0.65,128.26
C032373,985.99,Returning,0.13,128.18
C065802,1067.99,New,0.12,128.16
C083975,2135.75,VIP,0.06,128.14
C035754,132.05,Loyal,0.97,128.09
C040236,3202.05,Loyal,0.04,128.08
C043985,6402.74,VIP,0.02,128.05
C012358,2560.85,Loyal,0.05,128.04
C039511,136.21,Loyal,0.94,128.04
C072444,1600.02,VIP,0.08,128.0
C069362,130.58,VIP,0.98,127.97
C043811,166.09,New,0.77,127.89
C051761,4260.37,New,0.03,127.81
C000958,12778.99,Returning,0.01,127.79
C054949,12777.14,Loyal,0.01,127.77
C005066,1824.89,New,0.07,127.74
C012493,364.95,Loyal,0.35,127.73
C094500,3192.05,Returning,0.04,127.68
C013814,155.66,VIP,0.82,127.64
C097515,1062.38,VIP,0.12,127.49
C046582,2124.54,Loyal,0.06,127.47
C005450,236.01,New,0.54,127.45
C093195,12741.69,Returning,0.01,127.42
C045408,129.97,VIP,0.98,127.37
C083526,161.16,Loyal,0.79,127.32
C035685,296.06,Returning,0.43,127.31
C021836,249.57,VIP,0.51,127.28
C019849,128.55,Returning,0.99,127.26
C014166,129.79,VIP,0.98,127.19
C063183,4238.61,Loyal,0.03,127.16
C091951,6357.66,New,0.02,127.15
C003041,1412.67,Returning,0.09,127.14
C057526,3176.39,Loyal,0.04,127.06
C080833,1269.64,Returning,0.1,126.96
C012827,158.58,Returning,0.8,126.86
C095364,1408.23,New,0.09,126.74
C078632,6335.12,Returning,0.02,126.7
C098982,3167.2,Returning,0.04,126.69
C075261,372.36,VIP,0.34,126.6
C057346,408.24,Loyal,0.31,126.55
C030865,2530.33,Loyal,0.05,126.52
C000897,142.12,VIP,0.89,126.49
C029770,4216.33,New,0.03,126.49
C031998,1806.91,New,0.07,126.48
C090504,2527.19,VIP,0.05,126.36
C003417,2105.78,Loyal,0.06,126.35
C013467,2104.43,New,0.06,126.27
C010850,143.49,Loyal,0.88,126.27
C064638,4206.41,VIP,0.03,126.19
C069011,135.61,VIP,0.93,126.12
C062313,128.62,Loyal,0.98,126.05
C020278,572.69,New,0.22,125.99
C079481,899.89,Returning,0.14,125.98
C052619,4198.33,Loyal,0.03,125.95
C075033,251.76,New,0.5,125.88
C072297,129.76,Loyal,0.97,125.87
C089338,838.33,New,0.15,125.75
C035227,251.39,VIP,0.5,125.7
C063661,12563.5,Loyal,0.01,125.64
C011762,126.89,Loyal,0.99,125.62
C041375,3140.24,VIP,0.04,125.61
C042062,380.56,Loyal,0.33,125.58
C091725,2091.99,Returning,0.06,125.52
C005520,1254.49,VIP,0.1,125.45
C069525,3135.56,Returning,0.04,125.42
C039373,136.32,New,0.92,125.41
C026730,255.77,VIP,0.49,125.33
C038943,139.15,VIP,0.9,125.24
C082718,2504.34,VIP,0.05,125.22
C009659,133.15,Returning,0.94,125.16
C027801,312.71,New,0.4,125.08
C094498,4168.74,New,0.03,125.06
C065005,134.43,VIP,0.93,125.02
C021951,124.91,Returning,1.0,124.91
C041332,128.71,VIP,0.97,124.85
C019182,12482.67,Loyal,0.01,124.83
C003003,1247.4,VIP,0.1,124.74
C033878,125.94,VIP,0.99,124.68
C031836,129.87,Loyal,0.96,124.68
C067963,3114.09,New,0.04,124.56
C036326,3113.5,VIP,0.04,124.54
C018370,518.84,Returning,0.24,124.52
C093224,691.03,New,0.18,124.39
C033874,214.46,Returning,0.58,124.39
C068802,1036.42,Loyal,0.12,124.37
C077665,188.13,Returning,0.66,124.17
C063840,886.61,VIP,0.14,124.13
C000116,6202.42,Loyal,0.02,124.05
C008226,689.19,VIP,0.18,124.05
C051202,886.01,Returning,0.14,124.04
C051471,539.12,VIP,0.23,124.0
C009026,1125.89,VIP,0.11,123.85
C020015,1768.89,Returning,0.07,123.82
C040384,294.79,Returning,0.42,123.81
C003862,1125.43,Returning,0.11,123.8
C092752,1767.29,Loyal,0.07,123.71
C097119,124.96,VIP,0.99,123.71
C007169,209.46,New,0.59,123.58
C029338,3086.62,VIP,0.04,123.46
C060868,128.59,Loyal,0.96,123.45
C078487,156.23,VIP,0.79,123.42
C016232,724.62,Returning,0.17,123.19
C014626,3079.13,VIP,0.04,123.17
C096445,3078.58,New,0.04,123.14
C089449,164.12,Returning,0.75,123.09
C095336,123.09,Returning,1.0,123.09
C091765,139.76,New,0.88,122.99
C085010,1537.25,New,0.08,122.98
C023469,124.21,Returning,0.99,122.97
C042120,3074.1,Loyal,0.04,122.96
C000613,3073.72,VIP,0.04,122.95
C072427,819.59,New,0.15,122.94
C007865,1756.01,Loyal,0.07,122.92
C041255,128.04,Returning,0.96,122.92
C041337,423.82,VIP,0.29,122.91
C062990,767.58,VIP,0.16,122.81
C053684,4091.08,Returning,0.03,122.73
C033449,1753.25,VIP,0.07,122.73
C092956,159.36,Loyal,0.77,122.71
C012144,2044.9,VIP,0.06,122.69
C041302,12262.52,Loyal,0.01,122.63
C007927,122.56,New,1.0,122.56
C065071,123.75,New,0.99,122.51
C022882,1749.9,Loyal,0.07,122.49
C038074,1530.85,Loyal,0.08,122.47
C035460,122.44,New,1.0,122.44
C068529,1224.32,VIP,0.1,122.43
C007680,582.96,New,0.21,122.42
C040535,680.09,Loyal,0.18,122.42
C088320,122.27,Returning,1.0,122.27
C006314,1527.82,Loyal,0.08,122.23
C011687,182.38,New,0.67,122.19
C022776,125.97,Returning,0.97,122.19
C083822,230.52,Loyal,0.53,122.18
C061765,763.21,VIP,0.16,122.11
C080510,1220.97,Loyal,0.1,122.1
C088301,4070.16,Loyal,0.03,122.1
C070802,156.54,Loyal,0.78,122.1
C022834,132.69,Loyal,0.92,122.07
C086811,2441.04,New,0.05,122.05
C072446,283.72,Loyal,0.43,122.0
C027245,154.43,Loyal,0.79,122.0
C095177,6096.82,Loyal,0.02,121.94
C056419,937.89,Loyal,0.13,121.93
C077516,126.96,Returning,0.96,121.88
C036766,12186.96,New,0.01,121.87
C023477,160.34,New,0.76,121.86
C022240,126.86,New,0.96,121.79
C080494,1521.93,New,0.08,121.75
C077179,1352.56,New,0.09,121.73
C019265,2433.35,Returning,0.05,121.67
C090231,4053.83,New,0.03,121.61
C016987,3039.07,New,0.04,121.56
C057652,125.32,Loyal,0.97,121.56
C089138,6077.74,VIP,0.02,121.55
C011421,3038.45,Returning,0.04,121.54
C056585,303.79,VIP,0.4,121.52
C069114,6073.6,VIP,0.02,121.47
C005211,934.06,New,0.13,121.43
C020604,133.4,VIP,0.91,121.39
C007516,328.05,VIP,0.37,121.38
C020592,122.52,VIP,0.99,121.29
C052421,638.13,VIP,0.19,121.24
C092221,232.94,Loyal,0.52,121.13
C075695,122.35,Loyal,0.99,121.13
C061462,139.07,New,0.87,120.99
C086982,1727.55,Returning,0.07,120.93
C033226,389.79,VIP,0.31,120.83
C000629,2013.14,VIP,0.06,120.79
C006220,132.67,New,0.91,120.73
C063959,12072.33,VIP,0.01,120.72
C078095,131.21,Returning,0.92,120.71
C049775,121.78,Returning,0.99,120.56
C003799,138.57,Returning,0.87,120.56
C079250,129.52,New,0.93,120.45
C048384,2407.86,VIP,0.05,120.39
C088924,129.39,Returning,0.93,120.33
C082932,2004.94,New,0.06,120.3
C074938,123.99,VIP,0.97,120.27
C006233,751.56,Loyal,0.16,120.25
C055025,130.69,New,0.92,120.23
C097875,273.19,Loyal,0.44,120.2
C001194,1500.11,VIP,0.08,120.01
C052932,3998.15,VIP,0.03,119.94
C034662,2396.53,Returning,0.05,119.83
C041484,11978.17,New,0.01,119.78
C092845,5984.98,Loyal,0.02,119.7
C082484,1196.58,VIP,0.1,119.66
C091016,11964.99,Loyal,0.01,119.65
C090957,5978.04,New,0.02,119.56
C025247,2988.5,Loyal,0.04,119.54
C088863,2988.44,Loyal,0.04,119.54
C096628,597.23,Returning,0.2,119.45
C086398,1492.82,Returning,0.08,119.43
C023797,119.4,VIP,1.0,119.4
C094397,477.6,Loyal,0.25,119.4
C085595,125.66,New,0.95,119.38
C035026,663.14,Loyal,0.18,119.37
C075618,3977.77,New,0.03,119.33
C016235,411.4,VIP,0.29,119.31
C055182,119.25,Returning,1.0,119.25
C030684,2979.14,VIP,0.04,119.17
C040300,340.37,New,0.35,119.13
C074605,794.0,VIP,0.15,119.1
C096096,2976.48,VIP,0.04,119.06
C022930,11905.5,Returning,0.01,119.06
C097792,360.25,Returning,0.33,118.88
C007758,118.87,VIP,1.0,118.87
C065463,118.75,New,1.0,118.75
C079761,130.47,Loyal,0.91,118.73
C064394,118.72,Loyal,1.0,118.72
C018309,1695.7,New,0.07,118.7
C005771,124.93,Loyal,0.95,118.68
C010292,1694.02,Returning,0.07,118.58
C054265,1481.69,VIP,0.08,118.54
C089591,5923.6,Returning,0.02,118.47
C045498,120.87,VIP,0.98,118.45
C036255,2368.5,New,0.05,118.43
C010309,1690.5,VIP,0.07,118.34
C058658,11832.82,VIP,0.01,118.33
C082444,563.41,New,0.21,118.32
C049938,118.31,New,1.0,118.31
C086756,119.37,Loyal,0.99,118.18
C066266,537.15,Returning,0.22,118.17
C074462,1687.61,Loyal,0.07,118.13
C008944,119.3,Returning,0.99,118.11
C091800,118.04,VIP,1.0,118.04
C086874,693.51,Loyal,0.17,117.9
C004243,1178.35,Loyal,0.1,117.84
C056927,1178.38,New,0.1,117.84
C078141,5890.62,Returning,0.02,117.81
C044923,560.91,VIP,0.21,117.79
C065199,5887.12,New,0.02,117.74
C038590,117.73,VIP,1.0,117.73
C081810,3924.44,Loyal,0.03,117.73
C036542,226.25,Returning,0.52,117.65
C016755,1176.44,Loyal,0.1,117.64
C044685,170.43,Loyal,0.69,117.6
C099715,2936.42,Returning,0.04,117.46
C004281,122.31,VIP,0.96,117.42
C038588,130.47,New,0.9,117.42
C016667,510.34,VIP,0.23,117.38
C012886,733.07,VIP,0.16,117.29
C073161,300.66,Returning,0.39,117.26
C095110,5859.64,New,0.02,117.19
C007863,1673.67,New,0.07,117.16
C005677,1064.91,Returning,0.11,117.14
C084111,123.25,Returning,0.95,117.09
C023073,2339.75,Loyal,0.05,116.99
C039169,11697.34,Returning,0.01,116.97
C050844,216.58,VIP,0.54,116.95
C068170,132.9,Returning,0.88,116.95
C063362,5844.43,New,0.02,116.89
C027272,2337.29,Returning,0.05,116.86
C025883,2921.2,Returning,0.04,116.85
C041360,11679.62,New,0.01,116.8
C080919,5834.05,VIP,0.02,116.68
C042631,686.16,Loyal,0.17,116.65
C085376,11655.15,VIP,0.01,116.55
C075728,207.92,VIP,0.56,116.44
C037251,5821.29,Returning,0.02,116.43
C027403,831.45,VIP,0.14,116.4
C051434,232.81,VIP,0.5,116.4
C044584,176.19,VIP,0.66,116.29
C063841,11623.41,Returning,0.01,116.23
C066824,290.18,New,0.4,116.07
C014741,5801.91,VIP,0.02,116.04
C029720,1450.14,Returning,0.08,116.01
C078228,11599.71,New,0.01,116.0
C040396,269.75,Loyal,0.43,115.99
C048001,175.71,Loyal,0.66,115.97
C012310,115.96,VIP,1.0,115.96
C076680,482.99,Loyal,0.24,115.92
C091979,1287.85,Loyal,0.09,115.91
C064156,124.57,Returning,0.93,115.85
C035742,1053.09,New,0.11,115.84
C067111,125.91,New,0.92,115.84
C098685,178.01,VIP,0.65,115.71
C062840,134.49,VIP,0.86,115.66
C065704,963.14,New,0.12,115.58
C016130,3851.83,Returning,0.03,115.55
C014196,126.96,Returning,0.91,115.53
C027742,119.1,Returning,0.97,115.53
C010444,350.06,Loyal,0.33,115.52
C086076,888.5,New,0.13,115.51
C021326,2309.77,VIP,0.05,115.49
C007218,962.01,VIP,0.12,115.44
C021711,372.35,Returning,0.31,115.43
C031448,122.79,VIP,0.94,115.42
C056294,124.09,Returning,0.93,115.4
C064119,1048.92,VIP,0.11,115.38
C092830,1046.39,Returning,0.11,115.1
C025555,117.4,Loyal,0.98,115.05
C026515,118.6,Returning,0.97,115.04
C024773,3833.79,New,0.03,115.01
C096222,2873.62,Loyal,0.04,114.94
C007125,118.48,Returning,0.97,114.93
C068031,120.9,Returning,0.95,114.86
C008971,2871.58,Returning,0.04,114.86
C026187,5742.63,VIP,0.02,114.85
C090020,956.89,New,0.12,114.83
C095234,5738.65,New,0.02,114.77
C001567,117.09,Returning,0.98,114.75
C059448,347.56,Returning,0.33,114.69
C014128,5734.66,New,0.02,114.69
C021958,146.97,Returning,0.78,114.64
C025089,11458.96,New,0.01,114.59
C090344,139.5,VIP,0.82,114.39
C078257,119.11,New,0.96,114.35
C006764,116.6,Returning,0.98,114.27
C041711,5705.36,Returning,0.02,114.11
C021318,242.52,Returning,0.47,113.98
C035430,2848.62,Returning,0.04,113.94
C098764,5696.84,Returning,0.02,113.94
C013086,812.91,New,0.14,113.81
C026736,406.42,VIP,0.28,113.8
C080023,1137.66,New,0.1,113.77
C035096,5686.9,VIP,0.02,113.74
C066294,11370.66,New,0.01,113.71
C025771,2274.17,New,0.05,113.71
C010139,119.69,New,0.95,113.71
C009733,668.64,Loyal,0.17,113.67
C076419,118.37,Loyal,0.96,113.64
C089683,117.13,VIP,0.97,113.62
C020613,2839.8,VIP,0.04,113.59
C051369,118.31,Loyal,0.96,113.58
C023106,118.29,VIP,0.96,113.56
C083471,119.37,Loyal,0.95,113.4
C009980,3778.92,Loyal,0.03,113.37
C002060,2833.18,New,0.04,113.33
C049227,1618.59,VIP,0.07,113.3
C061311,707.92,New,0.16,113.27
C033168,1617.46,New,0.07,113.22
C039234,2830.5,VIP,0.04,113.22
C037329,3771.79,New,0.03,113.15
C092944,11313.31,Loyal,0.01,113.13
C072218,251.31,Returning,0.45,113.09
C068289,1412.37,Loyal,0.08,112.99
C072901,5647.17,New,0.02,112.94
C086921,128.34,Loyal,0.88,112.94
C033468,5646.74,Returning,0.02,112.93
C097800,5644.04,Loyal,0.02,112.88
C070278,2819.86,Returning,0.04,112.79
C096531,119.93,Loyal,0.94,112.73
C010222,704.49,Returning,0.16,112.72
C096402,3756.21,Loyal,0.03,112.69
C085283,114.92,Returning,0.98,112.62
C029480,122.41,VIP,0.92,112.62
C041443,1125.94,New,0.1,112.59
C068519,351.82,Returning,0.32,112.58
C052877,2248.86,Loyal,0.05,112.44
C033298,1606.13,VIP,0.07,112.43
C044243,1405.06,VIP,0.08,112.4
C055405,340.03,Returning,0.33,112.21
C032775,11219.8,VIP,0.01,112.2
C059777,11213.99,Loyal,0.01,112.14
C095714,5604.17,Loyal,0.02,112.08
C051733,11204.63,New,0.01,112.05
C067081,114.32,New,0.98,112.03
C043297,2800.32,New,0.04,112.01
C075442,114.28,New,0.98,111.99
C098423,1599.26,Loyal,0.07,111.95
C000853,3730.93,New,0.03,111.93
C016936,5595.71,Loyal,0.02,111.91
C043988,117.69,New,0.95,111.81
C084149,698.75,Loyal,0.16,111.8
C002280,5587.09,VIP,0.02,111.74
C085182,126.94,Loyal,0.88,111.71
C029157,279.11,VIP,0.4,111.64
C027806,796.99,Returning,0.14,111.58
C095185,5577.09,Returning,0.02,111.54
C050283,112.65,New,0.99,111.52
C073905,5575.49,New,0.02,111.51
C094145,5573.36,New,0.02,111.47
C078272,121.15,Loyal,0.92,111.46
C035474,1392.86,Returning,0.08,111.43
C058834,742.4,Returning,0.15,111.36
C051622,117.21,Loyal,0.95,111.35
C045362,2781.08,Returning,0.04,111.24
C088690,5561.48,Loyal,0.02,111.23
C034286,3706.46,New,0.03,111.19
C013081,123.54,New,0.9,111.19
C058892,300.39,VIP,0.37,111.14
C039879,584.92,New,0.19,111.13
C097581,264.57,Returning,0.42,111.12
C071356,5554.34,VIP,0.02,111.09
C036199,284.65,Loyal,0.39,111.01
C062417,2774.49,New,0.04,110.98
C040753,792.25,New,0.14,110.92
C075159,5544.38,Returning,0.02,110.89
C090680,11086.68,Returning,0.01,110.87
C098940,2770.76,Loyal,0.04,110.83
C089442,121.68,Loyal,0.91,110.73
C088104,2213.81,VIP,0.05,110.69
C018728,3689.27,VIP,0.03,110.68
C028637,131.74,Returning,0.84,110.66
C047844,113.99,Returning,0.97,110.57
C012600,117.63,Loyal,0.94,110.57
C057068,3684.77,VIP,0.03,110.54
C061543,11046.49,New,0.01,110.46
C024541,3681.48,VIP,0.03,110.44
C065699,180.86,VIP,0.61,110.32
C095637,112.54,Loyal,0.98,110.29
C021794,1837.83,VIP,0.06,110.27
C064884,2755.95,New,0.04,110.24
C084027,5509.68,Returning,0.02,110.19
C093869,1223.79,Returning,0.09,110.14
C031734,3667.69,VIP,0.03,110.03
C016398,5500.59,VIP,0.02,110.01
C072170,1098.96,Loyal,0.1,109.9
C017972,578.35,Returning,0.19,109.89
C082300,129.09,Returning,0.85,109.73
C018642,111.96,New,0.98,109.72
C018743,2194.35,New,0.05,109.72
C022496,2742.0,Returning,0.04,109.68
C057606,3655.96,Loyal,0.03,109.68
C075627,109.65,Loyal,1.0,109.65
C037304,2741.22,Loyal,0.04,109.65
C056084,3654.67,Loyal,0.03,109.64
C018601,391.3,New,0.28,109.56
C079597,1564.57,New,0.07,109.52
C055796,154.2,Returning,0.71,109.48
C034116,116.44,Loyal,0.94,109.45
C003843,1563.24,Loyal,0.07,109.43
C042658,607.69,Returning,0.18,109.38
C005014,321.25,New,0.34,109.22
C071143,188.31,VIP,0.58,109.22
C010596,5460.74,Loyal,0.02,109.21
C044645,5450.47,VIP,0.02,109.01
C014503,129.62,Loyal,0.84,108.88
C097943,217.75,Returning,0.5,108.88
C048669,109.96,Returning,0.99,108.86
C071862,2720.85,New,0.04,108.83
C040103,109.72,VIP,0.99,108.62
C025914,113.12,Loyal,0.96,108.6
C033790,113.09,VIP,0.96,108.57
C000107,3614.73,New,0.03,108.44
C068405,10844.36,VIP,0.01,108.44
C028145,349.76,VIP,0.31,108.43
C039224,166.79,Loyal,0.65,108.41
C016790,118.93,VIP,0.91,108.23
C007321,360.63,Returning,0.3,108.19
C043301,5409.3,New,0.02,108.19
C076007,1802.63,Returning,0.06,108.16
C014043,108.1,Returning,1.0,108.1
C093378,2157.49,New,0.05,107.87
C075498,449.46,Loyal,0.24,107.87
C030813,430.71,Returning,0.25,107.68
C048213,108.61,VIP,0.99,107.52
C080548,3583.45,New,0.03,107.5
C058157,3579.14,Loyal,0.03,107.37
C076344,1788.49,Returning,0.06,107.31
C060989,1532.63,Returning,0.07,107.28
C068967,10721.4,Loyal,0.01,107.21
C094070,108.26,VIP,0.99,107.18
C093400,1785.8,VIP,0.06,107.15
C030897,629.79,Loyal,0.17,107.06
C081499,113.87,New,0.94,107.04
C062505,127.41,VIP,0.84,107.02
C065149,110.32,VIP,0.97,107.01
C000821,209.78,Returning,0.51,106.99
C088509,113.68,Loyal,0.94,106.86
C072927,218.0,Returning,0.49,106.82
C011745,107.86,Returning,0.99,106.78
C090899,2135.49,Returning,0.05,106.77
C021162,161.74,VIP,0.66,106.75
C064040,1333.75,Returning,0.08,106.7
C079029,2133.38,Loyal,0.05,106.67
C047887,119.65,VIP,0.89,106.49
C060757,109.78,Loyal,0.97,106.49
C033676,114.51,VIP,0.93,106.49
C094488,106.47,Loyal,1.0,106.47
C073773,116.98,New,0.91,106.45
C089041,5319.82,VIP,0.02,106.4
C017905,2126.51,Loyal,0.05,106.33
C088833,10629.18,New,0.01,106.29
C082338,408.78,Returning,0.26,106.28
C070398,107.29,Returning,0.99,106.22
C088027,1062.23,Returning,0.1,106.22
C041273,114.17,Returning,0.93,106.18
C084187,106.17,Loyal,1.0,106.17
C010580,2122.68,VIP,0.05,106.13
C054178,2122.51,VIP,0.05,106.13
C006518,108.3,Loyal,0.98,106.13
C045089,379.02,VIP,0.28,106.13
C058751,1060.64,VIP,0.1,106.06
C074278,1178.02,New,0.09,106.02
C008833,108.17,VIP,0.98,106.01
C078067,1514.32,New,0.07,106.0
C032347,1177.7,VIP,0.09,105.99
C002114,2117.78,New,0.05,105.89
C084676,5293.41,Loyal,0.02,105.87
C056848,118.94,Loyal,0.89,105.86
C033862,3528.4,Loyal,0.03,105.85
C053524,173.49,VIP,0.61,105.83
C064574,235.18,VIP,0.45,105.83
C031670,529.08,New,0.2,105.82
C053993,5290.74,Loyal,0.02,105.81
C009510,151.14,VIP,0.7,105.8
C055460,121.52,VIP,0.87,105.72
C096033,10568.18,Returning,0.01,105.68
C031763,5283.7,New,0.02,105.67
C066171,112.34,VIP,0.94,105.6
C025909,3519.58,New,0.03,105.59
C066141,3518.78,Loyal,0.03,105.56
C008939,2109.42,Returning,0.05,105.47
C074818,2636.35,Returning,0.04,105.45
C053670,10544.22,New,0.01,105.44
C026091,198.93,Returning,0.53,105.43
C062747,121.13,VIP,0.87,105.38
C010655,3512.39,Loyal,0.03,105.37
C082480,277.03,VIP,0.38,105.27
C009999,116.96,VIP,0.9,105.26
C075271,10521.08,New,0.01,105.21
C095337,5255.11,New,0.02,105.1
C086689,300.13,New,0.35,105.05
C038239,112.96,New,0.93,105.05
C044288,1049.61,Returning,0.1,104.96
C075326,2623.33,VIP,0.04,104.93
C002946,121.97,Returning,0.86,104.89
C088842,104.86,VIP,1.0,104.86
C056037,116.49,Loyal,0.9,104.84
C043495,5241.92,Returning,0.02,104.84
C079747,5238.65,New,0.02,104.77
C067047,1496.12,Loyal,0.07,104.73
C036712,2094.39,Loyal,0.05,104.72
C054417,5235.16,Returning,0.02,104.7
C001478,3488.69,Loyal,0.03,104.66
C045852,105.59,Loyal,0.99,104.53
C074478,2088.94,Returning,0.05,104.45
C027410,107.6,Returning,0.97,104.37
C047510,5203.89,New,0.02,104.08
C089950,5198.41,Loyal,0.02,103.97
C020963,107.16,Returning,0.97,103.95
C042935,2596.41,VIP,0.04,103.86
C019207,2076.78,VIP,0.05,103.84
C022966,1730.43,Returning,0.06,103.83
C071711,1153.47,New,0.09,103.81
C030855,357.88,Loyal,0.29,103.79
C004329,138.39,New,0.75,103.79
C086952,134.59,New,0.77,103.63
C057979,3453.32,VIP,0.03,103.6
C097374,575.36,Loyal,0.18,103.56
C046949,2588.74,Loyal,0.04,103.55
C069980,1724.26,VIP,0.06,103.46
C025425,1477.25,Returning,0.07,103.41
C082691,104.4,Loyal,0.99,103.36
C054171,645.97,Loyal,0.16,103.36
C036486,2064.71,New,0.05,103.24
C083122,114.63,Loyal,0.9,103.17
C082057,5157.96,VIP,0.02,103.16
C026080,5154.76,Returning,0.02,103.1
C038687,3433.53,Returning,0.03,103.01
C005103,343.28,Loyal,0.3,102.98
C088402,2059.47,Returning,0.05,102.97
C017984,114.32,Loyal,0.9,102.89
C088203,149.08,New,0.69,102.87
C088758,3427.41,VIP,0.03,102.82
C032181,110.55,New,0.93,102.81
C022256,148.99,Returning,0.69,102.8
C014347,3424.79,New,0.03,102.74
C082219,244.53,Returning,0.42,102.7
C064440,2567.32,Loyal,0.04,102.69
C042119,410.42,New,0.25,102.6
C077132,2052.09,VIP,0.05,102.6
C072668,932.6,Loyal,0.11,102.59
C075087,3419.46,VIP,0.03,102.58
C097174,105.74,Loyal,0.97,102.57
C037610,110.21,New,0.93,102.5
C023196,102.47,New,1.0,102.47
C086600,102.46,Returning,1.0,102.46
C090433,173.59,New,0.59,102.42
C061929,2560.58,New,0.04,102.42
C045882,930.9,Loyal,0.11,102.4
C043133,511.64,Loyal,0.2,102.33
C021701,730.66,Returning,0.14,102.29
C050091,3408.45,New,0.03,102.25
C063364,600.24,Returning,0.17,102.04
C011182,103.03,Loyal,0.99,102.0
C023371,3399.32,VIP,0.03,101.98
C049085,351.48,Returning,0.29,101.93
C013558,5094.3,Loyal,0.02,101.89
C002516,101.85,Loyal,1.0,101.85
C061185,2544.01,New,0.04,101.76
C025768,254.4,VIP,0.4,101.76
C057467,339.12,Returning,0.3,101.74
C091924,104.87,Returning,0.97,101.72
C074675,1271.12,Returning,0.08,101.69
C004511,102.72,VIP,0.99,101.69
C076610,103.6,Returning,0.98,101.53
C089208,362.48,VIP,0.28,101.49
C025803,534.1,Returning,0.19,101.48
C098668,2029.12,Loyal,0.05,101.46
C046556,101.33,Returning,1.0,101.33
C008504,104.45,VIP,0.97,101.32
C097727,5064.82,Loyal,0.02,101.3
C071681,562.69,Returning,0.18,101.28
C015604,2531.02,New,0.04,101.24
C030415,421.28,Returning,0.24,101.11
C087585,2527.38,VIP,0.04,101.1
C053738,360.95,Loyal,0.28,101.07
C024349,373.78,New,0.27,100.92
C059706,1440.4,Loyal,0.07,100.83
C065677,3358.73,Loyal,0.03,100.76
C064533,109.5,Loyal,0.92,100.74
C087391,1678.99,New,0.06,100.74
C097679,103.82,New,0.97,100.71
C056521,2517.3,Loyal,0.04,100.69
C032139,419.55,New,0.24,100.69
C087827,5033.84,Returning,0.02,100.68
C057052,5034.13,New,0.02,100.68
C058876,3355.67,VIP,0.03,100.67
C078823,3355.29,Loyal,0.03,100.66
C019028,100.63,Returning,1.0,100.63
C052787,5030.79,Returning,0.02,100.62
C026870,838.47,Returning,0.12,100.62
C035420,101.62,New,0.99,100.6
C099201,3353.1,Returning,0.03,100.59
C052110,257.87,Returning,0.39,100.57
C040931,1117.15,New,0.09,100.54
C027271,669.82,VIP,0.15,100.47
C044081,106.78,VIP,0.94,100.37
C039187,1672.68,VIP,0.06,100.36
C015526,590.29,VIP,0.17,100.35
C009813,417.97,VIP,0.24,100.31
C034644,106.63,VIP,0.94,100.23
C029212,334.09,Returning,0.3,100.23
C009544,626.02,VIP,0.16,100.16
C099533,270.7,Loyal,0.37,100.16
C017750,204.38,New,0.49,100.15
C088477,102.18,New,0.98,100.14
C010217,131.73,Loyal,0.76,100.11
C088634,3334.19,New,0.03,100.03
C072164,161.33,New,0.62,100.02
C081657,153.84,New,0.65,100.0
C073016,277.66,Returning,0.36,99.96
C073020,101.98,Loyal,0.98,99.94
C031405,188.52,VIP,0.53,99.92
C070095,3327.51,Returning,0.03,99.83
C038794,121.7,VIP,0.82,99.79
C082961,3326.04,Loyal,0.03,99.78
C029243,1108.04,VIP,0.09,99.72
C053090,712.18,Returning,0.14,99.71
C022365,174.88,Returning,0.57,99.68
C000757,4982.81,New,0.02,99.66
C082142,99.58,Loyal,1.0,99.58
C011646,1658.92,VIP,0.06,99.54
C088872,108.18,Returning,0.92,99.53
C087560,710.64,New,0.14,99.49
C045676,710.55,VIP,0.14,99.48
C045795,101.49,Loyal,0.98,99.46
C051131,3315.42,VIP,0.03,99.46
C080474,102.45,VIP,0.97,99.38
C017841,3310.44,VIP,0.03,99.31
C087828,4964.9,New,0.02,99.3
C029208,100.28,New,0.99,99.28
C036645,1654.14,Loyal,0.06,99.25
C018695,3307.35,New,0.03,99.22
C087375,261.07,New,0.38,99.21
C041010,124.0,Returning,0.8,99.2
C093968,183.6,New,0.54,99.14
C082349,3303.59,New,0.03,99.11
C083346,108.89,VIP,0.91,99.09
C024411,521.48,Returning,0.19,99.08
C091139,825.59,VIP,0.12,99.07
C088409,2476.54,Loyal,0.04,99.06
C008441,113.85,Returning,0.87,99.05
C034465,1238.09,New,0.08,99.05
C031921,1980.99,VIP,0.05,99.05
C074734,330.12,Returning,0.3,99.04
C082040,101.05,VIP,0.98,99.03
C094776,4951.2,Returning,0.02,99.02
C029022,117.77,New,0.84,98.93
C047601,197.61,Loyal,0.5,98.8
C085049,3293.05,VIP,0.03,98.79
C057103,470.26,New,0.21,98.75
C042704,210.09,Returning,0.47,98.74
C022979,201.44,Loyal,0.49,98.71
C060015,365.5,New,0.27,98.68
C082861,1095.21,VIP,0.09,98.57
C013905,579.75,Loyal,0.17,98.56
C017383,189.39,New,0.52,98.48
C027852,99.47,New,0.99,98.48
C090751,895.18,Loyal,0.11,98.47
C009052,4923.56,Loyal,0.02,98.47
C022057,546.75,New,0.18,98.42
C042591,3280.74,VIP,0.03,98.42
C019893,2459.87,VIP,0.04,98.39
C021422,9838.64,Returning,0.01,98.39
C080034,1405.07,Returning,0.07,98.35
C042604,1961.69,Returning,0.05,98.08
C091196,107.74,VIP,0.91,98.04
C004129,816.25,VIP,0.12,97.95
C086576,1955.67,VIP,0.05,97.78
C089171,1221.84,Loyal,0.08,97.75
C007760,2442.73,Returning,0.04,97.71
C039067,3255.61,Returning,0.03,97.67
C096516,887.67,Returning,0.11,97.64
C023159,3254.52,VIP,0.03,97.64
C001819,4878.26,Returning,0.02,97.57
C088238,335.98,Returning,0.29,97.43
C091566,3246.57,Loyal,0.03,97.4
C002741,98.37,Loyal,0.99,97.39
C022610,3244.17,Loyal,0.03,97.33
C065237,114.43,New,0.85,97.27
C037144,1215.46,New,0.08,97.24
C053100,3240.61,Loyal,0.03,97.22
C048528,9713.84,VIP,0.01,97.14
C024102,101.18,VIP,0.96,97.13
C013077,4851.62,Loyal,0.02,97.03
C082657,1939.23,Returning,0.05,96.96
C051562,151.41,Loyal,0.64,96.9
C026331,201.77,Returning,0.48,96.85
C091447,4842.01,Returning,0.02,96.84
C061233,440.13,Returning,0.22,96.83
C035252,97.78,VIP,0.99,96.8
C062325,9678.91,VIP,0.01,96.79
C069085,3226.41,Loyal,0.03,96.79
C032348,3222.18,Returning,0.03,96.67
C041524,568.61,Loyal,0.17,96.66
C052807,3221.07,New,0.03,96.63
C006343,230.04,Loyal,0.42,96.62
C073748,402.06,Loyal,0.24,96.49
C009549,130.32,New,0.74,96.44
C011969,2409.17,Loyal,0.04,96.37
C070275,192.67,VIP,0.5,96.34
C043166,131.93,New,0.73,96.31
C043001,100.32,VIP,0.96,96.31
C088215,137.56,VIP,0.7,96.29
C098796,9622.68,Returning,0.01,96.23
C001385,135.48,VIP,0.71,96.19
C059916,163.03,Returning,0.59,96.19
C088551,105.67,New,0.91,96.16
C066743,4806.9,Returning,0.02,96.14
C036260,565.25,New,0.17,96.09
C098276,3202.64,Loyal,0.03,96.08
C052147,640.0,Returning,0.15,96.0
C018849,299.99,VIP,0.32,96.0
C087440,174.52,Returning,0.55,95.99
C080345,96.94,New,0.99,95.97
C061593,95.88,Loyal,1.0,95.88
C012294,180.84,Returning,0.53,95.85
C095721,416.4,Loyal,0.23,95.77
C046134,1063.89,Returning,0.09,95.75
C066953,97.7,Loyal,0.98,95.75
C056181,1367.47,Loyal,0.07,95.72
C089399,3189.75,Loyal,0.03,95.69
C005986,3184.82,VIP,0.03,95.54
C022768,120.94,Loyal,0.79,95.54
C017832,353.83,New,0.27,95.53
C085581,734.55,Loyal,0.13,95.49
C035634,1908.76,VIP,0.05,95.44
C027796,4771.94,VIP,0.02,95.44
C052213,432.48,Returning,0.22,95.15
C099621,4757.07,New,0.02,95.14
C043296,1584.58,Returning,0.06,95.07
C081996,3166.76,VIP,0.03,95.0
C074318,1055.33,New,0.09,94.98
C075651,949.49,New,0.1,94.95
C053727,365.16,Returning,0.26,94.94
C013248,100.98,Loyal,0.94,94.92
C082935,2372.04,VIP,0.04,94.88
C004507,98.77,Loyal,0.96,94.82
C005489,99.7,VIP,0.95,94.72
C037216,106.38,VIP,0.89,94.68
C070003,2366.86,Loyal,0.04,94.67
C091432,1893.32,Returning,0.05,94.67
C071561,9464.72,VIP,0.01,94.65
C095197,3154.41,Returning,0.03,94.63
C042069,2365.15,VIP,0.04,94.61
C026147,4729.52,New,0.02,94.59
C011414,1350.83,Loyal,0.07,94.56
C020822,103.87,Loyal,0.91,94.52
C032221,118.14,New,0.8,94.51
C013742,97.43,New,0.97,94.51
C002047,2362.0,New,0.04,94.48
C083326,4723.73,VIP,0.02,94.47
C071096,98.39,New,0.96,94.45
C063120,2361.01,New,0.04,94.44
C049078,4713.76,Loyal,0.02,94.28
C082327,105.9,VIP,0.89,94.25
C088342,349.02,Returning,0.27,94.24
C065375,3140.05,New,0.03,94.2
C047614,214.1,New,0.44,94.2
C023647,96.11,VIP,0.98,94.19
C095341,324.46,Loyal,0.29,94.09
C065233,165.05,Loyal,0.57,94.08
C050675,101.09,VIP,0.93,94.01
C013459,103.31,Returning,0.91,94.01
C089799,4698.57,Loyal,0.02,93.97
C049871,94.9,Loyal,0.99,93.95
C033295,939.39,Loyal,0.1,93.94
C078173,1043.26,VIP,0.09,93.89
C094153,4693.62,New,0.02,93.87
C097662,375.19,Loyal,0.25,93.8
C000506,312.63,VIP,0.3,93.79
C095754,2344.77,VIP,0.04,93.79
C026600,4687.94,Loyal,0.02,93.76
C060266,2343.33,VIP,0.04,93.73
C028967,2340.92,VIP,0.04,93.64
C082418,93.5,Loyal,1.0,93.5
C017563,2335.03,Returning,0.04,93.4
C090657,4669.91,VIP,0.02,93.4
C016673,465.64,New,0.2,93.13
C069756,2327.88,VIP,0.04,93.12
C042145,4655.5,Loyal,0.02,93.11
C035021,386.95,Returning,0.24,92.87
C003030,2321.32,New,0.04,92.85
C074891,9284.13,Loyal,0.01,92.84
C080157,97.67,Returning,0.95,92.79
C083891,1325.19,New,0.07,92.76
C096373,712.68,Loyal,0.13,92.65
C014174,1851.55,VIP,0.05,92.58
C014464,3085.88,New,0.03,92.58
C043081,4626.06,Loyal,0.02,92.52
C099471,2312.76,VIP,0.04,92.51
C053337,1541.64,VIP,0.06,92.5
C038365,97.37,VIP,0.95,92.5
C076878,578.02,Loyal,0.16,92.48
C041135,3081.89,VIP,0.03,92.46
C013167,93.35,Returning,0.99,92.42
C065391,3076.26,New,0.03,92.29
C015979,768.36,VIP,0.12,92.2
C067598,108.46,Returning,0.85,92.19
C039054,3069.99,VIP,0.03,92.1
C034343,837.19,New,0.11,92.09
C091754,2301.68,VIP,0.04,92.07
C055194,2301.78,Returning,0.04,92.07
C004685,511.38,VIP,0.18,92.05
C008580,161.45,New,0.57,92.03
C072223,1314.35,Returning,0.07,92.0
C003790,574.89,Loyal,0.16,91.98
C090526,4598.67,Loyal,0.02,91.97
C012402,399.43,Returning,0.23,91.87
C023972,4593.5,Loyal,0.02,91.87
C032938,93.73,Returning,0.98,91.86
C080551,153.06,VIP,0.6,91.84
C082752,9177.58,New,0.01,91.78
C085467,4585.83,VIP,0.02,91.72
C077592,1834.41,Loyal,0.05,91.72
C008127,4583.04,Loyal,0.02,91.66
C068970,2288.78,Returning,0.04,91.55
C008241,3051.17,Returning,0.03,91.54
C033831,96.36,Loyal,0.95,91.54
C015237,99.43,Loyal,0.92,91.48
C097606,1306.84,Returning,0.07,91.48
C027706,91.47,VIP,1.0,91.47
C050977,121.93,New,0.75,91.45
C058107,1305.48,Returning,0.07,91.38
C067250,9136.94,Returning,0.01,91.37
C082550,4565.95,Loyal,0.02,91.32
C041848,3042.04,VIP,0.03,91.26
C020586,1825.08,VIP,0.05,91.25
C025174,119.96,Returning,0.76,91.17
C040828,149.4,Loyal,0.61,91.13
C095444,1822.27,New,0.05,91.11
C010913,9110.44,Returning,0.01,91.1
C021261,910.67,VIP,0.1,91.07
C087233,137.99,Loyal,0.66,91.07
C024831,96.79,VIP,0.94,90.98
C044585,3030.52,VIP,0.03,90.92
C064131,101.0,VIP,0.9,90.9
C099864,116.53,VIP,0.78,90.89
C012187,4538.05,Returning,0.02,90.76
C094606,697.94,Returning,0.13,90.73
C087813,3023.8,VIP,0.03,90.71
C016972,755.91,New,0.12,90.71
C062790,3023.25,New,0.03,90.7
C054345,323.93,Returning,0.28,90.7
C029139,97.47,New,0.93,90.65
C010121,116.18,Loyal,0.78,90.62
C060178,113.25,New,0.8,90.6
C033481,335.4,VIP,0.27,90.56
C051752,4521.71,Loyal,0.02,90.43
C055118,97.22,VIP,0.93,90.41
C090876,1506.58,New,0.06,90.39
C018361,695.27,Returning,0.13,90.39
C052081,903.73,New,0.1,90.37
C019309,4513.68,Loyal,0.02,90.27
C074196,1805.18,New,0.05,90.26
C065578,94.01,New,0.96,90.25
C059931,98.05,Loyal,0.92,90.21
C068675,100.22,Loyal,0.9,90.2
C018495,4506.98,Returning,0.02,90.14
C047030,147.76,Loyal,0.61,90.13
C069262,264.83,Returning,0.34,90.04
C020990,4498.36,Returning,0.02,89.97
C032261,1798.48,New,0.05,89.92
C022156,124.83,Loyal,0.72,89.88
C008842,98.7,Loyal,0.91,89.82
C043730,4488.97,Returning,0.02,89.78
C018766,92.55,Loyal,0.97,89.77
C039360,1495.96,New,0.06,89.76
C072491,560.6,Returning,0.16,89.7
C018648,1281.48,Loyal,0.07,89.7
C046268,896.85,New,0.1,89.68
C082772,91.41,New,0.98,89.58
C059228,688.74,Returning,0.13,89.54
C029051,4476.34,Loyal,0.02,89.53
C031419,100.59,New,0.89,89.53
C042438,154.32,VIP,0.58,89.51
C042459,8940.2,Loyal,0.01,89.4
C073912,744.54,VIP,0.12,89.34
C020232,425.21,Returning,0.21,89.29
C050300,8923.08,VIP,0.01,89.23
C092933,891.37,New,0.1,89.14
C046094,2226.65,New,0.04,89.07
C070614,261.88,Loyal,0.34,89.04
C047650,88.99,New,1.0,88.99
C066873,2224.8,VIP,0.04,88.99
C043837,2965.6,Returning,0.03,88.97
C065441,2222.67,New,0.04,88.91
C011418,92.59,New,0.96,88.89
C030849,89.76,Returning,0.99,88.86
C025370,2961.26,Returning,0.03,88.84
C071110,1268.85,New,0.07,88.82
C033233,2218.87,VIP,0.04,88.75
C081134,105.6,VIP,0.84,88.7
C060768,2217.51,Returning,0.04,88.7
C060145,89.55,VIP,0.99,88.65
C057124,681.79,Returning,0.13,88.63
C027230,2953.39,VIP,0.03,88.6
C039078,8858.25,Loyal,0.01,88.58
C034514,4428.79,Loyal,0.02,88.58
C090535,1475.47,Returning,0.06,88.53
C003364,4424.99,VIP,0.02,88.5
C036547,90.29,New,0.98,88.48
C005546,2211.42,Returning,0.04,88.46
C068555,2211.17,Returning,0.04,88.45
C015178,4421.15,Loyal,0.02,88.42
C063559,304.84,Loyal,0.29,88.4
C070216,679.71,Returning,0.13,88.36
C032754,1471.35,Loyal,0.06,88.28
C004658,1103.32,Returning,0.08,88.27
C088422,882.65,Loyal,0.1,88.26
C007163,8820.32,New,0.01,88.2
C086753,8817.15,New,0.01,88.17
C027472,629.69,Loyal,0.14,88.16
C070758,259.26,New,0.34,88.15
C037581,4400.75,Loyal,0.02,88.02
C017437,88.84,Returning,0.99,87.95
C074065,2928.66,VIP,0.03,87.86
C062046,258.29,New,0.34,87.82
C079876,381.64,New,0.23,87.78
C014772,219.38,Loyal,0.4,87.75
C027380,487.51,VIP,0.18,87.75
C029353,87.71,New,1.0,87.71
C097614,4385.67,VIP,0.02,87.71
C078339,2922.65,New,0.03,87.68
C020993,973.79,Loyal,0.09,87.64
C013291,4380.39,New,0.02,87.61
C089932,1459.91,Loyal,0.06,87.59
C052923,973.08,VIP,0.09,87.58
C010743,2189.3,Loyal,0.04,87.57
C051248,364.6,Returning,0.24,87.5
C060413,2915.82,New,0.03,87.47
C016287,1747.82,New,0.05,87.39
C074361,8733.21,Returning,0.01,87.33
C001391,4364.39,New,0.02,87.29
C033916,2179.81,Returning,0.04,87.19
C080185,99.03,VIP,0.88,87.15
C082551,100.08,New,0.87,87.07
C096477,87.01,VIP,1.0,87.01
C006267,2170.57,Returning,0.04,86.82
C090538,2893.19,VIP,0.03,86.8
C036617,88.56,New,0.98,86.79
C047011,1735.57,New,0.05,86.78
C008616,88.5,Returning,0.98,86.73
C061250,4336.42,New,0.02,86.73
C066473,2890.67,VIP,0.03,86.72
C056245,433.59,New,0.2,86.72
C099624,4336.18,New,0.02,86.72
C012679,321.04,VIP,0.27,86.68
C065174,109.69,Returning,0.79,86.66
C067065,89.24,Returning,0.97,86.56
C011984,2163.64,Returning,0.04,86.55
C087601,865.18,New,0.1,86.52
C084323,960.65,VIP,0.09,86.46
C079201,99.34,Loyal,0.87,86.43
C065651,128.95,VIP,0.67,86.4
C048912,143.98,Loyal,0.6,86.39
C020024,1234.07,Returning,0.07,86.38
C003252,359.7,Loyal,0.24,86.33
C052053,287.74,Returning,0.3,86.32
C044800,95.88,Loyal,0.9,86.29
C088127,246.28,Returning,0.35,86.2
C053692,2872.7,Loyal,0.03,86.18
C027870,91.58,New,0.94,86.09
C046438,2868.28,Returning,0.03,86.05
C040774,373.81,Returning,0.23,85.98
C070402,4299.06,Returning,0.02,85.98
C058077,614.03,Returning,0.14,85.96
C020195,178.98,VIP,0.48,85.91
C009355,1717.75,Returning,0.05,85.89
C013091,1226.99,New,0.07,85.89
C067940,1716.54,VIP,0.05,85.83
C005349,100.96,Returning,0.85,85.82
C028534,4291.21,New,0.02,85.82
C008237,87.56,New,0.98,85.81
C087130,186.54,Returning,0.46,85.81
C051417,857.92,Returning,0.1,85.79
C045373,1429.12,Loyal,0.06,85.75
C029039,4286.54,Returning,0.02,85.73
C082953,1713.08,New,0.05,85.65
C059928,1427.09,New,0.06,85.63
C092092,87.27,VIP,0.98,85.52
C047450,1425.27,VIP,0.06,85.52
C059647,2849.94,Loyal,0.03,85.5
C086145,259.05,Returning,0.33,85.49
C078923,164.33,VIP,0.52,85.45
C021052,2848.42,New,0.03,85.45
C045534,2133.43,Loyal,0.04,85.34
C058080,85.28,VIP,1.0,85.28
C016801,85.28,Returning,1.0,85.28
C086302,88.79,VIP,0.96,85.24
C026555,97.98,Loyal,0.87,85.24
C047373,1217.53,Returning,0.07,85.23
C089533,1065.19,Returning,0.08,85.22
C080684,121.73,Loyal,0.7,85.21
C071645,946.79,Returning,0.09,85.21
C088839,1704.28,Returning,0.05,85.21
C054008,87.81,Loyal,0.97,85.18
C032386,2129.14,New,0.04,85.17
C040334,851.11,VIP,0.1,85.11
C098238,2832.4,VIP,0.03,84.97
C088788,2831.93,Loyal,0.03,84.96
C033353,101.14,Loyal,0.84,84.96
C018517,1213.49,VIP,0.07,84.94
C049248,2122.19,Loyal,0.04,84.89
C058396,8485.23,Loyal,0.01,84.85
C003625,4242.65,Returning,0.02,84.85
C057809,942.4,Loyal,0.09,84.82
C015436,2826.39,Loyal,0.03,84.79
C059336,4237.17,Loyal,0.02,84.74
C035100,188.21,VIP,0.45,84.69
C035628,88.06,Loyal,0.96,84.54
C016330,2113.34,VIP,0.04,84.53
C062865,2112.96,New,0.04,84.52
C049092,1407.2,Returning,0.06,84.43
C088003,86.13,Returning,0.98,84.41
C003162,2109.97,Returning,0.04,84.4
C068502,2813.16,VIP,0.03,84.39
C051892,2812.27,Loyal,0.03,84.37
C082705,2108.94,VIP,0.04,84.36
C015253,4216.93,Loyal,0.02,84.34
C013757,168.56,Returning,0.5,84.28
C064338,4211.1,Returning,0.02,84.22
C067873,8420.91,Loyal,0.01,84.21
C095657,2807.08,Returning,0.03,84.21
C011759,1052.25,VIP,0.08,84.18
C084923,85.0,New,0.99,84.15
C049897,4206.83,VIP,0.02,84.14
C038684,4206.35,Loyal,0.02,84.13
C097368,8411.73,Loyal,0.01,84.12
C003612,4206.25,New,0.02,84.12
C014006,2102.85,Loyal,0.04,84.11
C017993,106.45,VIP,0.79,84.1
C067241,87.59,Returning,0.96,84.09
C093994,86.68,VIP,0.97,84.08
C095718,336.29,VIP,0.25,84.07
C057634,8402.74,Returning,0.01,84.03
C093105,494.09,Returning,0.17,84.0
C027926,441.76,New,0.19,83.93
C062774,2096.69,Returning,0.04,83.87
C060814,87.35,Loyal,0.96,83.86
C017034,2096.28,VIP,0.04,83.85
C016241,762.11,VIP,0.11,83.83
C055485,4189.4,Loyal,0.02,83.79
C087870,2094.06,VIP,0.04,83.76
C099349,2094.09,New,0.04,83.76
C038015,1674.46,New,0.05,83.72
C056518,4185.91,VIP,0.02,83.72
C075460,279.08,New,0.3,83.72
C006371,1045.85,Returning,0.08,83.67
C011674,88.04,Returning,0.95,83.64
C067186,96.12,VIP,0.87,83.62
C059113,298.38,VIP,0.28,83.55
C031016,90.8,Loyal,0.92,83.54
C055540,8352.8,Loyal,0.01,83.53
C058744,4175.6,Returning,0.02,83.51
C044458,2782.57,Loyal,0.03,83.48
C050057,92.68,Returning,0.9,83.41
C064397,4168.56,Loyal,0.02,83.37
C092431,245.16,New,0.34,83.35
C050690,8334.81,VIP,0.01,83.35
C060010,138.85,Returning,0.6,83.31
C042546,134.33,VIP,0.62,83.28
C045984,86.74,VIP,0.96,83.27
C083990,2774.5,Loyal,0.03,83.24
C032134,2773.54,New,0.03,83.21
C066158,4160.49,Returning,0.02,83.21
C079434,4159.99,New,0.02,83.2
C045515,2773.27,Loyal,0.03,83.2
C088946,84.03,Loyal,0.99,83.19
C030024,1662.95,Loyal,0.05,83.15
C030722,1385.7,VIP,0.06,83.14
C043385,117.08,VIP,0.71,83.13
C073112,692.61,Loyal,0.12,83.11
C091339,1660.82,New,0.05,83.04
C087658,2075.29,New,0.04,83.01
C012979,8297.38,Returning,0.01,82.97
C002938,1659.41,VIP,0.05,82.97
C036194,4147.46,Loyal,0.02,82.95
C090233,120.16,Returning,0.69,82.91
C017742,1381.66,Returning,0.06,82.9
C078439,1035.78,New,0.08,82.86
C062763,8285.6,VIP,0.01,82.86
C052125,2759.07,VIP,0.03,82.77
C063219,8272.89,New,0.01,82.73
C002732,4135.88,New,0.02,82.72
C095124,131.29,Loyal,0.63,82.71
C047609,2066.5,Returning,0.04,82.66
C073505,84.34,New,0.98,82.65
C083013,1652.1,New,0.05,82.6
C093065,634.87,New,0.13,82.53
C019444,2061.58,VIP,0.04,82.46
C046151,1646.68,Returning,0.05,82.33
C060876,2744.34,Loyal,0.03,82.33
C064530,1176.19,Loyal,0.07,82.33
C070846,822.81,Returning,0.1,82.28
C080846,684.94,VIP,0.12,82.19
C085792,2054.3,New,0.04,82.17
C021175,1173.6,Returning,0.07,82.15
C083159,82.86,Returning,0.99,82.03
C024034,2733.26,VIP,0.03,82.0
C009923,4099.99,New,0.02,82.0
C015885,1171.48,VIP,0.07,82.0
C033384,92.14,Returning,0.89,82.0
C095353,8198.54,New,0.01,81.99
C053671,2733.05,New,0.03,81.99
C086163,585.23,Returning,0.14,81.93
C083540,2048.07,Loyal,0.04,81.92
C082140,2046.93,Loyal,0.04,81.88
C018387,744.27,Returning,0.11,81.87
C094054,86.07,Returning,0.95,81.77
C075392,173.95,New,0.47,81.76
C013952,8171.45,Loyal,0.01,81.71
C026719,82.36,Returning,0.99,81.54
C091996,159.87,Loyal,0.51,81.53
C090553,627.0,New,0.13,81.51
C053300,169.74,Returning,0.48,81.48
C007719,2716.16,Loyal,0.03,81.48
C008581,1163.39,Loyal,0.07,81.44
C059039,1628.28,Returning,0.05,81.41
C023740,99.26,New,0.82,81.39
C067591,87.47,Returning,0.93,81.35
C018192,84.73,New,0.96,81.34
C089071,8134.29,New,0.01,81.34
C079426,162.64,Loyal,0.5,81.32
C092813,271.05,VIP,0.3,81.32
C026830,169.38,Loyal,0.48,81.3
C058323,82.08,New,0.99,81.26
C094624,1353.73,Returning,0.06,81.22
C066760,2029.98,Returning,0.04,81.2
C088703,2029.67,VIP,0.04,81.19
C068244,676.39,Returning,0.12,81.17
C074026,901.0,New,0.09,81.09
C087708,225.23,Loyal,0.36,81.08
C030096,2702.44,Loyal,0.03,81.07
C043818,4053.54,VIP,0.02,81.07
C065770,1013.15,Loyal,0.08,81.05
C005680,120.89,Returning,0.67,81.0
C051009,4047.78,Returning,0.02,80.96
C091944,367.86,Loyal,0.22,80.93
C073387,4043.87,Loyal,0.02,80.88
C014683,2695.65,Loyal,0.03,80.87
C031795,385.05,Returning,0.21,80.86
C060780,1347.08,New,0.06,80.82
C016370,2693.31,New,0.03,80.8
C093658,2019.8,Returning,0.04,80.79
C054725,183.59,VIP,0.44,80.78
C092036,212.51,Returning,0.38,80.75
C008519,322.83,Loyal,0.25,80.71
C075922,2690.42,VIP,0.03,80.71
C035620,2688.49,Returning,0.03,80.65
C081967,4032.07,VIP,0.02,80.64
C084464,81.43,VIP,0.99,80.62
C066489,93.66,Loyal,0.86,80.55
C066867,82.08,Returning,0.98,80.44
C002494,2681.13,VIP,0.03,80.43
C075430,2680.21,New,0.03,80.41
C026595,87.39,Loyal,0.92,80.4
C016538,2008.02,New,0.04,80.32
C093244,2007.43,VIP,0.04,80.3
C009378,891.55,VIP,0.09,80.24
C077081,2005.66,New,0.04,80.23
C007749,2671.7,New,0.03,80.15
C031119,572.32,New,0.14,80.12
C009673,4002.27,New,0.02,80.05
C061871,8004.63,New,0.01,80.05
C091605,380.98,New,0.21,80.01
C047271,615.49,Returning,0.13,80.01
C063406,1599.95,New,0.05,80.0
C018556,210.43,Loyal,0.38,79.96
C018949,7992.87,VIP,0.01,79.93
C015757,2663.8,Returning,0.03,79.91
C028316,275.38,Loyal,0.29,79.86
C070461,570.31,Returning,0.14,79.84
C047475,7981.12,VIP,0.01,79.81
C056476,997.09,Returning,0.08,79.77
C044000,996.71,VIP,0.08,79.74
C010242,2654.05,New,0.03,79.62
C077810,3973.24,VIP,0.02,79.46
C098469,1588.39,Loyal,0.05,79.42
C087445,1134.22,New,0.07,79.4
C088174,134.56,Returning,0.59,79.39
C033637,305.18,VIP,0.26,79.35
C019072,377.7,Returning,0.21,79.32
C025232,2643.46,VIP,0.03,79.3
C057189,84.33,New,0.94,79.27
C042357,990.51,Returning,0.08,79.24
C086175,2640.67,VIP,0.03,79.22
C039875,1584.31,Loyal,0.05,79.22
C091424,1979.48,New,0.04,79.18
C089404,329.71,Returning,0.24,79.13
C090308,282.55,New,0.28,79.11
C011178,1581.71,VIP,0.05,79.09
C052070,1976.85,Loyal,0.04,79.07
C083782,213.66,VIP,0.37,79.05
C016328,282.27,New,0.28,79.04
C066340,789.9,Loyal,0.1,78.99
C060067,7899.46,VIP,0.01,78.99
C009274,192.51,VIP,0.41,78.93
C025755,464.08,Returning,0.17,78.89
C049687,3943.87,Returning,0.02,78.88
C048933,78.88,Returning,1.0,78.88
C040940,3943.4,Returning,0.02,78.87
C010308,80.47,New,0.98,78.86
C036403,85.71,Loyal,0.92,78.85
C013074,183.23,New,0.43,78.79
C095457,342.35,New,0.23,78.74
C052912,78.73,Loyal,1.0,78.73
C068464,79.52,Returning,0.99,78.72
C015622,201.78,Returning,0.39,78.69
C042073,413.71,VIP,0.19,78.6
C012890,1122.46,New,0.07,78.57
C068181,1122.26,VIP,0.07,78.56
C082168,90.26,New,0.87,78.53
C053254,7851.28,New,0.01,78.51
C078369,1569.98,VIP,0.05,78.5
C035594,2612.63,Loyal,0.03,78.38
C070798,86.13,Returning,0.91,78.38
C076669,79.93,New,0.98,78.33
C077382,79.9,VIP,0.98,78.3
C060199,279.59,New,0.28,78.29
C009556,85.1,New,0.92,78.29
C017849,1565.55,Returning,0.05,78.28
C098531,1563.94,VIP,0.05,78.2
C019592,1301.84,New,0.06,78.11
C075078,87.74,Loyal,0.89,78.09
C080700,83.06,New,0.94,78.08
C082089,79.66,New,0.98,78.07
C030131,2600.64,Returning,0.03,78.02
C000794,599.67,New,0.13,77.96
C069190,2598.36,Returning,0.03,77.95
C052194,311.55,New,0.25,77.89
C085820,1946.13,Returning,0.04,77.85
C005865,299.43,Loyal,0.26,77.85
C010502,1111.98,Returning,0.07,77.84
C044179,7775.21,Loyal,0.01,77.75
C059401,7774.35,Loyal,0.01,77.74
C082238,7771.32,Loyal,0.01,77.71
C046364,647.62,VIP,0.12,77.71
C027582,258.69,New,0.3,77.61
C084886,80.83,Returning,0.96,77.6
C061153,646.57,Returning,0.12,77.59
C028324,79.99,VIP,0.97,77.59
C003199,78.35,Returning,0.99,77.57
C048943,7757.47,Returning,0.01,77.57
C081065,78.32,VIP,0.99,77.54
C049473,79.94,Loyal,0.97,77.54
C063774,2582.66,VIP,0.03,77.48
C096661,3873.94,Loyal,0.02,77.48
C095332,3871.84,New,0.02,77.44
C025044,1933.27,VIP,0.04,77.33
C091415,1933.1,Loyal,0.04,77.32
C038241,309.03,Loyal,0.25,77.26
C072120,1545.08,New,0.05,77.25
C025085,2572.93,Returning,0.03,77.19
C022222,1285.51,Loyal,0.06,77.13
C019661,2570.25,Returning,0.03,77.11
C057119,7708.75,Returning,0.01,77.09
C023810,592.87,New,0.13,77.07
C065100,1540.67,Returning,0.05,77.03
C024800,2566.83,Returning,0.03,77.0
C086394,111.58,VIP,0.69,76.99
C089940,307.89,Loyal,0.25,76.97
C088889,3846.36,New,0.02,76.93
C039046,3844.16,Returning,0.02,76.88
C035929,7682.94,VIP,0.01,76.83
C085653,2560.78,VIP,0.03,76.82
C086111,3840.23,New,0.02,76.8
C083405,959.95,Loyal,0.08,76.8
C081998,2559.04,New,0.03,76.77
C093667,7676.14,Returning,0.01,76.76
C094622,264.61,New,0.29,76.74
C069453,2556.1,New,0.03,76.68
C032270,3833.27,Loyal,0.02,76.67
C044300,84.25,VIP,0.91,76.67
C063603,2555.39,Loyal,0.03,76.66
C036240,851.4,VIP,0.09,76.63
C054373,7658.76,Loyal,0.01,76.59
C025297,77.35,New,0.99,76.58
C034287,150.13,VIP,0.51,76.57
C091547,78.07,New,0.98,76.51
C045012,509.86,New,0.15,76.48
C087009,1092.4,New,0.07,76.47
C096865,107.63,VIP,0.71,76.42
C096220,7638.01,New,0.01,76.38
C037763,1908.44,Loyal,0.04,76.34
C089093,238.47,New,0.32,76.31
C077829,77.06,VIP,0.99,76.29
C010367,1525.79,Loyal,0.05,76.29
C062305,2542.41,Loyal,0.03,76.27
C045235,1906.33,Loyal,0.04,76.25
C099185,1270.19,Loyal,0.06,76.21
C044151,3809.91,New,0.02,76.2
C048858,102.94,Returning,0.74,76.18
C074642,7613.18,VIP,0.01,76.13
C054855,7610.85,VIP,0.01,76.11
C070429,2535.67,New,0.03,76.07
C050726,89.47,Returning,0.85,76.05
C086595,100.04,Returning,0.76,76.03
C053142,185.41,New,0.41,76.02
C016332,7600.41,VIP,0.01,76.0
C036315,3799.33,VIP,0.02,75.99
C073822,844.08,New,0.09,75.97
C005003,1265.95,New,0.06,75.96
C002232,77.48,Loyal,0.98,75.93
C093793,76.7,New,0.99,75.93
C081431,3795.86,VIP,0.02,75.92
C087642,1895.58,Loyal,0.04,75.82
C070138,3790.23,Loyal,0.02,75.8
C069228,184.7,VIP,0.41,75.73
C072476,157.49,Loyal,0.48,75.6
C035347,142.64,Loyal,0.53,75.6
C043324,78.71,New,0.96,75.56
C033114,76.31,VIP,0.99,75.55
C037838,755.5,Returning,0.1,75.55
C030714,419.67,Loyal,0.18,75.54
C088094,2516.75,New,0.03,75.5
C053936,2515.63,VIP,0.03,75.47
C079520,838.19,VIP,0.09,75.44
C081488,2513.61,Loyal,0.03,75.41
C068850,1077.08,Returning,0.07,75.4
C038728,7534.58,Loyal,0.01,75.35
C012201,84.64,New,0.89,75.33
C016169,198.24,Returning,0.38,75.33
C047218,1254.19,Loyal,0.06,75.25
C065357,939.65,Returning,0.08,75.17
C074430,75.16,VIP,1.0,75.16
C000370,313.02,Loyal,0.24,75.12
C014274,85.32,Returning,0.88,75.08
C072686,1501.52,Loyal,0.05,75.08
C008664,750.62,VIP,0.1,75.06
C027666,3752.03,New,0.02,75.04
C017600,1500.19,Loyal,0.05,75.01
C058573,299.95,New,0.25,74.99
C014806,1874.35,VIP,0.04,74.97
C024656,3747.4,New,0.02,74.95
C027613,749.24,VIP,0.1,74.92
C028525,2495.92,Loyal,0.03,74.88
C060416,2495.47,Returning,0.03,74.86
C074583,7486.47,Loyal,0.01,74.86
C094558,3741.68,Returning,0.02,74.83
C060173,162.62,Returning,0.46,74.81
C025270,7474.64,New,0.01,74.75
C017038,3734.23,VIP,0.02,74.68
C090429,7467.91,Loyal,0.01,74.68
C053531,3731.83,Loyal,0.02,74.64
C017571,7463.49,Loyal,0.01,74.63
C076027,3726.8,New,0.02,74.54
C032465,297.37,VIP,0.25,74.34
C014155,7428.85,Returning,0.01,74.29
C012504,1237.07,VIP,0.06,74.22
C052451,74.94,New,0.99,74.19
C023538,926.31,VIP,0.08,74.1
C087320,370.51,Loyal,0.2,74.1
C022362,264.4,Returning,0.28,74.03
C045283,7401.71,Returning,0.01,74.02
C062687,924.6,VIP,0.08,73.97
C029537,77.03,New,0.96,73.95
C077652,76.89,New,0.96,73.81
C075633,1476.18,New,0.05,73.81
C021617,2460.05,VIP,0.03,73.8
C078602,7373.05,Loyal,0.01,73.73
C054728,614.08,VIP,0.12,73.69
C075692,1473.06,Loyal,0.05,73.65
C087829,129.14,Returning,0.57,73.61
C088332,350.44,Returning,0.21,73.59
C079777,7359.35,Loyal,0.01,73.59
C012548,1050.68,Loyal,0.07,73.55
C004109,95.5,Loyal,0.77,73.54
C009044,817.05,New,0.09,73.53
C095166,2449.68,VIP,0.03,73.49
C020453,816.39,VIP,0.09,73.48
C076551,75.75,VIP,0.97,73.48
C099944,282.41,Loyal,0.26,73.43
C012660,7334.02,New,0.01,73.34
C033107,7331.42,VIP,0.01,73.31
C031701,74.77,Loyal,0.98,73.27
C003271,1831.77,Loyal,0.04,73.27
C093365,3658.48,Returning,0.02,73.17
C020691,82.15,Returning,0.89,73.11
C036857,132.85,Loyal,0.55,73.07
C033253,2434.01,New,0.03,73.02
C086373,2433.81,Returning,0.03,73.01
C046744,912.62,Loyal,0.08,73.01
C081103,3650.28,Loyal,0.02,73.01
C058666,810.97,Returning,0.09,72.99
C064477,2432.72,Returning,0.03,72.98
C030501,128.0,VIP,0.57,72.96
C091399,3642.83,VIP,0.02,72.86
C092076,7277.89,Returning,0.01,72.78
C090521,3639.1,New,0.02,72.78
C088702,7276.6,VIP,0.01,72.77
C033682,908.85,VIP,0.08,72.71
C052584,98.21,Returning,0.74,72.68
C004108,726.79,New,0.1,72.68
C055347,3629.13,VIP,0.02,72.58
C079913,2419.39,Returning,0.03,72.58
C080699,1451.49,VIP,0.05,72.57
C052499,345.5,VIP,0.21,72.55
C066101,74.78,New,0.97,72.54
C026450,483.33,Returning,0.15,72.5
C096591,1812.42,Returning,0.04,72.5
C049553,906.11,Loyal,0.08,72.49
C017806,2415.08,Returning,0.03,72.45
C038535,7239.9,New,0.01,72.4
C014337,7239.39,VIP,0.01,72.39
C069470,7237.66,Returning,0.01,72.38
C049790,73.09,Returning,0.99,72.36
C067548,75.33,Returning,0.96,72.32
C017527,109.4,New,0.66,72.2
C088990,801.61,Returning,0.09,72.14
C023918,171.77,Loyal,0.42,72.14
C036378,1803.23,Returning,0.04,72.13
C077984,3605.61,VIP,0.02,72.11
C039270,84.82,VIP,0.85,72.1
C044137,480.4,VIP,0.15,72.06
C058951,599.95,New,0.12,71.99
C070108,146.9,VIP,0.49,71.98
C052507,73.4,Loyal,0.98,71.93
C092308,1438.69,Returning,0.05,71.93
C092833,119.86,VIP,0.6,71.92
C047556,3595.52,VIP,0.02,71.91
C028793,149.79,New,0.48,71.9
C003708,2394.49,Returning,0.03,71.83
C032703,2394.02,VIP,0.03,71.82
C004520,149.51,VIP,0.48,71.76
C047345,717.65,VIP,0.1,71.76
C092365,7170.82,Loyal,0.01,71.71
C032376,1433.91,VIP,0.05,71.7
C053778,596.62,New,0.12,71.59
C076857,2384.64,New,0.03,71.54
C089435,715.24,Loyal,0.1,71.52
C003657,1429.91,VIP,0.05,71.5
C001831,714.96,Returning,0.1,71.5
C025536,397.24,New,0.18,71.5
C048091,7149.57,Loyal,0.01,71.5
C073838,2381.68,Returning,0.03,71.45
C002392,649.45,New,0.11,71.44
C039775,1784.4,New,0.04,71.38
C014071,104.97,VIP,0.68,71.38
C016950,89.21,Returning,0.8,71.37
C061615,3567.68,New,0.02,71.35
C070803,7131.61,Returning,0.01,71.32
C057622,3565.27,Returning,0.02,71.31
C016521,3564.86,Loyal,0.02,71.3
C013882,72.01,Returning,0.99,71.29
C015986,139.73,New,0.51,71.26
C027422,263.93,Returning,0.27,71.26
C012043,76.39,Returning,0.93,71.04
C048298,73.99,New,0.96,71.03
C099244,2367.05,New,0.03,71.01
C086724,2363.25,New,0.03,70.9
C037360,7087.06,New,0.01,70.87
C047986,322.0,Loyal,0.22,70.84
C036888,73.74,VIP,0.96,70.79
C044296,471.7,Loyal,0.15,70.76
C026487,2358.48,VIP,0.03,70.75
C064566,72.91,VIP,0.97,70.72
C033736,1766.15,VIP,0.04,70.65
C031720,103.9,New,0.68,70.65
C014973,7061.48,New,0.01,70.61
C037341,72.0,New,0.98,70.56
C000884,7055.13,New,0.01,70.55
C054443,2351.05,Loyal,0.03,70.53
C042570,2350.54,VIP,0.03,70.52
C005978,1762.65,New,0.04,70.51
C000803,1762.77,VIP,0.04,70.51
C020098,7046.18,Returning,0.01,70.46
C015445,74.17,New,0.95,70.46
C090268,3516.63,Returning,0.02,70.33
C054832,702.5,Loyal,0.1,70.25
C087191,1755.25,VIP,0.04,70.21
C006946,2338.83,Returning,0.03,70.16
C019598,584.43,Loyal,0.12,70.13
C069432,3505.62,New,0.02,70.11
C018887,7009.34,Loyal,0.01,70.09
C022783,81.48,New,0.86,70.07
C055261,98.64,VIP,0.71,70.03
C086814,73.69,Loyal,0.95,70.01
C095993,2331.64,Returning,0.03,69.95
C046392,6992.16,VIP,0.01,69.92
C047934,3495.55,Loyal,0.02,69.91
C004812,3495.04,Returning,0.02,69.9
C021783,1746.12,VIP,0.04,69.84
C085728,102.71,VIP,0.68,69.84
C086168,6982.59,VIP,0.01,69.83
C007014,1162.72,Loyal,0.06,69.76
C080175,124.47,VIP,0.56,69.7
C075290,2321.9,Loyal,0.03,69.66
C029065,331.59,Returning,0.21,69.63
C023801,1160.27,VIP,0.06,69.62
C070908,632.67,Returning,0.11,69.59
C065903,3477.66,Loyal,0.02,69.55
C071789,6953.68,Loyal,0.01,69.54
C007479,1737.33,New,0.04,69.49
C047926,2313.96,VIP,0.03,69.42
C041798,991.64,Returning,0.07,69.41
C048942,2310.75,Returning,0.03,69.32
C012789,1386.12,Returning,0.05,69.31
C084301,2310.0,New,0.03,69.3
C087662,6922.4,Returning,0.01,69.22
C017854,73.63,New,0.94,69.21
C076322,769.04,Returning,0.09,69.21
C015123,6915.31,Returning,0.01,69.15
C038392,119.21,Loyal,0.58,69.14
C001156,6912.62,VIP,0.01,69.13
C008590,3455.93,Loyal,0.02,69.12
C056868,157.02,Loyal,0.44,69.09
C091625,2303.14,VIP,0.03,69.09
C021908,3454.0,New,0.02,69.08
C017800,3453.1,New,0.02,69.06
C097347,767.14,Loyal,0.09,69.04
C059781,766.67,Returning,0.09,69.0
C015280,2299.71,New,0.03,68.99
C000774,492.8,VIP,0.14,68.99
C084373,164.15,New,0.42,68.94
C066639,983.97,New,0.07,68.88
C060366,3442.56,New,0.02,68.85
C046576,99.78,Loyal,0.69,68.85
C099149,71.7,VIP,0.96,68.83
C024063,3437.73,Loyal,0.02,68.75
C036769,429.61,VIP,0.16,68.74
C068128,2290.27,New,0.03,68.71
C050621,429.3,VIP,0.16,68.69
C044369,70.78,Returning,0.97,68.66
C030421,3432.26,Returning,0.02,68.65
C079514,6863.62,VIP,0.01,68.64
C099216,70.76,New,0.97,68.64
C071412,3431.24,VIP,0.02,68.62
C050564,91.47,Returning,0.75,68.6
C072158,685.68,Loyal,0.1,68.57
C015579,72.16,VIP,0.95,68.55
C095579,69.23,Returning,0.99,68.54
C064593,2283.79,Returning,0.03,68.51
C096712,3422.93,Loyal,0.02,68.46
C099578,1711.17,Loyal,0.04,68.45
C096612,427.7,Returning,0.16,68.43
C082397,526.13,VIP,0.13,68.4
C023968,1710.12,New,0.04,68.4
C060300,759.63,Loyal,0.09,68.37
C020630,2278.37,VIP,0.03,68.35
C037647,1708.18,Loyal,0.04,68.33
C013392,1138.47,VIP,0.06,68.31
C079382,72.65,Returning,0.94,68.29
C000968,2275.98,New,0.03,68.28
C068225,2274.42,Loyal,0.03,68.23
C046801,3411.22,VIP,0.02,68.22
C094677,973.4,New,0.07,68.14
C056484,6812.96,Loyal,0.01,68.13
C018272,70.97,New,0.96,68.13
C002269,1362.06,Loyal,0.05,68.1
C027817,6809.89,VIP,0.01,68.1
C090279,78.25,New,0.87,68.08
C026984,1134.3,VIP,0.06,68.06
C055896,1699.73,Loyal,0.04,67.99
C077924,849.72,Returning,0.08,67.98
C094146,2265.91,New,0.03,67.98
C037941,6797.31,New,0.01,67.97
C010076,1132.84,Returning,0.06,67.97
C023691,6794.2,VIP,0.01,67.94
C020215,323.29,Returning,0.21,67.89
C003290,3389.78,New,0.02,67.8
C036434,6778.79,Loyal,0.01,67.79
C059314,69.1,VIP,0.98,67.72
C059746,69.06,Returning,0.98,67.68
C003239,70.5,Returning,0.96,67.68
C094442,398.02,Returning,0.17,67.66
C025362,281.87,Returning,0.24,67.65
C093523,3380.52,Loyal,0.02,67.61
C035408,68.96,Loyal,0.98,67.58
C017151,337.89,New,0.2,67.58
C002531,69.63,New,0.97,67.54
C032044,562.84,VIP,0.12,67.54
C013916,1688.33,Returning,0.04,67.53
C000040,1687.91,VIP,0.04,67.52
C016399,88.83,VIP,0.76,67.51
C038059,68.19,New,0.99,67.51
C085085,306.77,New,0.22,67.49
C074732,99.24,Loyal,0.68,67.48
C065560,6746.33,Returning,0.01,67.46
C004104,518.78,Returning,0.13,67.44
C076512,3370.31,Loyal,0.02,67.41
C022373,449.2,Loyal,0.15,67.38
C083455,449.13,Returning,0.15,67.37
C060865,6734.79,VIP,0.01,67.35
C044978,561.17,New,0.12,67.34
C067378,374.12,New,0.18,67.34
C041041,2244.42,VIP,0.03,67.33
C011372,1682.49,New,0.04,67.3
C046885,480.58,VIP,0.14,67.28
C015183,560.33,Returning,0.12,67.24
C099224,1680.15,New,0.04,67.21
C068365,68.58,Returning,0.98,67.21
C092737,395.23,Loyal,0.17,67.19
C002186,77.1,New,0.87,67.08
C014725,69.15,Loyal,0.97,67.08
C051759,3352.82,Loyal,0.02,67.06
C018347,72.84,Returning,0.92,67.01
C051995,372.16,Loyal,0.18,66.99
C092491,3347.84,Loyal,0.02,66.96
C081638,6695.13,VIP,0.01,66.95
C010844,2231.11,New,0.03,66.93
C067350,1338.21,VIP,0.05,66.91
C012529,1672.26,Loyal,0.04,66.89
C050951,3342.83,VIP,0.02,66.86
C065480,835.46,New,0.08,66.84
C070609,417.69,VIP,0.16,66.83
C022224,1667.79,VIP,0.04,66.71
C057668,833.64,New,0.08,66.69
C098566,1666.31,New,0.04,66.65
C068406,951.97,VIP,0.07,66.64
C084612,1665.72,VIP,0.04,66.63
C003952,1332.55,VIP,0.05,66.63
C005706,3327.0,New,0.02,66.54
C051389,71.48,New,0.93,66.48
C013100,67.11,Returning,0.99,66.44
C043760,1659.17,New,0.04,66.37
C071268,2212.23,VIP,0.03,66.37
C067529,663.13,VIP,0.1,66.31
C022521,1656.17,Loyal,0.04,66.25
C005983,68.28,VIP,0.97,66.23
C008230,3310.89,New,0.02,66.22
C058981,827.71,New,0.08,66.22
C086810,1655.37,VIP,0.04,66.21
C091814,827.4,Loyal,0.08,66.19
C088499,66.19,Returning,1.0,66.19
C075541,827.22,Returning,0.08,66.18
C098341,3307.3,VIP,0.02,66.15
C061706,3307.18,Loyal,0.02,66.14
C078365,68.15,New,0.97,66.11
C095160,367.3,Loyal,0.18,66.11
C096741,2203.64,Returning,0.03,66.11
C006236,3303.22,Returning,0.02,66.06
C085693,67.4,Returning,0.98,66.05
C088910,108.23,New,0.61,66.02
C009085,6590.55,VIP,0.01,65.91
C013706,263.54,Loyal,0.25,65.89
C049268,1097.37,Returning,0.06,65.84
C042351,506.47,Returning,0.13,65.84
C008752,3291.7,Returning,0.02,65.83
C031007,2193.5,VIP,0.03,65.8
C083554,3289.71,VIP,0.02,65.79
C038951,1644.22,Loyal,0.04,65.77
C012433,438.18,Loyal,0.15,65.73
C071507,730.2,Returning,0.09,65.72
C010571,656.95,New,0.1,65.7
C056947,1642.26,Returning,0.04,65.69
C066390,820.18,VIP,0.08,65.61
C028127,65.57,Returning,1.0,65.57
C060776,819.5,Loyal,0.08,65.56
C040342,66.86,Returning,0.98,65.52
C069876,436.73,New,0.15,65.51
C090818,148.72,Loyal,0.44,65.44
C002288,6538.72,Loyal,0.01,65.39
C092532,726.46,Returning,0.09,65.38
C026463,466.94,New,0.14,65.37
C069994,724.66,Returning,0.09,65.22
C052145,1629.9,VIP,0.04,65.2
C068371,74.09,Returning,0.88,65.2
C084962,66.47,VIP,0.98,65.14
C019733,382.8,Loyal,0.17,65.08
C059599,929.62,Returning,0.07,65.07
C024379,83.37,New,0.78,65.03
C063232,3250.35,Returning,0.02,65.01
C095773,127.47,VIP,0.51,65.01
C044491,590.67,VIP,0.11,64.97
C020062,927.16,Returning,0.07,64.9
C037990,65.52,Loyal,0.99,64.86
C077959,589.26,New,0.11,64.82
C067669,65.43,Loyal,0.99,64.78
C017591,1617.55,VIP,0.04,64.7
C084033,2156.42,Loyal,0.03,64.69
C079978,308.07,VIP,0.21,64.69
C032491,2154.81,Loyal,0.03,64.64
C035462,1615.77,VIP,0.04,64.63
C063523,3228.93,Returning,0.02,64.58
C083503,3224.37,New,0.02,64.49
C059251,1289.11,New,0.05,64.46
C029725,2146.64,VIP,0.03,64.4
C037493,67.07,VIP,0.96,64.39
C023122,3219.24,Loyal,0.02,64.38
C061639,3219.03,New,0.02,64.38
C042963,714.74,New,0.09,64.33
C085101,401.88,VIP,0.16,64.3
C043207,3214.59,New,0.02,64.29
C068853,82.39,New,0.78,64.26
C033377,2140.46,Returning,0.03,64.21
C043858,6418.62,New,0.01,64.19
C083715,86.54,Loyal,0.74,64.04
C070062,426.86,Returning,0.15,64.03
C027478,103.23,VIP,0.62,64.0
C036659,255.87,New,0.25,63.97
C020739,6395.33,VIP,0.01,63.95
C043188,67.3,VIP,0.95,63.93
C011708,6392.88,Loyal,0.01,63.93
C010775,6392.74,Loyal,0.01,63.93
C016823,92.63,VIP,0.69,63.91
C076562,709.84,Loyal,0.09,63.89
C054218,3193.0,Returning,0.02,63.86
C051267,277.67,Returning,0.23,63.86
C064940,3190.94,Returning,0.02,63.82
C054163,6379.7,Returning,0.01,63.8
C027785,3189.53,Returning,0.02,63.79
C088335,1594.48,New,0.04,63.78
C054786,6375.57,Returning,0.01,63.76
C026238,637.35,New,0.1,63.74
C086867,2122.57,New,0.03,63.68
C051680,64.97,VIP,0.98,63.67
C015322,424.22,New,0.15,63.63
C010181,795.11,Loyal,0.08,63.61
C046421,64.9,VIP,0.98,63.6
C070506,3179.21,Loyal,0.02,63.58
C046782,66.93,Returning,0.95,63.58
C006695,577.84,New,0.11,63.56
C009207,1059.0,VIP,0.06,63.54
C029343,423.37,New,0.15,63.51
C018904,705.58,New,0.09,63.5
C013800,234.99,VIP,0.27,63.45
C097915,105.73,Returning,0.6,63.44
C008892,3171.79,VIP,0.02,63.44
C063100,6341.27,VIP,0.01,63.41
C056282,704.51,New,0.09,63.41
C087749,3168.61,New,0.02,63.37
C001669,372.75,New,0.17,63.37
C026978,6334.94,Returning,0.01,63.35
C003998,3165.93,Loyal,0.02,63.32
C027250,65.28,Returning,0.97,63.32
C082332,3165.73,New,0.02,63.31
C083134,162.14,VIP,0.39,63.23
C024259,1263.92,Returning,0.05,63.2
C041551,1264.02,Loyal,0.05,63.2
C032577,64.41,Returning,0.98,63.12
C097438,3155.46,Loyal,0.02,63.11
C075564,69.34,VIP,0.91,63.1
C066963,788.67,VIP,0.08,63.09
C013915,242.64,VIP,0.26,63.09
C067417,485.25,VIP,0.13,63.08
C068120,1573.97,VIP,0.04,62.96
C069669,3143.19,New,0.02,62.86
C005861,2094.5,Returning,0.03,62.84
C058523,1570.4,New,0.04,62.82
C052549,3137.73,Returning,0.02,62.75
C017412,3133.26,Returning,0.02,62.67
C054192,2088.35,New,0.03,62.65
C036193,313.08,New,0.2,62.62
C054271,68.77,VIP,0.91,62.58
C038433,3128.85,Returning,0.02,62.58
C015344,156.4,VIP,0.4,62.56
C060225,1251.11,New,0.05,62.56
C033772,250.2,Returning,0.25,62.55
C031177,69.47,Loyal,0.9,62.52
C060056,65.12,Loyal,0.96,62.52
C070551,1041.36,Returning,0.06,62.48
C068017,2081.72,Returning,0.03,62.45
C022603,127.44,VIP,0.49,62.45
C038885,3121.49,VIP,0.02,62.43
C069896,2080.45,Loyal,0.03,62.41
C052652,64.96,VIP,0.96,62.36
C059563,90.37,Returning,0.69,62.36
C068565,65.63,New,0.95,62.35
C018839,415.33,VIP,0.15,62.3
C077026,1556.89,VIP,0.04,62.28
C004570,64.19,Loyal,0.97,62.26
C053469,3112.13,VIP,0.02,62.24
C018843,1555.42,New,0.04,62.22
C095558,2073.67,Returning,0.03,62.21
C083568,1555.24,New,0.04,62.21
C029054,887.81,Returning,0.07,62.15
C075620,2070.97,New,0.03,62.13
C071126,887.56,New,0.07,62.13
C020671,3106.27,New,0.02,62.13
C065595,887.33,New,0.07,62.11
C043179,310.36,Returning,0.2,62.07
C088382,3097.97,New,0.02,61.96
C052317,774.36,New,0.08,61.95
C050924,2064.68,VIP,0.03,61.94
C034151,884.9,VIP,0.07,61.94
C059542,247.51,New,0.25,61.88
C020382,6188.29,New,0.01,61.88
C044948,3093.72,Loyal,0.02,61.87
C037292,1545.98,Returning,0.04,61.84
C053574,2057.92,Returning,0.03,61.74
C000633,64.29,Loyal,0.96,61.72
C033022,3086.25,Returning,0.02,61.72
C077403,6171.39,VIP,0.01,61.71
C056835,2056.01,Returning,0.03,61.68
C065831,162.28,Loyal,0.38,61.67
C067339,1540.98,Returning,0.04,61.64
C096963,2054.14,New,0.03,61.62
C012054,2053.67,Returning,0.03,61.61
C022364,72.46,Returning,0.85,61.59
C095279,62.18,VIP,0.99,61.56
C053358,62.15,New,0.99,61.53
C031483,3073.87,VIP,0.02,61.48
C094132,2048.92,VIP,0.03,61.47
C023693,78.81,Loyal,0.78,61.47
C085896,1228.16,Returning,0.05,61.41
C085699,2045.54,VIP,0.03,61.37
C011500,1534.0,VIP,0.04,61.36
C018955,2044.17,Returning,0.03,61.33
C024142,65.89,Loyal,0.93,61.28
C092407,1225.62,New,0.05,61.28
C089381,382.96,New,0.16,61.27
C010875,322.27,Loyal,0.19,61.23
C032320,255.07,New,0.24,61.22
C066072,3061.03,New,0.02,61.22
C069368,1019.19,VIP,0.06,61.15
C038094,3056.6,New,0.02,61.13
C081772,1018.21,Returning,0.06,61.09
C055143,3051.58,VIP,0.02,61.03
C075815,1524.71,New,0.04,60.99
C027054,320.94,VIP,0.19,60.98
C092568,243.66,VIP,0.25,60.92
C041327,870.14,Loyal,0.07,60.91
C036530,62.72,Returning,0.97,60.84
C027965,63.33,New,0.96,60.8
C005891,2025.94,New,0.03,60.78
C084626,263.9,New,0.23,60.7
C053230,3034.98,New,0.02,60.7
C053917,1213.98,New,0.05,60.7
C055081,505.71,New,0.12,60.69
C091368,356.93,Loyal,0.17,60.68
C057934,1213.01,New,0.05,60.65
C063609,1516.16,New,0.04,60.65
C096276,65.91,Loyal,0.92,60.64
C005267,1010.45,New,0.06,60.63
C083629,1211.19,VIP,0.05,60.56
C032707,864.93,VIP,0.07,60.55
C022528,71.24,Returning,0.85,60.55
C054353,1513.08,Returning,0.04,60.52
C002743,1008.66,Loyal,0.06,60.52
C024910,3024.93,Loyal,0.02,60.5
C079560,1512.31,Returning,0.04,60.49
C047558,62.31,Loyal,0.97,60.44
C032731,1006.75,Returning,0.06,60.4
C076732,754.97,New,0.08,60.4
C013191,3018.32,VIP,0.02,60.37
C089328,862.0,VIP,0.07,60.34
C049533,62.82,Loyal,0.96,60.31
C001204,6030.44,Returning,0.01,60.3
C028786,602.65,Returning,0.1,60.26
C077290,60.83,Loyal,0.99,60.22
C007449,1505.05,Returning,0.04,60.2
C063055,177.02,Loyal,0.34,60.19
C034922,6019.43,Returning,0.01,60.19
C089798,334.36,VIP,0.18,60.18
C081649,2005.61,Returning,0.03,60.17
C026996,105.51,Loyal,0.57,60.14
C055629,3006.15,VIP,0.02,60.12
C093192,1503.0,New,0.04,60.12
C074282,3006.07,Returning,0.02,60.12
C068221,6010.28,VIP,0.01,60.1
C066366,3001.72,Returning,0.02,60.03
C042433,6001.9,Loyal,0.01,60.02
C099564,600.1,New,0.1,60.01
C093169,1199.04,VIP,0.05,59.95
C005325,61.77,New,0.97,59.92
C038490,1997.31,Returning,0.03,59.92
C096408,1497.79,Returning,0.04,59.91
C070072,1997.04,VIP,0.03,59.91
C037734,1197.92,Returning,0.05,59.9
C096892,5988.94,Loyal,0.01,59.89
C038595,2993.56,VIP,0.02,59.87
C045394,1991.59,Returning,0.03,59.75
C030419,64.92,New,0.92,59.73
C097666,62.84,Returning,0.95,59.7
C022765,1491.31,Returning,0.04,59.65
C027068,851.77,Returning,0.07,59.62
C026107,5959.23,Returning,0.01,59.59
C070008,114.54,VIP,0.52,59.56
C074369,1983.57,VIP,0.03,59.51
C072599,69.99,Loyal,0.85,59.49
C073909,62.58,VIP,0.95,59.45
C015663,495.17,VIP,0.12,59.42
C004991,60.02,New,0.99,59.42
C042792,1484.74,Loyal,0.04,59.39
C069005,1187.47,Returning,0.05,59.37
C020951,1483.94,Loyal,0.04,59.36
C028266,5933.62,Loyal,0.01,59.34
C041067,5927.21,New,0.01,59.27
C038000,126.06,Returning,0.47,59.25
C088464,1974.34,Returning,0.03,59.23
C006460,2960.13,VIP,0.02,59.2
C042481,657.47,New,0.09,59.17
C050390,1971.58,Returning,0.03,59.15
C028412,591.35,Loyal,0.1,59.14
C075253,369.39,New,0.16,59.1
C024247,67.9,VIP,0.87,59.07
C011855,843.53,Loyal,0.07,59.05
C037780,1967.39,Returning,0.03,59.02
C053526,1967.06,Returning,0.03,59.01
C071640,5898.08,Loyal,0.01,58.98
C035708,393.17,Returning,0.15,58.98
C023210,5894.65,New,0.01,58.95
C001078,267.88,Loyal,0.22,58.93
C037732,589.02,Returning,0.1,58.9
C093819,2944.5,Returning,0.02,58.89
C049529,2941.26,Returning,0.02,58.83
C049441,980.41,Loyal,0.06,58.82
C097153,735.11,New,0.08,58.81
C092169,452.12,Loyal,0.13,58.78
C083781,734.26,Loyal,0.08,58.74
C007340,733.62,VIP,0.08,58.69
C068630,977.95,Returning,0.06,58.68
C037245,977.67,Loyal,0.06,58.66
C030391,77.12,Returning,0.76,58.61
C024267,1463.75,VIP,0.04,58.55
C029709,62.95,Loyal,0.93,58.54
C038869,208.68,Returning,0.28,58.43
C073465,77.85,VIP,0.75,58.39
C016422,5837.3,Returning,0.01,58.37
C048591,2918.59,Returning,0.02,58.37
C095405,5835.01,Loyal,0.01,58.35
C002609,110.07,VIP,0.53,58.34
C086053,583.24,Returning,0.1,58.32
C073094,1943.79,New,0.03,58.31
C067305,1941.83,VIP,0.03,58.25
C081912,59.43,Loyal,0.98,58.24
C081818,363.73,VIP,0.16,58.2
C070617,2910.02,New,0.02,58.2
C078203,2909.49,Returning,0.02,58.19
C025975,107.75,New,0.54,58.18
C092106,2908.47,Loyal,0.02,58.17
C049399,2906.46,Loyal,0.02,58.13
C027508,5810.49,Returning,0.01,58.1
C077878,967.99,Returning,0.06,58.08
C076076,1451.77,New,0.04,58.07
C048400,1160.92,Loyal,0.05,58.05
C070629,80.57,VIP,0.72,58.01
C082256,1933.18,Loyal,0.03,58.0
C029044,386.57,Returning,0.15,57.99
C015845,62.34,VIP,0.93,57.98
C066935,304.91,VIP,0.19,57.93
C085517,2894.09,Loyal,0.02,57.88
C099219,722.96,New,0.08,57.84
C070056,723.06,VIP,0.08,57.84
C047529,525.72,Loyal,0.11,57.83
C094113,1927.05,New,0.03,57.81
C062938,156.22,Returning,0.37,57.8
C062690,134.43,VIP,0.43,57.8
C060122,59.59,New,0.97,57.8
C045757,825.08,Loyal,0.07,57.76
C054553,1924.36,New,0.03,57.73
C074372,148.01,VIP,0.39,57.72
C012473,288.43,VIP,0.2,57.69
C028488,1441.57,Returning,0.04,57.66
C042222,443.54,VIP,0.13,57.66
C066722,5763.38,New,0.01,57.63
C078838,823.07,Returning,0.07,57.61
C040401,2880.56,Loyal,0.02,57.61
C062941,5760.26,VIP,0.01,57.6
C007434,2873.95,New,0.02,57.48
C001319,74.58,VIP,0.77,57.43
C080850,205.0,Loyal,0.28,57.4
C048616,1913.3,Loyal,0.03,57.4
C056597,1909.27,VIP,0.03,57.28
C088362,5727.82,New,0.01,57.28
C022176,2863.13,New,0.02,57.26
C019483,60.26,New,0.95,57.25
C005513,1907.95,New,0.03,57.24
C064651,715.24,Returning,0.08,57.22
C092898,817.0,VIP,0.07,57.19
C019738,816.14,Returning,0.07,57.13
C014039,2856.38,VIP,0.02,57.13
C095261,1902.58,Returning,0.03,57.08
C084137,5705.69,VIP,0.01,57.06
C041910,5703.82,Loyal,0.01,57.04
C055822,2851.18,Returning,0.02,57.02
C092896,316.17,Returning,0.18,56.91
C066711,1137.72,New,0.05,56.89
C022495,2844.43,Returning,0.02,56.89
C059162,568.31,VIP,0.1,56.83
C052709,811.65,Returning,0.07,56.82
C098704,2838.66,Loyal,0.02,56.77
C091833,2838.25,VIP,0.02,56.76
C013753,57.3,VIP,0.99,56.73
C078915,105.05,Loyal,0.54,56.73
C050187,809.55,Returning,0.07,56.67
C001257,1888.84,VIP,0.03,56.67
C059693,1888.08,Returning,0.03,56.64
C006331,514.53,VIP,0.11,56.6
C029980,2829.24,VIP,0.02,56.58
C021455,707.07,Returning,0.08,56.57
C056375,2826.16,Returning,0.02,56.52
C032666,269.13,Loyal,0.21,56.52
C081480,5649.2,VIP,0.01,56.49
C098555,2823.59,VIP,0.02,56.47
C054895,61.35,Returning,0.92,56.44
C068527,434.01,Loyal,0.13,56.42
C064372,433.89,New,0.13,56.41
C088621,1127.97,Loyal,0.05,56.4
C084930,2818.95,New,0.02,56.38
C087876,268.46,New,0.21,56.38
C039977,2817.25,Returning,0.02,56.34
C036971,625.75,Loyal,0.09,56.32
C069608,375.4,Returning,0.15,56.31
C077765,194.08,New,0.29,56.28
C013947,2813.52,Loyal,0.02,56.27
C083451,57.4,Returning,0.98,56.25
C023562,803.62,Returning,0.07,56.25
C093982,5619.91,Loyal,0.01,56.2
C075188,2806.52,Loyal,0.02,56.13
C015903,623.34,Returning,0.09,56.1
C004082,2805.08,VIP,0.02,56.1
C003113,57.8,VIP,0.97,56.07
C037153,400.5,New,0.14,56.07
C099992,1868.5,New,0.03,56.06
C093048,87.59,Loyal,0.64,56.06
C003681,467.18,New,0.12,56.06
C094851,69.2,VIP,0.81,56.05
C054344,5605.37,VIP,0.01,56.05
C038950,57.76,Loyal,0.97,56.03
C050008,560.27,New,0.1,56.03
C092755,800.17,Loyal,0.07,56.01
C044879,57.74,Returning,0.97,56.01
C093774,147.26,Loyal,0.38,55.96
C094227,2795.64,New,0.02,55.91
C023673,5590.37,VIP,0.01,55.9
C033500,58.83,Loyal,0.95,55.89
C035333,698.4,New,0.08,55.87
C038182,5586.84,New,0.01,55.87
C006570,1396.74,VIP,0.04,55.87
C000411,5583.35,VIP,0.01,55.83
C066083,1859.06,Returning,0.03,55.77
C079139,2787.53,VIP,0.02,55.75
C012525,5575.45,VIP,0.01,55.75
C010165,696.79,VIP,0.08,55.74
C029356,123.81,Loyal,0.45,55.71
C030924,1857.01,Returning,0.03,55.71
C027228,91.26,VIP,0.61,55.67
C079682,2783.12,VIP,0.02,55.66
C025143,617.73,Loyal,0.09,55.6
C024387,57.3,Loyal,0.97,55.58
C038712,198.48,VIP,0.28,55.57
C001911,5548.65,Loyal,0.01,55.49
C003118,792.54,New,0.07,55.48
C001571,59.0,VIP,0.94,55.46
C071915,5544.43,Loyal,0.01,55.44
C033839,5541.85,VIP,0.01,55.42
C041157,58.88,Loyal,0.94,55.35
C000162,1383.05,Loyal,0.04,55.32
C064143,1843.7,Loyal,0.03,55.31
C093704,5516.44,Loyal,0.01,55.16
C074518,1377.85,Returning,0.04,55.11
C022781,5511.25,Returning,0.01,55.11
C078172,289.98,Loyal,0.19,55.1
C026622,1834.25,Loyal,0.03,55.03
C058344,687.02,Loyal,0.08,54.96
C026121,261.7,Loyal,0.21,54.96
C048260,686.47,New,0.08,54.92
C049540,133.91,Loyal,0.41,54.9
C021166,57.16,Loyal,0.96,54.87
C074580,58.96,Returning,0.93,54.83
C021942,685.15,Loyal,0.08,54.81
C061308,913.45,New,0.06,54.81
C073142,342.27,Returning,0.16,54.76
C021290,1095.28,New,0.05,54.76
C070109,55.3,New,0.99,54.75
C034861,2737.66,New,0.02,54.75
C081042,781.82,Loyal,0.07,54.73
C076149,5472.33,VIP,0.01,54.72
C080795,911.45,VIP,0.06,54.69
C068294,1366.83,New,0.04,54.67
C023423,1821.95,Loyal,0.03,54.66
C016368,2730.75,New,0.02,54.62
C025024,55.16,New,0.99,54.61
C049047,55.16,Returning,0.99,54.61
C034654,85.23,Loyal,0.64,54.55
C039144,259.72,VIP,0.21,54.54
C089926,1817.25,Returning,0.03,54.52
C089344,1817.41,Returning,0.03,54.52
C050075,2724.87,VIP,0.02,54.5
C097042,778.02,Loyal,0.07,54.46
C001170,1359.85,New,0.04,54.39
C055672,5435.6,Loyal,0.01,54.36
C021116,339.68,Returning,0.16,54.35
C021429,776.44,New,0.07,54.35
C064305,5432.7,VIP,0.01,54.33
C046446,217.32,VIP,0.25,54.33
C017628,132.5,New,0.41,54.32
C030636,2713.37,New,0.02,54.27
C034581,452.24,VIP,0.12,54.27
C070258,451.91,VIP,0.12,54.23
C054372,1355.32,VIP,0.04,54.21
C025637,1806.97,New,0.03,54.21
C013362,774.27,Loyal,0.07,54.2
C002329,90.26,VIP,0.6,54.16
C030095,450.93,VIP,0.12,54.11
C026968,386.26,Returning,0.14,54.08
C082787,337.89,New,0.16,54.06
C006154,900.82,Loyal,0.06,54.05
C005406,1801.24,New,0.03,54.04
C016161,2702.05,Returning,0.02,54.04
C077801,385.85,Loyal,0.14,54.02
C006990,2700.99,Returning,0.02,54.02
C080829,2700.45,New,0.02,54.01
C092028,72.0,VIP,0.75,54.0
C055871,2699.29,Returning,0.02,53.99
C075426,539.67,Returning,0.1,53.97
C078731,1798.19,New,0.03,53.95
C070580,59.93,VIP,0.9,53.94
C019201,61.24,New,0.88,53.89
C074560,2693.75,Returning,0.02,53.88
C085271,1346.79,Loyal,0.04,53.87
C089577,5386.09,Returning,0.01,53.86
C040050,2692.3,Returning,0.02,53.85
C006926,1076.36,New,0.05,53.82
C047283,54.34,VIP,0.99,53.8
C022002,1793.45,New,0.03,53.8
C088043,537.88,Returning,0.1,53.79
C046725,1791.56,Loyal,0.03,53.75
C092719,2686.18,VIP,0.02,53.72
C031463,596.62,New,0.09,53.7
C020056,2684.48,VIP,0.02,53.69
C061146,55.86,New,0.96,53.63
C015115,1340.52,New,0.04,53.62
C075624,72.46,VIP,0.74,53.62
C033138,446.71,Returning,0.12,53.61
C039456,2679.91,New,0.02,53.6
C068211,5357.13,Loyal,0.01,53.57
C095154,2677.37,New,0.02,53.55
C035107,764.49,New,0.07,53.51
C095035,668.48,VIP,0.08,53.48
C067632,2673.74,Loyal,0.02,53.47
C043322,2672.7,Loyal,0.02,53.45
C009592,5343.52,VIP,0.01,53.44
C042991,75.24,Loyal,0.71,53.42
C003508,1780.28,Loyal,0.03,53.41
C061779,1780.39,New,0.03,53.41
C011891,113.61,New,0.47,53.4
C015573,1334.41,New,0.04,53.38
C054496,1779.5,VIP,0.03,53.38
C090496,2659.99,Returning,0.02,53.2
C028828,113.18,Loyal,0.47,53.19
C021157,1771.63,Returning,0.03,53.15
C008518,379.63,New,0.14,53.15
C027602,1771.05,New,0.03,53.13
C055641,442.76,Returning,0.12,53.13
C080648,1770.87,New,0.03,53.13
C004942,2656.05,New,0.02,53.12
C019416,5311.59,Returning,0.01,53.12
C044610,482.55,New,0.11,53.08
C022810,2654.25,Loyal,0.02,53.08
C090894,5305.33,Loyal,0.01,53.05
C024776,1325.49,Returning,0.04,53.02
C053881,2650.06,New,0.02,53.0
C062382,182.48,VIP,0.29,52.92
C064633,240.26,New,0.22,52.86
C033884,1321.16,New,0.04,52.85
C075943,56.81,New,0.93,52.83
C080761,229.58,Loyal,0.23,52.8
C067428,90.98,VIP,0.58,52.77
C025901,1317.51,VIP,0.04,52.7
C074952,159.64,VIP,0.33,52.68
C063905,752.4,Loyal,0.07,52.67
C083820,54.27,Returning,0.97,52.64
C075669,292.03,Loyal,0.18,52.57
C012668,2628.22,Returning,0.02,52.56
C023335,1750.86,Returning,0.03,52.53
C008806,56.38,Loyal,0.93,52.43
C036138,1048.33,New,0.05,52.42
C093220,2620.55,VIP,0.02,52.41
C054234,113.87,Loyal,0.46,52.38
C021438,1047.5,VIP,0.05,52.38
C057696,5236.84,Loyal,0.01,52.37
C028609,56.92,Loyal,0.92,52.37
C017538,137.79,Returning,0.38,52.36
C054198,2617.89,Loyal,0.02,52.36
C002402,52.84,Loyal,0.99,52.31
C008086,653.27,Returning,0.08,52.26
C034252,54.96,Loyal,0.95,52.21
C002557,226.85,VIP,0.23,52.18
C049216,2607.88,New,0.02,52.16
C047331,651.82,Loyal,0.08,52.15
C001046,651.45,Returning,0.08,52.12
C036566,5207.58,Loyal,0.01,52.08
C001802,1735.13,Returning,0.03,52.05
C022804,113.08,Loyal,0.46,52.02
C076263,2600.73,VIP,0.02,52.01
C090314,5201.15,VIP,0.01,52.01
C033572,5198.79,VIP,0.01,51.99
C018353,1731.98,Returning,0.03,51.96
C006637,1299.1,New,0.04,51.96
C038875,1730.7,Returning,0.03,51.92
C091215,1730.67,Loyal,0.03,51.92
C045411,741.43,VIP,0.07,51.9
C017091,259.41,Loyal,0.2,51.88
C092746,216.14,VIP,0.24,51.87
C029276,2591.77,VIP,0.02,51.84
C039332,471.24,VIP,0.11,51.84
C033061,2591.65,Returning,0.02,51.83
C074630,2591.0,Returning,0.02,51.82
C025456,2590.39,New,0.02,51.81
C067363,431.38,VIP,0.12,51.77
C061319,369.49,VIP,0.14,51.73
C084602,2585.58,New,0.02,51.71
C058232,1723.71,New,0.03,51.71
C034109,2582.23,Returning,0.02,51.64
C018888,860.27,VIP,0.06,51.62
C028926,1720.72,Returning,0.03,51.62
C049266,860.21,Loyal,0.06,51.61
C036564,54.89,Returning,0.94,51.6
C099926,515.47,Loyal,0.1,51.55
C056561,322.03,Loyal,0.16,51.52
C048237,66.88,New,0.77,51.5
C001249,5147.02,Loyal,0.01,51.47
C060298,856.84,VIP,0.06,51.41
C094885,5136.33,Loyal,0.01,51.36
C039457,91.7,Returning,0.56,51.35
C047071,854.91,Returning,0.06,51.29
C068093,62.55,New,0.82,51.29
C094959,284.78,New,0.18,51.26
C015761,2561.9,Returning,0.02,51.24
C058204,1707.56,VIP,0.03,51.23
C074525,365.62,Loyal,0.14,51.19
C044026,1704.78,VIP,0.03,51.14
C083359,1278.04,Returning,0.04,51.12
C050502,567.87,Loyal,0.09,51.11
C082416,52.67,VIP,0.97,51.09
C080632,60.09,VIP,0.85,51.08
C057730,340.31,Returning,0.15,51.05
C001367,1700.86,VIP,0.03,51.03
C052175,728.01,Loyal,0.07,50.96
C085414,727.9,New,0.07,50.95
C069023,231.3,VIP,0.22,50.89
C050797,5085.64,VIP,0.01,50.86
C081361,1270.33,New,0.04,50.81
C021464,5077.71,VIP,0.01,50.78
C023296,153.83,Returning,0.33,50.76
C085221,2537.37,VIP,0.02,50.75
C082401,174.92,New,0.29,50.73
C098425,1014.53,New,0.05,50.73
C011020,633.95,VIP,0.08,50.72
C045008,60.35,VIP,0.84,50.69
C097866,1689.58,Returning,0.03,50.69
C019712,253.2,VIP,0.2,50.64
C079932,51.14,Returning,0.99,50.63
C032490,562.32,VIP,0.09,50.61
C035607,5060.92,Loyal,0.01,50.61
C076715,58.84,Returning,0.86,50.6
C081436,5057.6,New,0.01,50.58
C094856,361.23,New,0.14,50.57
C039747,2527.75,Loyal,0.02,50.56
C001254,505.47,VIP,0.1,50.55
C054909,2527.23,Loyal,0.02,50.54
C042150,361.0,VIP,0.14,50.54
C021453,2525.63,Returning,0.02,50.51
C068855,841.86,Returning,0.06,50.51
C036250,51.96,Loyal,0.97,50.4
C002832,5037.55,Loyal,0.01,50.38
C070007,52.47,Loyal,0.96,50.37
C037652,839.56,New,0.06,50.37
C086043,1678.93,Loyal,0.03,50.37
C036501,1007.15,VIP,0.05,50.36
C008385,5034.18,New,0.01,50.34
C065949,82.47,Loyal,0.61,50.31
C094314,5027.2,VIP,0.01,50.27
C017416,2510.85,VIP,0.02,50.22
C035769,5020.12,Returning,0.01,50.2
C033840,358.09,Loyal,0.14,50.13
C019287,313.21,Returning,0.16,50.11
C004023,5009.7,Returning,0.01,50.1
C030405,278.35,VIP,0.18,50.1
C026137,79.5,New,0.63,50.08
C044091,52.71,Loyal,0.95,50.07
C096541,5006.12,Loyal,0.01,50.06
C032614,1001.04,New,0.05,50.05
C072712,312.84,New,0.16,50.05
C049807,56.18,New,0.89,50.0
C069476,1665.78,VIP,0.03,49.97
C021569,4995.55,VIP,0.01,49.96
C040445,998.88,Loyal,0.05,49.94
C024346,623.94,Returning,0.08,49.92
C035751,831.56,Loyal,0.06,49.89
C030224,415.53,Loyal,0.12,49.86
C046917,51.38,VIP,0.97,49.84
C017278,1661.4,New,0.03,49.84
C052387,50.33,Returning,0.99,49.83
C025820,2490.59,New,0.02,49.81
C005611,1659.59,Returning,0.03,49.79
C011778,710.65,VIP,0.07,49.75
C027029,621.52,VIP,0.08,49.72
C002268,4972.13,Returning,0.01,49.72
C002512,2480.45,Returning,0.02,49.61
C052059,550.91,New,0.09,49.58
C065455,826.02,VIP,0.06,49.56
C011555,990.0,VIP,0.05,49.5
C088489,412.37,Returning,0.12,49.48
C038803,51.0,Loyal,0.97,49.47
C016958,4943.91,VIP,0.01,49.44
C095956,494.36,Returning,0.1,49.44
C068681,95.04,Returning,0.52,49.42
C058245,2470.82,VIP,0.02,49.42
C052061,705.4,VIP,0.07,49.38
C001544,120.4,New,0.41,49.36
C003368,2461.78,New,0.02,49.24
C057788,196.83,Returning,0.25,49.21
C086632,4919.07,New,0.01,49.19
C093162,378.35,VIP,0.13,49.19
C043860,983.22,New,0.05,49.16
C045758,307.22,New,0.16,49.16
C071920,59.22,New,0.83,49.15
C040816,4913.11,New,0.01,49.13
C072236,144.34,New,0.34,49.08
C043601,50.57,New,0.97,49.05
C071764,4905.14,VIP,0.01,49.05
C078186,1634.61,New,0.03,49.04
C038926,2451.23,VIP,0.02,49.02
C065689,98.01,Returning,0.5,49.0
C078694,1225.11,Returning,0.04,49.0
C086406,979.55,Loyal,0.05,48.98
C086036,4895.99,VIP,0.01,48.96
C030431,51.48,New,0.95,48.91
C035770,815.01,Returning,0.06,48.9
C026125,814.77,New,0.06,48.89
C027889,1628.94,Returning,0.03,48.87
C053928,1629.07,New,0.03,48.87
C034281,2441.14,New,0.02,48.82
C019923,974.39,Returning,0.05,48.72
C044531,4870.79,New,0.01,48.71
C039302,1217.76,VIP,0.04,48.71
C013601,973.98,New,0.05,48.7
C041968,811.53,Loyal,0.06,48.69
C098047,135.22,VIP,0.36,48.68
C028102,695.42,VIP,0.07,48.68
C060182,441.96,VIP,0.11,48.62
C013718,1618.82,Returning,0.03,48.56
C024927,2423.92,Loyal,0.02,48.48
C017837,2419.81,Returning,0.02,48.4
C035559,2413.22,VIP,0.02,48.26
C075811,2412.66,VIP,0.02,48.25
C047335,51.85,Returning,0.93,48.22
C011251,4818.99,New,0.01,48.19
C062981,1605.32,Loyal,0.03,48.16
C051229,321.08,Loyal,0.15,48.16
C093271,1605.11,New,0.03,48.15
C003394,4814.31,New,0.01,48.14
C062190,802.08,New,0.06,48.12
C009204,4806.77,Loyal,0.01,48.07
C091549,1602.37,VIP,0.03,48.07
C014318,600.78,Loyal,0.08,48.06
C084186,200.08,Loyal,0.24,48.02
C041456,4795.8,New,0.01,47.96
C050836,684.99,New,0.07,47.95
C039139,2396.76,VIP,0.02,47.94
C056724,2396.03,Loyal,0.02,47.92
C083040,1595.81,New,0.03,47.87
C071584,1595.5,Returning,0.03,47.86
C086173,683.72,New,0.07,47.86
C085627,4781.51,VIP,0.01,47.82
C000631,207.67,New,0.23,47.76
C052016,4774.04,New,0.01,47.74
C058197,1590.99,Returning,0.03,47.73
C023243,2385.48,Loyal,0.02,47.71
C091375,794.9,New,0.06,47.69
C058201,4768.88,Returning,0.01,47.69
C064060,1589.69,Loyal,0.03,47.69
C026912,794.12,Returning,0.06,47.65
C075561,1588.04,New,0.03,47.64
C023205,216.49,VIP,0.22,47.63
C065708,952.2,Returning,0.05,47.61
C074322,91.51,Loyal,0.52,47.59
C070417,594.75,VIP,0.08,47.58
C036267,951.45,New,0.05,47.57
C091790,50.55,Loyal,0.94,47.52
C028464,4749.33,New,0.01,47.49
C004386,105.49,Returning,0.45,47.47
C052260,1186.52,VIP,0.04,47.46
C045957,4740.95,Loyal,0.01,47.41
C014504,4737.62,New,0.01,47.38
C077816,50.34,Returning,0.94,47.32
C055013,64.81,VIP,0.73,47.31
C033773,48.28,New,0.98,47.31
C060469,181.82,Returning,0.26,47.27
C036906,4725.37,New,0.01,47.25
C031570,1574.44,Returning,0.03,47.23
C035247,1573.55,Loyal,0.03,47.21
C019778,4719.24,VIP,0.01,47.19
C091838,393.25,Returning,0.12,47.19
C076713,1572.77,Returning,0.03,47.18
C064798,1571.06,Loyal,0.03,47.13
C012641,4712.32,Returning,0.01,47.12
C021550,84.1,Loyal,0.56,47.1
C029890,4708.87,VIP,0.01,47.09
C079814,214.02,Returning,0.22,47.08
C061815,78.44,New,0.6,47.06
C032660,56.68,New,0.83,47.04
C062943,2350.17,New,0.02,47.0
C068357,335.52,Loyal,0.14,46.97
C002684,4693.48,New,0.01,46.93
C053084,1563.02,Returning,0.03,46.89
C044819,936.5,Returning,0.05,46.82
C076184,667.82,New,0.07,46.75
C006768,1168.52,Returning,0.04,46.74
C038899,933.97,VIP,0.05,46.7
C055380,4664.94,New,0.01,46.65
C031814,333.21,New,0.14,46.65
C061906,49.1,Loyal,0.95,46.64
C084024,63.87,VIP,0.73,46.63
C046583,358.47,Returning,0.13,46.6
C033335,1552.89,Loyal,0.03,46.59
C057537,665.63,New,0.07,46.59
C051855,1164.5,New,0.04,46.58
C037974,1164.5,New,0.04,46.58
C025615,1552.64,Returning,0.03,46.58
C091847,91.26,VIP,0.51,46.54
C076683,1551.24,Returning,0.03,46.54
C016112,4653.36,New,0.01,46.53
C035837,4652.21,New,0.01,46.52
C050764,663.8,VIP,0.07,46.47
C075522,53.39,New,0.87,46.45
C023146,2322.41,VIP,0.02,46.45
C033055,221.06,New,0.21,46.42
C092467,4640.61,Returning,0.01,46.41
C030830,928.21,New,0.05,46.41
C095129,113.14,Loyal,0.41,46.39
C073118,4639.48,New,0.01,46.39
C056238,4639.03,Returning,0.01,46.39
C078835,71.34,New,0.65,46.37
C095486,68.16,New,0.68,46.35
C030471,140.42,VIP,0.33,46.34
C055617,1157.14,New,0.04,46.29
C000467,1541.48,Loyal,0.03,46.24
C011658,4622.18,VIP,0.01,46.22
C000474,577.77,New,0.08,46.22
C016051,923.9,VIP,0.05,46.2
C083198,1539.56,New,0.03,46.19
C009159,659.33,Returning,0.07,46.15
C004051,2306.38,New,0.02,46.13
C092174,271.37,New,0.17,46.13
C097056,922.53,New,0.05,46.13
C061995,2301.55,Loyal,0.02,46.03
C044018,4600.11,New,0.01,46.0
C012388,511.05,Returning,0.09,45.99
C086548,4597.69,VIP,0.01,45.98
C008340,47.82,VIP,0.96,45.91
C027544,4591.03,Loyal,0.01,45.91
C029965,1529.7,Loyal,0.03,45.89
C018474,65.56,New,0.7,45.89
C083110,917.87,Loyal,0.05,45.89
C080191,4585.18,VIP,0.01,45.85
C099633,147.87,Returning,0.31,45.84
C097175,763.55,New,0.06,45.81
C028566,4579.01,Returning,0.01,45.79
C096494,2288.82,Returning,0.02,45.78
C028748,457.67,Returning,0.1,45.77
C096537,60.98,New,0.75,45.74
C030755,1142.97,Loyal,0.04,45.72
C069176,2283.54,VIP,0.02,45.67
C003619,157.31,VIP,0.29,45.62
C070735,2279.58,Returning,0.02,45.59
C016931,379.82,New,0.12,45.58
C023607,1139.45,VIP,0.04,45.58
C023347,911.49,VIP,0.05,45.57
C011308,759.17,Loyal,0.06,45.55
C004119,46.0,VIP,0.99,45.54
C046395,909.88,New,0.05,45.49
C089574,757.76,VIP,0.06,45.47
C080312,2272.8,Returning,0.02,45.46
C003302,1135.76,VIP,0.04,45.43
C021232,4539.13,Loyal,0.01,45.39
C093181,378.12,Returning,0.12,45.37
C070117,105.4,New,0.43,45.32
C065112,1510.33,Loyal,0.03,45.31
C065395,1508.5,VIP,0.03,45.26
C056099,2262.47,New,0.02,45.25
C044006,4524.77,New,0.01,45.25
C043484,4523.05,Returning,0.01,45.23
C003378,1507.73,Loyal,0.03,45.23
C053237,102.73,Loyal,0.44,45.2
C043432,903.06,VIP,0.05,45.15
C089079,644.49,VIP,0.07,45.11
C098273,4508.48,VIP,0.01,45.08
C097373,2251.88,VIP,0.02,45.04
C038631,1500.52,Returning,0.03,45.02
C074890,300.15,VIP,0.15,45.02
C083984,1125.53,Returning,0.04,45.02
C083666,1124.64,Returning,0.04,44.99
C070594,2248.55,Loyal,0.02,44.97
C066683,2248.24,Loyal,0.02,44.96
C022125,46.82,New,0.96,44.95
C006356,84.79,Returning,0.53,44.94
C058115,448.87,New,0.1,44.89
C004080,2244.05,VIP,0.02,44.88
C078978,1495.75,Loyal,0.03,44.87
C032797,1120.6,Returning,0.04,44.82
C084471,4481.44,New,0.01,44.81
C071802,344.65,VIP,0.13,44.8
C058781,47.15,Loyal,0.95,44.79
C025926,4478.46,Returning,0.01,44.78
C024421,1491.38,New,0.03,44.74
C050064,639.07,New,0.07,44.73
C053621,67.72,Returning,0.66,44.7
C095650,51.35,Loyal,0.87,44.67
C021067,2232.76,New,0.02,44.66
C007310,343.46,Loyal,0.13,44.65
C059536,103.8,VIP,0.43,44.63
C001247,743.65,Returning,0.06,44.62
C069333,2225.68,New,0.02,44.51
C025858,247.11,VIP,0.18,44.48
C090570,296.38,VIP,0.15,44.46
C031775,134.64,New,0.33,44.43
C008159,1476.91,Returning,0.03,44.31
C050169,82.0,New,0.54,44.28
C053423,1475.43,Returning,0.03,44.26
C084983,4424.96,Loyal,0.01,44.25
C070142,4425.47,Loyal,0.01,44.25
C009182,210.6,VIP,0.21,44.23
C059456,2211.1,Returning,0.02,44.22
C022303,192.19,VIP,0.23,44.2
C065187,1472.33,New,0.03,44.17
C069044,4413.81,Loyal,0.01,44.14
C042328,2206.66,Loyal,0.02,44.13
C004892,169.66,VIP,0.26,44.11
C081968,734.86,Returning,0.06,44.09
C092931,881.12,VIP,0.05,44.06
C047455,2200.74,VIP,0.02,44.01
C025834,118.91,Returning,0.37,44.0
C045661,293.12,Loyal,0.15,43.97
C029829,4396.21,Returning,0.01,43.96
C097406,46.21,Returning,0.95,43.9
C037469,46.64,VIP,0.94,43.84
C043143,2191.37,Returning,0.02,43.83
C031682,1460.22,New,0.03,43.81
C049861,43.81,VIP,1.0,43.81
C069398,438.01,Returning,0.1,43.8
C069329,1094.34,VIP,0.04,43.77
C049860,1093.83,VIP,0.04,43.75
C012682,198.75,New,0.22,43.72
C050006,624.45,Loyal,0.07,43.71
C031505,1092.67,VIP,0.04,43.71
C047223,1456.79,Returning,0.03,43.7
C054457,1456.18,Loyal,0.03,43.69
C091441,485.32,VIP,0.09,43.68
C099316,2183.2,Returning,0.02,43.66
C059845,1454.55,New,0.03,43.64
C035255,2181.12,Loyal,0.02,43.62
C046728,44.04,New,0.99,43.6
C052258,2179.87,New,0.02,43.6
C093082,2179.42,VIP,0.02,43.59
C020263,4358.51,Loyal,0.01,43.59
C049591,1089.63,Returning,0.04,43.59
C098022,2176.73,VIP,0.02,43.53
C099858,4350.28,New,0.01,43.5
C094566,2173.48,Loyal,0.02,43.47
C024495,4346.41,New,0.01,43.46
C001575,724.18,Loyal,0.06,43.45
C022751,62.04,Loyal,0.7,43.43
C023681,361.68,VIP,0.12,43.4
C011015,433.89,VIP,0.1,43.39
C083686,309.93,Loyal,0.14,43.39
C054569,188.58,New,0.23,43.37
C012299,722.7,Returning,0.06,43.36
C000965,1083.9,VIP,0.04,43.36
C068095,1083.47,Returning,0.04,43.34
C039697,866.74,VIP,0.05,43.34
C099195,47.61,VIP,0.91,43.33
C073343,721.24,Loyal,0.06,43.27
C017371,4325.56,Returning,0.01,43.26
C040661,48.57,New,0.89,43.23
C084355,540.26,New,0.08,43.22
C020941,719.76,VIP,0.06,43.19
C007796,51.42,Loyal,0.84,43.19
C040873,215.89,VIP,0.2,43.18
C014042,479.08,VIP,0.09,43.12
C045935,2153.8,Returning,0.02,43.08
C009799,4306.82,New,0.01,43.07
C035246,1434.29,Returning,0.03,43.03
C002311,716.28,VIP,0.06,42.98
C068037,2148.28,VIP,0.02,42.97
C087205,4296.48,Returning,0.01,42.96
C001584,537.0,Loyal,0.08,42.96
C026165,390.44,Returning,0.11,42.95
C006298,1431.4,Returning,0.03,42.94
C093703,286.19,Loyal,0.15,42.93
C098071,46.05,New,0.93,42.83
C023138,713.72,Loyal,0.06,42.82
C095363,2139.63,Returning,0.02,42.79
C062621,1426.03,New,0.03,42.78
C060207,4271.3,VIP,0.01,42.71
C057355,2132.51,New,0.02,42.65
C002226,1421.24,New,0.03,42.64
C066010,60.92,Loyal,0.7,42.64
C005354,1418.74,New,0.03,42.56
C090207,1418.46,Returning,0.03,42.55
C069696,44.79,Loyal,0.95,42.55
C080817,531.76,VIP,0.08,42.54
C037295,2124.57,Returning,0.02,42.49
C055094,1415.94,Returning,0.03,42.48
C047310,4246.87,Loyal,0.01,42.47
C006620,4244.33,New,0.01,42.44
C093712,235.65,Loyal,0.18,42.42
C086301,1414.08,VIP,0.03,42.42
C095081,48.72,VIP,0.87,42.39
C089703,2118.14,New,0.02,42.36
C076783,1412.07,New,0.03,42.36
C083014,4235.57,VIP,0.01,42.36
C012408,605.02,New,0.07,42.35
C094176,201.61,Loyal,0.21,42.34
C041916,470.33,Loyal,0.09,42.33
C027520,1057.8,Loyal,0.04,42.31
C097414,1409.55,Returning,0.03,42.29
C067004,44.51,New,0.95,42.28
C000682,422.72,VIP,0.1,42.27
C012952,132.06,Loyal,0.32,42.26
C081055,603.71,New,0.07,42.26
C008406,1407.15,Returning,0.03,42.21
C080534,4218.2,Returning,0.01,42.18
C098282,421.74,New,0.1,42.17
C044374,100.34,New,0.42,42.14
C079952,2106.81,Returning,0.02,42.14
C058110,4205.65,VIP,0.01,42.06
C095459,84.11,VIP,0.5,42.06
C030885,2101.39,New,0.02,42.03
C083327,600.17,Loyal,0.07,42.01
C024041,2099.35,Returning,0.02,41.99
C035719,4198.93,Loyal,0.01,41.99
C004665,4198.21,Returning,0.01,41.98
C094276,190.61,New,0.22,41.93
C015347,598.97,New,0.07,41.93
C064958,2095.63,Loyal,0.02,41.91
C080148,523.38,Loyal,0.08,41.87
C017776,1046.77,VIP,0.04,41.87
C047372,1395.41,Returning,0.03,41.86
C098734,2092.77,Loyal,0.02,41.86
C045728,104.6,New,0.4,41.84
C066348,1394.4,Returning,0.03,41.83
C033211,1393.61,VIP,0.03,41.81
C067882,4179.95,Returning,0.01,41.8
C074731,696.71,Loyal,0.06,41.8
C091514,347.67,New,0.12,41.72
C046591,2085.85,Returning,0.02,41.72
C057016,4171.89,Returning,0.01,41.72
C023125,1389.36,Returning,0.03,41.68
C013159,1388.92,VIP,0.03,41.67
C094724,1040.96,VIP,0.04,41.64
C099414,2081.41,VIP,0.02,41.63
C069694,47.85,Returning,0.87,41.63
C062006,42.04,Returning,0.99,41.62
C058754,1040.2,Returning,0.04,41.61
C040115,46.22,Loyal,0.9,41.6
C070549,594.31,VIP,0.07,41.6
C090161,1040.05,Loyal,0.04,41.6
C014371,1386.4,VIP,0.03,41.59
C077135,1385.83,VIP,0.03,41.57
C027143,2078.11,Returning,0.02,41.56
C013427,1038.51,VIP,0.04,41.54
C025845,2075.85,New,0.02,41.52
C020259,2074.62,VIP,0.02,41.49
C040980,4147.26,Returning,0.01,41.47
C063846,2073.1,Returning,0.02,41.46
C021551,376.53,Loyal,0.11,41.42
C068254,229.59,New,0.18,41.33
C098523,2065.6,VIP,0.02,41.31
C037985,4128.75,Returning,0.01,41.29
C057283,1376.31,Loyal,0.03,41.29
C092103,2061.93,Loyal,0.02,41.24
C027436,687.0,Returning,0.06,41.22
C024866,294.44,New,0.14,41.22
C028080,45.8,Returning,0.9,41.22
C087860,242.39,Returning,0.17,41.21
C014730,824.02,Loyal,0.05,41.2
C055197,42.04,Returning,0.98,41.2
C059833,2059.42,New,0.02,41.19
C078969,45.26,Loyal,0.91,41.19
C040368,316.28,New,0.13,41.12
C041486,2054.55,New,0.02,41.09
C018501,41.48,Loyal,0.99,41.07
C062554,41.89,New,0.98,41.05
C004506,1367.7,Loyal,0.03,41.03
C032990,820.57,New,0.05,41.03
C064980,42.29,New,0.97,41.02
C006118,1024.5,Loyal,0.04,40.98
C087791,2047.38,Loyal,0.02,40.95
C089762,4094.52,Returning,0.01,40.95
C074816,1364.09,VIP,0.03,40.92
C054596,2043.8,New,0.02,40.88
C043411,194.52,New,0.21,40.85
C067074,4083.42,New,0.01,40.83
C051127,2040.83,Returning,0.02,40.82
C059655,679.81,VIP,0.06,40.79
C049341,1018.46,Loyal,0.04,40.74
C022740,2037.04,Returning,0.02,40.74
C026779,4072.53,VIP,0.01,40.73
C086274,47.36,VIP,0.86,40.73
C006341,581.76,VIP,0.07,40.72
C029552,271.28,Returning,0.15,40.69
C015941,41.09,Returning,0.99,40.68
C029932,214.03,New,0.19,40.67
C096595,4056.11,Returning,0.01,40.56
C077247,65.42,Returning,0.62,40.56
C022894,811.22,Returning,0.05,40.56
C014889,811.03,Returning,0.05,40.55
C030999,2025.85,VIP,0.02,40.52
C072633,1350.53,VIP,0.03,40.52
C046402,449.96,Returning,0.09,40.5
C015324,674.63,Loyal,0.06,40.48
C031969,2023.08,New,0.02,40.46
C035539,449.35,VIP,0.09,40.44
C010824,4040.72,VIP,0.01,40.41
C023033,336.33,VIP,0.12,40.36
C053675,576.62,Returning,0.07,40.36
C085523,237.37,New,0.17,40.35
C032539,672.38,VIP,0.06,40.34
C091182,40.74,Loyal,0.99,40.33
C052354,1343.17,New,0.03,40.3
C084114,1006.51,Loyal,0.04,40.26
C081015,1006.14,Returning,0.04,40.25
C020444,2011.28,New,0.02,40.23
C021905,2010.15,Loyal,0.02,40.2
C071254,182.57,Loyal,0.22,40.17
C098914,2008.01,Loyal,0.02,40.16
C045450,334.43,New,0.12,40.13
C086866,4013.4,New,0.01,40.13
C058600,55.73,Loyal,0.72,40.13
C088547,668.68,Loyal,0.06,40.12
C010154,801.8,New,0.05,40.09
C089593,2003.21,VIP,0.02,40.06
C013290,1001.55,Returning,0.04,40.06
C033852,2003.12,New,0.02,40.06
C061650,93.15,Returning,0.43,40.05
C079011,2001.82,New,0.02,40.04
C048387,2001.62,New,0.02,40.03
C012188,500.28,VIP,0.08,40.02
C059580,46.46,Returning,0.86,39.96
C044462,3994.9,Loyal,0.01,39.95
C035352,1330.98,VIP,0.03,39.93
C090060,997.84,Returning,0.04,39.91
C028011,797.81,VIP,0.05,39.89
C016436,306.78,New,0.13,39.88
C041511,102.2,Returning,0.39,39.86
C071007,113.86,New,0.35,39.85
C011536,1992.6,Loyal,0.02,39.85
C011942,1991.83,VIP,0.02,39.84
C006934,1328.03,Returning,0.03,39.84
C061973,1990.81,Returning,0.02,39.82
C032326,198.7,New,0.2,39.74
C004027,3972.34,VIP,0.01,39.72
C076719,3967.43,New,0.01,39.67
C061964,1983.67,VIP,0.02,39.67
C036340,440.52,Loyal,0.09,39.65
C098514,42.17,Returning,0.94,39.64
C093045,54.28,VIP,0.73,39.62
C074253,792.27,VIP,0.05,39.61
C037448,659.71,Returning,0.06,39.58
C087604,232.67,New,0.17,39.55
C084151,1977.05,Returning,0.02,39.54
C049261,54.09,Returning,0.73,39.49
C034178,3945.73,VIP,0.01,39.46
C090895,657.69,Returning,0.06,39.46
C098986,657.55,VIP,0.06,39.45
C028680,3945.02,Loyal,0.01,39.45
C041960,164.34,New,0.24,39.44
C051103,3941.36,VIP,0.01,39.41
C055581,40.62,New,0.97,39.4
C046242,1968.86,Loyal,0.02,39.38
C003701,46.19,Returning,0.85,39.26
C089836,50.96,Returning,0.77,39.24
C050003,1961.41,VIP,0.02,39.23
C054964,3916.55,New,0.01,39.17
C079157,488.17,New,0.08,39.05
C082578,780.4,Loyal,0.05,39.02
C022477,39.4,Returning,0.99,39.01
C084328,1949.48,New,0.02,38.99
C046218,102.5,VIP,0.38,38.95
C096913,39.7,Loyal,0.98,38.91
C003148,971.75,VIP,0.04,38.87
C001138,485.84,Loyal,0.08,38.87
C017607,1295.48,VIP,0.03,38.86
C036035,298.96,Returning,0.13,38.86
C043122,71.95,Returning,0.54,38.85
C042334,323.67,Returning,0.12,38.84
C098870,3880.3,New,0.01,38.8
C007744,3876.64,VIP,0.01,38.77
C089372,1937.43,VIP,0.02,38.75
C035680,1291.02,New,0.03,38.73
C052853,968.05,VIP,0.04,38.72
C021256,54.51,Loyal,0.71,38.7
C021351,773.97,Loyal,0.05,38.7
C051382,1289.37,Loyal,0.03,38.68
C022854,552.41,VIP,0.07,38.67
C068792,3864.77,New,0.01,38.65
C010409,552.09,Loyal,0.07,38.65
C049226,1287.3,Returning,0.03,38.62
C060924,1929.11,New,0.02,38.58
C026473,40.17,New,0.96,38.56
C029508,40.17,Loyal,0.96,38.56
C070141,1284.66,Returning,0.03,38.54
C019804,550.43,VIP,0.07,38.53
C010816,83.72,VIP,0.46,38.51
C046528,1925.32,New,0.02,38.51
C020883,349.97,Loyal,0.11,38.5
C008261,296.0,New,0.13,38.48
C099843,40.48,VIP,0.95,38.46
C083877,3846.33,Returning,0.01,38.46
C000438,960.65,New,0.04,38.43
C056131,3841.79,VIP,0.01,38.42
C097941,167.04,New,0.23,38.42
C081816,640.29,New,0.06,38.42
C038426,1279.9,New,0.03,38.4
C050049,39.17,New,0.98,38.39
C086500,1279.31,Returning,0.03,38.38
C039676,3832.5,Loyal,0.01,38.33
C076370,319.21,Loyal,0.12,38.31
C010877,957.05,Returning,0.04,38.28
C041054,1913.57,New,0.02,38.27
C018658,637.59,VIP,0.06,38.26
C028076,955.49,Returning,0.04,38.22
C099754,273.03,Loyal,0.14,38.22
C008526,955.36,VIP,0.04,38.21
C015645,1273.26,VIP,0.03,38.2
C054235,477.44,Loyal,0.08,38.2
C007837,3819.46,Loyal,0.01,38.19
C061289,763.49,VIP,0.05,38.17
C020051,424.08,New,0.09,38.17
C062116,3811.12,Loyal,0.01,38.11
C034698,41.39,Returning,0.92,38.08
C095058,475.84,New,0.08,38.07
C099041,1902.98,VIP,0.02,38.06
C002484,634.36,New,0.06,38.06
C058594,1901.86,Loyal,0.02,38.04
C050455,1901.43,VIP,0.02,38.03
C005684,1901.49,Returning,0.02,38.03
C063236,1901.35,New,0.02,38.03
C095488,211.19,Returning,0.18,38.01
C042525,223.47,Returning,0.17,37.99
C039250,1897.28,Returning,0.02,37.95
C014030,344.63,Returning,0.11,37.91
C009463,61.1,New,0.62,37.88
C043667,94.68,Loyal,0.4,37.87
C087674,3786.32,New,0.01,37.86
C072769,291.11,Returning,0.13,37.84
C047048,3781.43,Returning,0.01,37.81
C028423,1260.15,Loyal,0.03,37.8
C031373,251.96,VIP,0.15,37.79
C094065,198.78,VIP,0.19,37.77
C042474,3775.75,Loyal,0.01,37.76
C051584,471.76,New,0.08,37.74
C087782,943.02,New,0.04,37.72
C077413,3770.0,VIP,0.01,37.7
C036079,144.97,VIP,0.26,37.69
C016114,1255.51,Loyal,0.03,37.67
C078585,1254.97,Returning,0.03,37.65
C059874,1254.17,VIP,0.03,37.63
C066812,752.45,Loyal,0.05,37.62
C074666,3759.86,Returning,0.01,37.6
C070303,3748.1,VIP,0.01,37.48
C062184,624.23,Loyal,0.06,37.45
C076482,373.71,VIP,0.1,37.37
C082408,138.39,Loyal,0.27,37.37
C044520,58.37,New,0.64,37.36
C068378,933.7,VIP,0.04,37.35
C041789,533.0,Loyal,0.07,37.31
C002088,3727.64,Returning,0.01,37.28
C001323,745.34,New,0.05,37.27
C015400,1861.7,Loyal,0.02,37.23
C097306,3721.68,Loyal,0.01,37.22
C090434,620.34,New,0.06,37.22
C068404,743.91,Loyal,0.05,37.2
C018833,928.94,Returning,0.04,37.16
C079464,1855.32,Loyal,0.02,37.11
C001698,3703.46,New,0.01,37.03
C076815,1850.69,New,0.02,37.01
C099628,1232.12,VIP,0.03,36.96
C041693,738.95,New,0.05,36.95
C089448,204.95,Loyal,0.18,36.89
C085603,39.66,Returning,0.93,36.88
C021185,283.72,VIP,0.13,36.88
C055096,94.52,VIP,0.39,36.86
C070768,307.19,Returning,0.12,36.86
C042860,1841.23,VIP,0.02,36.82
C023274,1841.07,Loyal,0.02,36.82
C040012,334.69,Loyal,0.11,36.82
C083914,3678.23,New,0.01,36.78
C008029,334.38,Returning,0.11,36.78
C054714,126.84,Returning,0.29,36.78
C059439,1834.58,Returning,0.02,36.69
C006650,366.47,Loyal,0.1,36.65
C063483,1221.31,New,0.03,36.64
C047491,1832.22,Loyal,0.02,36.64
C082624,215.43,New,0.17,36.62
C075837,3660.93,New,0.01,36.61
C066500,42.55,Loyal,0.86,36.59
C064492,39.33,VIP,0.93,36.58
C039798,304.35,VIP,0.12,36.52
C091362,82.97,Loyal,0.44,36.51
C029849,1215.84,New,0.03,36.48
C067956,521.19,New,0.07,36.48
C039247,1215.6,Loyal,0.03,36.47
C094229,1823.47,Returning,0.02,36.47
C049974,1214.48,Returning,0.03,36.43
C054012,3642.28,New,0.01,36.42
C033320,227.48,Returning,0.16,36.4
C062800,1213.14,VIP,0.03,36.39
C055564,606.51,Loyal,0.06,36.39
C069272,3637.61,Returning,0.01,36.38
C050450,1212.56,Loyal,0.03,36.38
C071003,3637.01,VIP,0.01,36.37
C098023,1817.93,New,0.02,36.36
C042308,605.74,Returning,0.06,36.34
C031728,1211.29,Returning,0.03,36.34
C023212,191.21,VIP,0.19,36.33
C069676,1816.72,Returning,0.02,36.33
C060681,1815.15,Returning,0.02,36.3
C012879,3626.25,Loyal,0.01,36.26
C086987,1812.12,Returning,0.02,36.24
C068246,56.57,Loyal,0.64,36.2
C016603,723.74,New,0.05,36.19
C057698,1809.47,Returning,0.02,36.19
C089581,1809.56,VIP,0.02,36.19
C089257,36.48,Loyal,0.99,36.12
C073960,37.97,New,0.95,36.07
C000420,1801.8,VIP,0.02,36.04
C049111,1200.85,Returning,0.03,36.03
C012926,299.74,Returning,0.12,35.97
C002041,3596.38,VIP,0.01,35.96
C081282,898.02,Loyal,0.04,35.92
C080751,897.59,Loyal,0.04,35.9
C022641,256.18,Loyal,0.14,35.87
C047751,1793.41,New,0.02,35.87
C058884,256.15,New,0.14,35.86
C057619,325.85,New,0.11,35.84
C057676,1791.66,Returning,0.02,35.83
C037766,596.12,Loyal,0.06,35.77
C051000,595.49,VIP,0.06,35.73
C088019,3571.38,Returning,0.01,35.71
C078692,82.82,Loyal,0.43,35.61
C066734,3558.05,Returning,0.01,35.58
C092023,711.48,New,0.05,35.57
C082700,3556.31,VIP,0.01,35.56
C072825,237.01,VIP,0.15,35.55
C037201,1183.62,VIP,0.03,35.51
C018276,3549.37,Returning,0.01,35.49
C096884,886.82,Loyal,0.04,35.47
C018573,1773.46,New,0.02,35.47
C006810,322.32,Loyal,0.11,35.46
C081430,708.71,Returning,0.05,35.44
C076776,1771.79,Returning,0.02,35.44
C065091,3542.92,VIP,0.01,35.43
C085684,221.33,New,0.16,35.41
C018740,708.18,Loyal,0.05,35.41
C095610,1769.79,Loyal,0.02,35.4
C042561,441.59,New,0.08,35.33
C047109,1176.62,VIP,0.03,35.3
C034171,103.82,VIP,0.34,35.3
C005257,3523.38,Returning,0.01,35.23
C030688,439.86,Loyal,0.08,35.19
C075688,439.58,New,0.08,35.17
C018094,1758.74,Loyal,0.02,35.17
C050755,3516.14,Returning,0.01,35.16
C016250,1756.93,Loyal,0.02,35.14
C009978,1755.79,New,0.02,35.12
C041882,3508.77,Loyal,0.01,35.09
C077329,167.07,VIP,0.21,35.08
C009888,3507.6,Loyal,0.01,35.08
C022673,701.16,VIP,0.05,35.06
C021806,876.19,New,0.04,35.05
C069076,350.19,Loyal,0.1,35.02
C080486,583.46,New,0.06,35.01
C055354,3497.78,VIP,0.01,34.98
C045736,699.34,New,0.05,34.97
C009701,1747.78,VIP,0.02,34.96
C013825,77.6,New,0.45,34.92
C088013,1745.4,Returning,0.02,34.91
C019941,49.87,Returning,0.7,34.91
C019142,89.45,New,0.39,34.89
C032886,1744.09,Loyal,0.02,34.88
C069671,697.27,Loyal,0.05,34.86
C096714,871.29,Loyal,0.04,34.85
C086964,435.52,New,0.08,34.84
C099882,870.47,New,0.04,34.82
C023780,386.75,Loyal,0.09,34.81
C009802,1739.83,Returning,0.02,34.8
C087775,347.88,Loyal,0.1,34.79
C058699,231.81,Returning,0.15,34.77
C081911,1158.08,VIP,0.03,34.74
C011651,385.87,VIP,0.09,34.73
C075547,347.08,VIP,0.1,34.71
C053481,1733.14,Returning,0.02,34.66
C039376,1154.82,VIP,0.03,34.64
C037187,1732.16,New,0.02,34.64
C018844,1154.64,Returning,0.03,34.64
C060026,3463.84,New,0.01,34.64
C054623,1153.35,VIP,0.03,34.6
C008547,865.08,Loyal,0.04,34.6
C045316,3459.49,New,0.01,34.59
C036073,1153.09,Loyal,0.03,34.59
C052142,494.15,VIP,0.07,34.59
C068794,1729.66,VIP,0.02,34.59
C096950,863.51,New,0.04,34.54
C038199,3454.49,VIP,0.01,34.54
C000785,3449.36,VIP,0.01,34.49
C053634,1723.54,New,0.02,34.47
C000929,37.43,Loyal,0.92,34.44
C038844,3432.64,Loyal,0.01,34.33
C010173,3432.63,New,0.01,34.33
C000517,264.09,Returning,0.13,34.33
C005776,1143.95,Returning,0.03,34.32
C084599,1143.43,VIP,0.03,34.3
C051877,571.68,Returning,0.06,34.3
C015775,1142.4,New,0.03,34.27
C043812,855.13,Loyal,0.04,34.21
C030337,1139.92,Loyal,0.03,34.2
C056830,34.89,VIP,0.98,34.19
C069922,310.81,VIP,0.11,34.19
C063778,341.94,VIP,0.1,34.19
C082643,310.7,Returning,0.11,34.18
C054205,3414.75,VIP,0.01,34.15
C093142,3414.07,Returning,0.01,34.14
C033495,853.39,Returning,0.04,34.14
C086536,341.22,VIP,0.1,34.12
C034204,1137.03,Returning,0.03,34.11
C014901,567.79,New,0.06,34.07
C069881,3405.36,Returning,0.01,34.05
C001550,3404.75,New,0.01,34.05
C034428,136.16,Returning,0.25,34.04
C078608,1700.84,Loyal,0.02,34.02
C022730,3394.87,New,0.01,33.95
C057262,212.16,New,0.16,33.95
C024057,424.25,New,0.08,33.94
C036507,3392.6,VIP,0.01,33.93
C006653,1695.74,Returning,0.02,33.91
C042327,847.67,VIP,0.04,33.91
C003095,847.55,Loyal,0.04,33.9
C020082,677.75,New,0.05,33.89
C046048,260.67,Returning,0.13,33.89
C062617,376.33,New,0.09,33.87
C096066,846.23,VIP,0.04,33.85
C007109,45.75,Returning,0.74,33.85
C058471,120.85,New,0.28,33.84
C074489,676.5,VIP,0.05,33.83
C087576,1690.48,Returning,0.02,33.81
C049464,1687.45,Loyal,0.02,33.75
C092791,3374.12,Returning,0.01,33.74
C092664,481.58,Returning,0.07,33.71
C071955,224.62,VIP,0.15,33.69
C088869,336.79,VIP,0.1,33.68
C097947,34.36,VIP,0.98,33.67
C002361,3367.18,New,0.01,33.67
C021291,841.62,VIP,0.04,33.66
C043510,1121.27,New,0.03,33.64
C006831,1681.22,Loyal,0.02,33.62
C038242,839.43,Loyal,0.04,33.58
C031010,3352.98,New,0.01,33.53
C076716,197.26,VIP,0.17,33.53
C052231,1674.31,Loyal,0.02,33.49
C061307,557.92,Returning,0.06,33.48
C092131,836.69,VIP,0.04,33.47
C012424,371.42,New,0.09,33.43
C035212,35.92,VIP,0.93,33.41
C015698,668.11,VIP,0.05,33.41
C080121,1113.03,New,0.03,33.39
C090263,33.7,VIP,0.99,33.36
C088929,35.1,Loyal,0.95,33.34
C014442,52.06,VIP,0.64,33.32
C070000,3331.42,New,0.01,33.31
C045452,90.03,Returning,0.37,33.31
C079797,554.79,VIP,0.06,33.29
C032417,118.77,Returning,0.28,33.26
C023851,830.45,Returning,0.04,33.22
C023182,237.29,Loyal,0.14,33.22
C024315,1106.61,VIP,0.03,33.2
C063313,33.17,Returning,1.0,33.17
C084936,3315.77,New,0.01,33.16
C053963,331.48,Loyal,0.1,33.15
C010619,1104.74,Loyal,0.03,33.14
C005113,552.2,Loyal,0.06,33.13
C006063,1104.41,Returning,0.03,33.13
C077743,3309.09,New,0.01,33.09
C073218,550.95,New,0.06,33.06
C048585,661.14,Loyal,0.05,33.06
C033802,206.57,VIP,0.16,33.05
C041389,1652.38,New,0.02,33.05
C097555,60.08,Returning,0.55,33.04
C006242,1649.42,Loyal,0.02,32.99
C087910,3299.4,VIP,0.01,32.99
C079818,824.16,New,0.04,32.97
C014754,94.13,Returning,0.35,32.95
C005277,33.27,VIP,0.99,32.94
C057089,102.95,Loyal,0.32,32.94
C075390,1098.03,VIP,0.03,32.94
C092554,411.64,New,0.08,32.93
C047979,35.41,New,0.93,32.93
C070130,3292.93,VIP,0.01,32.93
C035296,1646.17,VIP,0.02,32.92
C036014,3291.14,New,0.01,32.91
C001693,1095.89,New,0.03,32.88
C050435,1643.22,Loyal,0.02,32.86
C094485,657.05,VIP,0.05,32.85
C009490,3283.55,Returning,0.01,32.84
C076347,656.81,VIP,0.05,32.84
C051813,1094.28,VIP,0.03,32.83
C045918,1092.93,VIP,0.03,32.79
C073805,1639.15,Returning,0.02,32.78
C008691,36.02,VIP,0.91,32.78
C033941,44.26,New,0.74,32.75
C062419,654.02,Loyal,0.05,32.7
C076915,3269.85,VIP,0.01,32.7
C050025,466.72,Loyal,0.07,32.67
C005720,466.36,New,0.07,32.65
C062388,1087.86,Loyal,0.03,32.64
C005074,816.06,Returning,0.04,32.64
C083454,1630.45,Loyal,0.02,32.61
C070173,1086.85,New,0.03,32.61
C021148,1086.81,VIP,0.03,32.6
C048581,1629.92,VIP,0.02,32.6
C041345,1086.29,VIP,0.03,32.59
C013288,325.5,New,0.1,32.55
C021244,216.91,VIP,0.15,32.54
C014727,1626.31,Returning,0.02,32.53
C092559,1083.62,Returning,0.03,32.51
C079257,1624.63,Loyal,0.02,32.49
C095477,812.23,New,0.04,32.49
C050611,463.92,Loyal,0.07,32.47
C006763,33.13,VIP,0.98,32.47
C069920,294.97,VIP,0.11,32.45
C028625,1080.83,Loyal,0.03,32.42
C019295,249.21,Loyal,0.13,32.4
C099586,404.91,Returning,0.08,32.39
C095807,1079.34,Returning,0.03,32.38
C070024,539.02,Loyal,0.06,32.34
C092561,3233.67,New,0.01,32.34
C099065,646.46,VIP,0.05,32.32
C079970,645.44,Loyal,0.05,32.27
C096668,3226.38,Returning,0.01,32.26
C048238,36.63,VIP,0.88,32.23
C054768,1610.81,Returning,0.02,32.22
C069710,805.25,Returning,0.04,32.21
C065567,3220.93,Returning,0.01,32.21
C017426,1609.99,New,0.02,32.2
C034044,119.1,Loyal,0.27,32.16
C058849,643.27,Loyal,0.05,32.16
C063901,3214.63,Loyal,0.01,32.15
C037248,200.86,VIP,0.16,32.14
C044824,1605.84,Returning,0.02,32.12
C047933,802.66,Returning,0.04,32.11
C083515,40.12,VIP,0.8,32.1
C041718,32.08,New,1.0,32.08
C045558,1604.2,Loyal,0.02,32.08
C098077,458.01,VIP,0.07,32.06
C044385,33.05,New,0.97,32.06
C052412,355.73,Loyal,0.09,32.02
C081824,1065.73,New,0.03,31.97
C087948,1065.19,Loyal,0.03,31.96
C036342,1065.34,Loyal,0.03,31.96
C037717,127.73,VIP,0.25,31.93
C043962,3191.74,Returning,0.01,31.92
C040269,3189.14,Loyal,0.01,31.89
C022086,1594.51,Loyal,0.02,31.89
C067870,1593.6,Loyal,0.02,31.87
C021978,3186.54,Loyal,0.01,31.87
C079001,65.03,Returning,0.49,31.86
C008565,3185.36,Returning,0.01,31.85
C042732,1591.89,Loyal,0.02,31.84
C021502,636.57,VIP,0.05,31.83
C080176,1591.59,Loyal,0.02,31.83
C044989,1060.97,New,0.03,31.83
C032910,3183.12,VIP,0.01,31.83
C066494,529.94,Returning,0.06,31.8
C002428,3179.69,Loyal,0.01,31.8
C009102,176.65,VIP,0.18,31.8
C094344,529.97,Returning,0.06,31.8
C008924,3177.62,VIP,0.01,31.78
C012311,454.05,New,0.07,31.78
C043674,1058.84,Loyal,0.03,31.77
C004690,634.03,Loyal,0.05,31.7
C034467,62.12,Returning,0.51,31.68
C034272,35.97,Loyal,0.88,31.65
C096800,1054.73,VIP,0.03,31.64
C013472,1054.35,Returning,0.03,31.63
C084716,1053.97,Loyal,0.03,31.62
C066381,1052.76,VIP,0.03,31.58
C079581,1052.16,Loyal,0.03,31.56
C008318,34.67,Loyal,0.91,31.55
C049581,1051.24,Loyal,0.03,31.54
C083349,630.62,Returning,0.05,31.53
C067941,1576.58,VIP,0.02,31.53
C045463,394.06,Loyal,0.08,31.52
C029134,1050.81,VIP,0.03,31.52
C007201,92.66,Loyal,0.34,31.5
C097481,3150.45,Loyal,0.01,31.5
C025710,3149.03,VIP,0.01,31.49
C075448,1048.69,Returning,0.03,31.46
C073261,1571.37,Returning,0.02,31.43
C081351,628.46,Returning,0.05,31.42
C090171,3133.74,Returning,0.01,31.34
C060367,3132.17,Returning,0.01,31.32
C039563,1044.08,New,0.03,31.32
C078310,1043.83,Returning,0.03,31.31
C029466,1565.62,VIP,0.02,31.31
C002759,312.93,Returning,0.1,31.29
C003203,625.53,New,0.05,31.28
C053734,1563.42,New,0.02,31.27
C086191,1563.34,Loyal,0.02,31.27
C097758,1041.77,New,0.03,31.25
C092856,31.89,VIP,0.98,31.25
C036628,346.51,Loyal,0.09,31.19
C010598,1559.46,VIP,0.02,31.19
C023845,3115.97,New,0.01,31.16
C092418,115.4,Loyal,0.27,31.16
C069615,3115.94,New,0.01,31.16
C014732,623.01,Loyal,0.05,31.15
C036174,39.92,Returning,0.78,31.14
C066643,778.5,VIP,0.04,31.14
C011193,1556.69,VIP,0.02,31.13
C092612,3110.93,New,0.01,31.11
C061295,3110.07,VIP,0.01,31.1
C084702,3097.83,Returning,0.01,30.98
C019937,3097.02,Returning,0.01,30.97
C026368,1032.14,New,0.03,30.96
C011479,773.03,VIP,0.04,30.92
C055956,772.93,Loyal,0.04,30.92
C058846,1544.12,Returning,0.02,30.88
C064257,280.62,Loyal,0.11,30.87
C080442,1543.47,VIP,0.02,30.87
C053756,343.04,New,0.09,30.87
C093483,1542.54,VIP,0.02,30.85
C072627,3083.62,Returning,0.01,30.84
C018847,1541.37,New,0.02,30.83
C041652,3081.54,New,0.01,30.82
C007702,770.57,Loyal,0.04,30.82
C063692,1540.4,VIP,0.02,30.81
C057496,1540.33,Loyal,0.02,30.81
C020092,65.52,Returning,0.47,30.79
C098444,1537.77,Returning,0.02,30.76
C098784,614.93,New,0.05,30.75
C000674,614.74,Loyal,0.05,30.74
C074670,1024.32,Returning,0.03,30.73
C067359,1535.82,VIP,0.02,30.72
C086991,3072.42,New,0.01,30.72
C028101,3070.33,New,0.01,30.7
C041508,3067.09,Returning,0.01,30.67
C072143,3066.5,Returning,0.01,30.66
C029295,1532.47,VIP,0.02,30.65
C050992,1021.55,Returning,0.03,30.65
C001593,3063.87,Returning,0.01,30.64
C024014,765.87,VIP,0.04,30.63
C008410,1530.94,New,0.02,30.62
C095652,180.06,Returning,0.17,30.61
C033807,1019.74,VIP,0.03,30.59
C021211,1527.15,New,0.02,30.54
C067127,57.61,Loyal,0.53,30.53
C053962,1525.96,VIP,0.02,30.52
C019419,32.13,New,0.95,30.52
C033870,3048.51,Returning,0.01,30.49
C035479,761.99,Returning,0.04,30.48
C085810,3044.74,VIP,0.01,30.45
C083866,1521.46,VIP,0.02,30.43
C005271,3040.36,Loyal,0.01,30.4
C014807,1519.52,VIP,0.02,30.39
C004689,1519.44,VIP,0.02,30.39
C044983,1519.22,New,0.02,30.38
C015426,276.08,New,0.11,30.37
C069601,121.42,VIP,0.25,30.36
C032057,138.01,VIP,0.22,30.36
C039543,606.77,Returning,0.05,30.34
C000582,758.47,New,0.04,30.34
C009559,89.21,VIP,0.34,30.33
C026444,3029.86,Returning,0.01,30.3
C097434,3027.84,Returning,0.01,30.28
C019851,3027.56,VIP,0.01,30.28
C008034,3028.27,Loyal,0.01,30.28
C091688,756.34,VIP,0.04,30.25
C093926,3024.9,VIP,0.01,30.25
C005924,3024.85,VIP,0.01,30.25
C001218,756.07,Loyal,0.04,30.24
C051686,755.82,VIP,0.04,30.23
C031199,1007.05,New,0.03,30.21
C065591,1509.67,VIP,0.02,30.19
C007843,3018.54,Returning,0.01,30.19
C049469,3017.71,New,0.01,30.18
C065504,3016.43,Returning,0.01,30.16
C046453,59.08,New,0.51,30.13
C017877,1506.33,Loyal,0.02,30.13
C006109,3011.01,New,0.01,30.11
C089785,1505.57,VIP,0.02,30.11
C090355,376.43,Loyal,0.08,30.11
C011097,1502.11,VIP,0.02,30.04
C021373,250.28,New,0.12,30.03
C047006,500.13,VIP,0.06,30.01
C009527,749.55,VIP,0.04,29.98
C010272,1498.43,VIP,0.02,29.97
C011190,1497.42,VIP,0.02,29.95
C018360,332.5,New,0.09,29.92
C024341,747.55,Returning,0.04,29.9
C071408,1494.5,VIP,0.02,29.89
C061824,1494.09,Returning,0.02,29.88
C023838,1493.81,Loyal,0.02,29.88
C067258,747.03,New,0.04,29.88
C097337,90.48,New,0.33,29.86
C006235,31.08,New,0.96,29.84
C010659,2982.8,New,0.01,29.83
C024370,745.62,Returning,0.04,29.82
C055677,994.04,VIP,0.03,29.82
C052173,270.92,New,0.11,29.8
C099014,31.36,Loyal,0.95,29.79
C060991,744.49,New,0.04,29.78
C055685,744.42,Returning,0.04,29.78
C020800,992.28,Returning,0.03,29.77
C062414,1487.51,VIP,0.02,29.75
C058453,247.88,Returning,0.12,29.75
C014052,30.97,New,0.96,29.73
C078704,742.67,New,0.04,29.71
C012446,593.69,Loyal,0.05,29.68
C077075,31.56,Loyal,0.94,29.67
C054580,741.01,Loyal,0.04,29.64
C010948,2962.09,New,0.01,29.62
C037355,739.64,Returning,0.04,29.59
C093952,155.75,VIP,0.19,29.59
C036644,2956.54,New,0.01,29.57
C061821,985.6,New,0.03,29.57
C068910,1478.39,Loyal,0.02,29.57
C091237,113.56,VIP,0.26,29.53
C030158,34.29,Returning,0.86,29.49
C007008,1473.98,Loyal,0.02,29.48
C071192,2946.49,Returning,0.01,29.46
C006268,420.75,New,0.07,29.45
C098573,980.71,New,0.03,29.42
C047876,980.52,Loyal,0.03,29.42
C075256,294.05,New,0.1,29.4
C073427,83.98,New,0.35,29.39
C082673,31.25,Returning,0.94,29.38
C053058,2938.19,Returning,0.01,29.38
C024900,139.79,New,0.21,29.36
C073363,1467.32,Returning,0.02,29.35
C028812,733.44,Returning,0.04,29.34
C056459,586.64,VIP,0.05,29.33
C031907,183.14,Loyal,0.16,29.3
C091839,488.22,New,0.06,29.29
C039232,418.28,VIP,0.07,29.28
C004383,209.01,VIP,0.14,29.26
C086709,1462.79,Loyal,0.02,29.26
C078085,1462.31,VIP,0.02,29.25
C021218,2925.42,Loyal,0.01,29.25
C029627,1462.74,New,0.02,29.25
C073029,2924.08,Returning,0.01,29.24
C062558,2921.6,New,0.01,29.22
C060215,2920.78,Loyal,0.01,29.21
C067718,1459.95,Loyal,0.02,29.2
C065650,29.46,Returning,0.99,29.17
C053922,1458.29,Returning,0.02,29.17
C047040,2915.94,Loyal,0.01,29.16
C085552,2915.77,Loyal,0.01,29.16
C036586,2915.26,Loyal,0.01,29.15
C080959,727.85,New,0.04,29.11
C039572,1455.09,Returning,0.02,29.1
C094954,485.07,VIP,0.06,29.1
C073932,727.14,Loyal,0.04,29.09
C088832,1453.91,Returning,0.02,29.08
C026211,1453.9,VIP,0.02,29.08
C097780,969.14,Loyal,0.03,29.07
C013440,726.22,Loyal,0.04,29.05
C031695,726.22,New,0.04,29.05
C036400,725.98,New,0.04,29.04
C015833,70.78,Loyal,0.41,29.02
C004644,1450.78,VIP,0.02,29.02
C088431,223.16,VIP,0.13,29.01
C000195,966.62,VIP,0.03,29.0
C005318,107.41,Returning,0.27,29.0
C045788,2899.12,New,0.01,28.99
C028792,579.83,New,0.05,28.99
C046184,30.51,New,0.95,28.98
C080964,724.22,VIP,0.04,28.97
C099847,29.55,VIP,0.98,28.96
C035550,2895.18,VIP,0.01,28.95
C073692,579.02,Returning,0.05,28.95
C081075,32.9,Returning,0.88,28.95
C076948,1447.15,VIP,0.02,28.94
C000485,963.49,VIP,0.03,28.9
C010019,2889.38,VIP,0.01,28.89
C061734,120.37,Returning,0.24,28.89
C020128,1443.89,VIP,0.02,28.88
C048042,1444.17,Returning,0.02,28.88
C039713,962.03,Returning,0.03,28.86
C091715,115.44,Loyal,0.25,28.86
C019795,2886.05,Loyal,0.01,28.86
C074913,961.27,Loyal,0.03,28.84
C060117,2882.39,Returning,0.01,28.82
C023911,1440.55,Returning,0.02,28.81
C038377,2880.05,New,0.01,28.8
C013712,2879.41,Returning,0.01,28.79
C036716,30.63,VIP,0.94,28.79
C095334,719.51,Returning,0.04,28.78
C010640,191.75,Returning,0.15,28.76
C051184,1436.18,VIP,0.02,28.72
C058870,2872.35,New,0.01,28.72
C009238,409.65,VIP,0.07,28.68
C050496,318.62,Loyal,0.09,28.68
C076471,1433.09,VIP,0.02,28.66
C050771,159.1,Loyal,0.18,28.64
C038408,2864.11,Returning,0.01,28.64
C033221,2863.62,VIP,0.01,28.64
C061729,286.32,Returning,0.1,28.63
C033157,317.93,Loyal,0.09,28.61
C042634,1429.94,Loyal,0.02,28.6
C061741,30.09,VIP,0.95,28.59
C006991,952.59,New,0.03,28.58
C027702,2855.79,Loyal,0.01,28.56
C093243,712.19,VIP,0.04,28.49
C035989,949.5,VIP,0.03,28.48
C057259,2847.97,Loyal,0.01,28.48
C007292,2848.46,Returning,0.01,28.48
C047723,258.37,Loyal,0.11,28.42
C054587,947.18,New,0.03,28.42
C095765,177.63,Loyal,0.16,28.42
C080317,2840.6,Loyal,0.01,28.41
C005179,315.5,VIP,0.09,28.4
C013525,1418.48,New,0.02,28.37
C085871,945.23,Loyal,0.03,28.36
C022915,31.51,New,0.9,28.36
C094094,1416.51,Loyal,0.02,28.33
C032406,2832.99,Returning,0.01,28.33
C045358,944.21,New,0.03,28.33
C080920,1416.12,Loyal,0.02,28.32
C037014,314.32,VIP,0.09,28.29
C053516,2828.39,VIP,0.01,28.28
C048239,1414.07,Loyal,0.02,28.28
C043431,2827.2,Returning,0.01,28.27
C064887,201.83,New,0.14,28.26
C038022,470.66,New,0.06,28.24
C046342,940.6,Loyal,0.03,28.22
C088533,1411.13,New,0.02,28.22
C048144,188.12,New,0.15,28.22
C005549,1410.09,Loyal,0.02,28.2
C068602,2818.66,Loyal,0.01,28.19
C046029,704.85,Returning,0.04,28.19
C032135,1408.39,Loyal,0.02,28.17
C021809,312.56,Loyal,0.09,28.13
C023025,351.45,Returning,0.08,28.12
C054668,2812.11,New,0.01,28.12
C014010,2811.3,VIP,0.01,28.11
C094506,468.54,New,0.06,28.11
C095498,702.46,New,0.04,28.1
C081893,702.33,Returning,0.04,28.09
C074079,935.87,New,0.03,28.08
C040773,701.98,New,0.04,28.08
C004088,28.94,Returning,0.97,28.07
C072249,400.43,New,0.07,28.03
C054504,155.66,Returning,0.18,28.02
C043958,399.76,Loyal,0.07,27.98
C043041,1398.75,Returning,0.02,27.98
C047552,399.35,Loyal,0.07,27.95
C081701,558.97,VIP,0.05,27.95
C003305,558.39,Returning,0.05,27.92
C025542,930.5,VIP,0.03,27.92
C011573,697.71,New,0.04,27.91
C022669,398.47,New,0.07,27.89
C001957,2787.59,VIP,0.01,27.88
C052971,697.05,Loyal,0.04,27.88
C044644,2787.31,VIP,0.01,27.87
C072432,1393.41,Loyal,0.02,27.87
C036333,696.55,New,0.04,27.86
C045536,1389.72,Returning,0.02,27.79
C049383,924.11,Loyal,0.03,27.72
C079158,923.84,Loyal,0.03,27.72
C060393,277.13,VIP,0.1,27.71
C095420,2771.45,Loyal,0.01,27.71
C089713,110.79,New,0.25,27.7
C081545,92.24,Returning,0.3,27.67
C038630,1383.33,VIP,0.02,27.67
C039779,28.53,Loyal,0.97,27.67
C051374,2765.1,Loyal,0.01,27.65
C046277,690.89,VIP,0.04,27.64
C005377,2762.66,VIP,0.01,27.63
C081187,2759.99,New,0.01,27.6
C037027,2759.31,New,0.01,27.59
C027120,919.66,VIP,0.03,27.59
C031691,1378.91,Returning,0.02,27.58
C020352,551.34,VIP,0.05,27.57
C025285,393.67,Loyal,0.07,27.56
C078740,306.23,New,0.09,27.56
C034966,459.12,Loyal,0.06,27.55
C004473,344.28,Returning,0.08,27.54
C002551,1375.72,Loyal,0.02,27.51
C053057,916.49,Returning,0.03,27.49
C080372,458.13,Loyal,0.06,27.49
C074631,1373.21,Loyal,0.02,27.46
C039549,28.57,VIP,0.96,27.43
C011082,274.33,New,0.1,27.43
C056790,457.18,VIP,0.06,27.43
C021213,161.27,New,0.17,27.42
C031872,913.9,New,0.03,27.42
C033252,913.97,Returning,0.03,27.42
C001054,2741.45,VIP,0.01,27.41
C055346,685.26,New,0.04,27.41
C069042,683.82,New,0.04,27.35
C030968,390.61,VIP,0.07,27.34
C010079,170.72,Returning,0.16,27.32
C031198,1365.21,Loyal,0.02,27.3
C064161,682.57,VIP,0.04,27.3
C039814,66.57,Loyal,0.41,27.29
C046280,28.43,New,0.96,27.29
C095389,2728.85,Loyal,0.01,27.29
C016435,389.59,VIP,0.07,27.27
C005993,340.71,New,0.08,27.26
C057381,908.48,Returning,0.03,27.25
C047153,1362.6,New,0.02,27.25
C036049,57.94,Returning,0.47,27.23
C095132,272.25,Loyal,0.1,27.22
C032730,1360.93,New,0.02,27.22
C067899,1360.67,Returning,0.02,27.21
C087140,1360.12,Returning,0.02,27.2
C041492,2713.21,New,0.01,27.13
C093004,451.37,New,0.06,27.08
C054173,451.19,Loyal,0.06,27.07
C029469,108.2,Loyal,0.25,27.05
C099832,2705.21,New,0.01,27.05
C011484,1351.78,New,0.02,27.04
C012347,1351.1,New,0.02,27.02
C010122,2700.71,VIP,0.01,27.01
C083172,2701.07,Returning,0.01,27.01
C022583,2699.5,New,0.01,27.0
C017063,1349.54,Loyal,0.02,26.99
C003375,2697.62,VIP,0.01,26.98
C068531,385.0,New,0.07,26.95
C002260,1346.3,VIP,0.02,26.93
C049798,1346.45,Loyal,0.02,26.93
C099323,897.22,VIP,0.03,26.92
C067838,2690.7,New,0.01,26.91
C064001,448.25,Loyal,0.06,26.9
C062437,672.58,VIP,0.04,26.9
C052151,1344.48,Loyal,0.02,26.89
C096107,2689.37,Returning,0.01,26.89
C098852,32.79,New,0.82,26.89
C019448,447.96,New,0.06,26.88
C044456,2686.57,VIP,0.01,26.87
C094198,895.61,Returning,0.03,26.87
C090872,895.25,New,0.03,26.86
C078541,2684.58,New,0.01,26.85
C013580,671.26,Loyal,0.04,26.85
C027335,447.47,Returning,0.06,26.85
C007295,1341.27,Loyal,0.02,26.83
C078705,2682.54,VIP,0.01,26.83
C095248,893.99,Loyal,0.03,26.82
C090898,297.99,VIP,0.09,26.82
C056458,1341.1,Returning,0.02,26.82
C027689,1340.43,Returning,0.02,26.81
C043204,1339.75,Loyal,0.02,26.8
C044455,893.02,New,0.03,26.79
C060518,1338.59,New,0.02,26.77
C055318,669.22,Loyal,0.04,26.77
C096689,2674.61,Returning,0.01,26.75
C042855,1336.87,Loyal,0.02,26.74
C020305,1337.07,Loyal,0.02,26.74
C049612,1335.07,New,0.02,26.7
C053186,35.6,Loyal,0.75,26.7
C056102,2667.34,Loyal,0.01,26.67
C032985,2663.93,Returning,0.01,26.64
C080865,2662.24,New,0.01,26.62
C002418,2660.36,New,0.01,26.6
C034352,331.69,VIP,0.08,26.54
C031788,2652.29,Returning,0.01,26.52
C013452,1324.97,New,0.02,26.5
C051750,27.86,VIP,0.95,26.47
C037830,440.89,New,0.06,26.45
C076887,2644.11,Returning,0.01,26.44
C010375,528.14,VIP,0.05,26.41
C002391,1319.89,VIP,0.02,26.4
C062278,879.94,VIP,0.03,26.4
C023170,2640.0,New,0.01,26.4
C079205,1319.28,Returning,0.02,26.39
C034067,2639.44,New,0.01,26.39
C088694,439.8,New,0.06,26.39
C088225,879.21,Returning,0.03,26.38
C087831,146.47,New,0.18,26.36
C005327,2634.07,Loyal,0.01,26.34
C071790,1316.36,Loyal,0.02,26.33
C008509,2629.72,VIP,0.01,26.3
C007135,876.47,VIP,0.03,26.29
C008356,87.63,Returning,0.3,26.29
C064439,2627.8,VIP,0.01,26.28
C058851,656.94,Returning,0.04,26.28
C033020,2627.32,VIP,0.01,26.27
C089231,2626.87,New,0.01,26.27
C042848,174.9,Returning,0.15,26.24
C058534,2624.21,VIP,0.01,26.24
C021610,374.37,Returning,0.07,26.21
C093576,2619.32,New,0.01,26.19
C007782,2619.12,Loyal,0.01,26.19
C005555,2616.62,VIP,0.01,26.17
C069134,1307.45,Returning,0.02,26.15
C078557,2614.16,Loyal,0.01,26.14
C086220,66.94,New,0.39,26.11
C034154,2609.6,Returning,0.01,26.1
C076836,236.99,New,0.11,26.07
C076140,2605.85,New,0.01,26.06
C018006,2604.88,New,0.01,26.05
C098813,260.39,Loyal,0.1,26.04
C072581,1300.41,Returning,0.02,26.01
C040652,1299.93,Loyal,0.02,26.0
C034193,1298.14,Returning,0.02,25.96
C017092,43.24,Loyal,0.6,25.94
C051719,1296.87,Returning,0.02,25.94
C061451,1295.4,VIP,0.02,25.91
C046283,51.8,VIP,0.5,25.9
C029892,2586.71,Returning,0.01,25.87
C062661,1293.59,VIP,0.02,25.87
C057514,2584.92,VIP,0.01,25.85
C061180,646.34,Loyal,0.04,25.85
C033945,235.03,Returning,0.11,25.85
C079858,861.4,VIP,0.03,25.84
C004254,184.53,New,0.14,25.83
C004636,286.6,Loyal,0.09,25.79
C095112,1289.32,Loyal,0.02,25.79
C015977,234.22,New,0.11,25.76
C087380,2574.73,Loyal,0.01,25.75
C062897,643.79,Returning,0.04,25.75
C023395,286.05,New,0.09,25.74
C080458,643.6,Loyal,0.04,25.74
C024639,643.03,Loyal,0.04,25.72
C082200,2571.39,VIP,0.01,25.71
C062615,2570.17,VIP,0.01,25.7
C011044,2567.99,VIP,0.01,25.68
C090965,1282.73,Loyal,0.02,25.65
C028882,1282.22,Loyal,0.02,25.64
C020773,427.31,VIP,0.06,25.64
C033814,640.84,New,0.04,25.63
C057911,134.92,VIP,0.19,25.63
C000565,232.69,VIP,0.11,25.6
C099770,142.1,Loyal,0.18,25.58
C061219,639.18,New,0.04,25.57
C036826,319.47,New,0.08,25.56
C057739,852.11,Returning,0.03,25.56
C044283,365.21,Returning,0.07,25.56
C013245,2554.82,Returning,0.01,25.55
C023414,150.22,New,0.17,25.54
C078876,510.67,Loyal,0.05,25.53
C072129,850.9,New,0.03,25.53
C029935,170.05,New,0.15,25.51
C017010,2547.67,Returning,0.01,25.48
C049628,33.09,VIP,0.77,25.48
C083228,25.47,VIP,1.0,25.47
C028079,847.02,Returning,0.03,25.41
C048153,1270.74,Returning,0.02,25.41
C077554,2539.18,VIP,0.01,25.39
C042111,845.5,VIP,0.03,25.36
C075255,1267.02,Returning,0.02,25.34
C005605,211.19,Loyal,0.12,25.34
C068821,844.64,VIP,0.03,25.34
C062394,633.15,Returning,0.04,25.33
C018186,253.31,VIP,0.1,25.33
C066903,632.7,VIP,0.04,25.31
C087665,52.71,VIP,0.48,25.3
C065791,1264.98,Returning,0.02,25.3
C083430,2529.58,New,0.01,25.3
C044614,1264.2,VIP,0.02,25.28
C074840,2526.82,New,0.01,25.27
C094926,421.04,Loyal,0.06,25.26
C060374,631.35,Loyal,0.04,25.25
C046861,838.37,Loyal,0.03,25.15
C044119,2512.38,Loyal,0.01,25.12
C020776,836.89,Loyal,0.03,25.11
C056931,278.79,Loyal,0.09,25.09
C016371,835.67,VIP,0.03,25.07
C044970,835.33,New,0.03,25.06
C010400,835.37,New,0.03,25.06
C051020,2504.28,VIP,0.01,25.04
C077424,1251.43,Loyal,0.02,25.03
C052578,2502.5,Loyal,0.01,25.02
C086040,1250.84,VIP,0.02,25.02
C023490,357.4,Returning,0.07,25.02
C037768,138.94,VIP,0.18,25.01
C063293,1250.01,New,0.02,25.0
C084427,1249.31,VIP,0.02,24.99
C068387,499.36,Loyal,0.05,24.97
C071365,2496.1,Returning,0.01,24.96
C094880,1247.09,Loyal,0.02,24.94
C028036,1246.21,New,0.02,24.92
C053068,311.36,New,0.08,24.91
C045035,829.96,VIP,0.03,24.9
C089120,355.22,Loyal,0.07,24.87
C079081,24.86,Returning,1.0,24.86
C075064,248.48,New,0.1,24.85
C071535,621.31,VIP,0.04,24.85
C043894,2482.21,Loyal,0.01,24.82
C032830,620.32,New,0.04,24.81
C022022,2478.67,Returning,0.01,24.79
C043319,413.05,Loyal,0.06,24.78
C033272,309.69,New,0.08,24.78
C012268,495.48,New,0.05,24.77
C069898,26.07,Returning,0.95,24.77
C014595,1237.95,New,0.02,24.76
C073056,825.45,VIP,0.03,24.76
C049732,68.77,Returning,0.36,24.76
C013717,2474.66,Loyal,0.01,24.75
C097774,2474.38,Returning,0.01,24.74
C003588,824.5,VIP,0.03,24.74
C093006,618.19,Returning,0.04,24.73
C021854,617.5,New,0.04,24.7
C011127,823.11,VIP,0.03,24.69
C089921,2468.56,Loyal,0.01,24.69
C090167,27.12,Loyal,0.91,24.68
C002624,352.04,Loyal,0.07,24.64
C066160,32.81,New,0.75,24.61
C031999,25.36,VIP,0.97,24.6
C037401,1228.45,Returning,0.02,24.57
C087119,818.93,VIP,0.03,24.57
C079537,613.82,New,0.04,24.55
C057504,409.09,Loyal,0.06,24.55
C059194,613.35,New,0.04,24.53
C039574,408.68,Loyal,0.06,24.52
C020071,408.58,Loyal,0.06,24.51
C004640,349.96,Returning,0.07,24.5
C066933,306.24,VIP,0.08,24.5
C069383,1223.69,New,0.02,24.47
C016636,305.8,VIP,0.08,24.46
C090417,1222.72,Loyal,0.02,24.45
C010011,1221.5,Loyal,0.02,24.43
C051101,488.48,New,0.05,24.42
C015393,2439.79,Returning,0.01,24.4
C040421,1220.12,New,0.02,24.4
C056205,1219.55,New,0.02,24.39
C066002,609.13,Returning,0.04,24.37
C011281,1218.55,New,0.02,24.37
C065866,2437.21,VIP,0.01,24.37
C046709,64.11,New,0.38,24.36
C037103,2434.74,Loyal,0.01,24.35
C095853,270.43,Loyal,0.09,24.34
C073815,186.94,New,0.13,24.3
C037064,809.71,VIP,0.03,24.29
C038762,1214.64,New,0.02,24.29
C084015,808.71,Loyal,0.03,24.26
C041797,269.49,Returning,0.09,24.25
C042325,2422.8,VIP,0.01,24.23
C099222,100.97,VIP,0.24,24.23
C072133,806.19,Loyal,0.03,24.19
C089754,403.0,Returning,0.06,24.18
C058436,805.61,New,0.03,24.17
C030043,2416.92,Returning,0.01,24.17
C032547,804.86,VIP,0.03,24.15
C021680,802.26,VIP,0.03,24.07
C000348,2404.75,Returning,0.01,24.05
C069554,801.04,VIP,0.03,24.03
C075023,2402.23,VIP,0.01,24.02
C013548,160.15,Returning,0.15,24.02
C069774,96.0,Returning,0.25,24.0
C009815,1200.21,Loyal,0.02,24.0
C033816,342.26,New,0.07,23.96
C055450,598.42,VIP,0.04,23.94
C088757,478.57,Loyal,0.05,23.93
C015160,1196.74,VIP,0.02,23.93
C020731,1196.19,Loyal,0.02,23.92
C006739,265.63,Returning,0.09,23.91
C092064,1195.33,VIP,0.02,23.91
C006652,1193.73,Returning,0.02,23.87
C007983,2387.43,Loyal,0.01,23.87
C057985,32.69,Returning,0.73,23.86
C033895,477.3,Returning,0.05,23.86
C045665,140.33,New,0.17,23.86
C040494,476.67,New,0.05,23.83
C021613,1190.92,Loyal,0.02,23.82
C054935,794.03,Loyal,0.03,23.82
C012996,1190.46,Loyal,0.02,23.81
C033407,340.16,Loyal,0.07,23.81
C096028,396.9,New,0.06,23.81
C054754,2380.02,Returning,0.01,23.8
C067703,198.17,New,0.12,23.78
C059703,791.96,VIP,0.03,23.76
C096658,1187.36,Loyal,0.02,23.75
C092748,593.37,Returning,0.04,23.73
C069663,1186.45,Loyal,0.02,23.73
C009259,25.23,VIP,0.94,23.72
C056717,2372.18,VIP,0.01,23.72
C003088,98.8,Loyal,0.24,23.71
C090672,2370.27,New,0.01,23.7
C048681,1184.54,New,0.02,23.69
C005880,592.32,Loyal,0.04,23.69
C073574,53.84,Loyal,0.44,23.69
C086713,338.33,Loyal,0.07,23.68
C058374,473.56,New,0.05,23.68
C006440,1183.0,Loyal,0.02,23.66
C015515,1182.98,New,0.02,23.66
C012973,1182.3,Loyal,0.02,23.65
C099306,590.91,New,0.04,23.64
C010855,2360.59,VIP,0.01,23.61
C006324,1179.92,Returning,0.02,23.6
C001153,1179.16,Returning,0.02,23.58
C077864,261.89,VIP,0.09,23.57
C022934,588.98,VIP,0.04,23.56
C045052,1178.25,Loyal,0.02,23.56
C049170,785.46,Returning,0.03,23.56
C007859,588.72,Loyal,0.04,23.55
C005396,86.91,New,0.27,23.47
C008386,469.07,New,0.05,23.45
C046237,781.28,Loyal,0.03,23.44
C003212,780.72,New,0.03,23.42
C025256,2340.87,Returning,0.01,23.41
C054371,468.11,VIP,0.05,23.41
C006977,1170.27,Loyal,0.02,23.41
C060289,1168.82,New,0.02,23.38
C026971,291.94,VIP,0.08,23.36
C056754,73.01,Returning,0.32,23.36
C080100,2335.67,New,0.01,23.36
C048463,122.95,New,0.19,23.36
C078217,2335.07,Returning,0.01,23.35
C058989,1165.48,Returning,0.02,23.31
C085508,26.19,VIP,0.89,23.31
C047024,1164.0,New,0.02,23.28
C070432,388.06,New,0.06,23.28
C090990,1163.74,New,0.02,23.27
C058223,2325.75,New,0.01,23.26
C001279,332.35,New,0.07,23.26
C014443,58.13,Returning,0.4,23.25
C088637,232.12,VIP,0.1,23.21
C021287,122.12,VIP,0.19,23.2
C007129,772.98,VIP,0.03,23.19
C000713,386.3,Loyal,0.06,23.18
C057035,578.88,Returning,0.04,23.16
C078092,578.21,Loyal,0.04,23.13
C081902,462.47,Returning,0.05,23.12
C038526,383.96,New,0.06,23.04
C062530,2303.32,Returning,0.01,23.03
C059063,2302.99,Loyal,0.01,23.03
C020684,1150.28,Returning,0.02,23.01
C049707,383.29,Returning,0.06,23.0
C051007,255.3,Returning,0.09,22.98
C088265,765.36,Returning,0.03,22.96
C088654,327.85,New,0.07,22.95
C085873,573.76,VIP,0.04,22.95
C075663,2293.25,Loyal,0.01,22.93
C067237,2292.26,Returning,0.01,22.92
C003700,573.08,New,0.04,22.92
C036178,572.6,VIP,0.04,22.9
C030311,2289.44,Loyal,0.01,22.89
C089152,381.28,New,0.06,22.88
C052696,2286.12,Returning,0.01,22.86
C085345,285.36,New,0.08,22.83
C011702,1141.17,Returning,0.02,22.82
C006105,1140.44,VIP,0.02,22.81
C054777,2281.17,Loyal,0.01,22.81
C035768,228.11,VIP,0.1,22.81
C009163,207.24,New,0.11,22.8
C056750,760.03,Returning,0.03,22.8
C071713,24.21,Loyal,0.94,22.76
C011688,1138.01,Returning,0.02,22.76
C053403,2276.36,Loyal,0.01,22.76
C056202,126.45,VIP,0.18,22.76
C022123,1137.98,Returning,0.02,22.76
C073084,324.5,VIP,0.07,22.72
C097621,2270.67,VIP,0.01,22.71
C019535,1133.93,Returning,0.02,22.68
C066990,1134.16,New,0.02,22.68
C042898,1133.48,New,0.02,22.67
C044094,226.58,Loyal,0.1,22.66
C061364,755.25,New,0.03,22.66
C037138,323.66,Returning,0.07,22.66
C040667,452.93,Returning,0.05,22.65
C004198,2265.44,New,0.01,22.65
C079374,377.42,New,0.06,22.65
C041672,2265.11,VIP,0.01,22.65
C021369,45.28,Loyal,0.5,22.64
C071782,1131.34,Returning,0.02,22.63
C070371,226.05,Returning,0.1,22.61
C063849,1130.34,New,0.02,22.61
C094778,1129.63,Loyal,0.02,22.59
C095204,1128.95,VIP,0.02,22.58
C084747,2258.01,VIP,0.01,22.58
C019973,563.79,Returning,0.04,22.55
C019656,321.77,Returning,0.07,22.52
C051011,748.9,VIP,0.03,22.47
C040514,373.93,VIP,0.06,22.44
C024848,748.1,Loyal,0.03,22.44
C061612,373.72,New,0.06,22.42
C011931,1120.74,Returning,0.02,22.41
C001685,747.06,VIP,0.03,22.41
C089489,2240.58,New,0.01,22.41
C075519,2241.38,VIP,0.01,22.41
C037504,559.52,VIP,0.04,22.38
C028297,2235.81,VIP,0.01,22.36
C058171,2235.97,Loyal,0.01,22.36
C056490,1117.67,VIP,0.02,22.35
C004879,248.28,Loyal,0.09,22.35
C006010,319.26,Loyal,0.07,22.35
C045088,2233.9,New,0.01,22.34
C074428,2232.88,Returning,0.01,22.33
C036775,446.67,VIP,0.05,22.33
C013586,2232.97,VIP,0.01,22.33
C016358,2232.99,Returning,0.01,22.33
C039785,2231.59,Returning,0.01,22.32
C087472,446.21,Returning,0.05,22.31
C049330,557.55,Returning,0.04,22.3
C034492,445.72,New,0.05,22.29
C098173,1113.66,New,0.02,22.27
C060148,2227.36,Returning,0.01,22.27
C002663,2221.78,Loyal,0.01,22.22
C090138,2221.85,Returning,0.01,22.22
C086616,2221.11,VIP,0.01,22.21
C057618,2220.04,Returning,0.01,22.2
C070448,277.34,VIP,0.08,22.19
C051097,2217.59,Returning,0.01,22.18
C018923,553.96,Loyal,0.04,22.16
C068715,116.6,Loyal,0.19,22.15
C015614,316.34,New,0.07,22.14
C092696,442.56,Returning,0.05,22.13
C019285,1106.07,Loyal,0.02,22.12
C091154,552.6,New,0.04,22.1
C089682,221.0,VIP,0.1,22.1
C084529,441.92,Loyal,0.05,22.1
C002438,2209.4,Returning,0.01,22.09
C042538,42.49,New,0.52,22.09
C062448,1104.17,Loyal,0.02,22.08
C073850,550.93,Returning,0.04,22.04
C063161,2203.32,Returning,0.01,22.03
C016425,314.53,Loyal,0.07,22.02
C037077,2200.67,New,0.01,22.01
C076791,2201.01,New,0.01,22.01
C006957,733.39,VIP,0.03,22.0
C082802,732.63,VIP,0.03,21.98
C091018,548.94,Loyal,0.04,21.96
C022662,2189.93,New,0.01,21.9
C098102,30.85,New,0.71,21.9
C045640,437.83,Returning,0.05,21.89
C026678,364.74,New,0.06,21.88
C094028,312.62,Returning,0.07,21.88
C059369,546.69,VIP,0.04,21.87
C053343,546.7,Loyal,0.04,21.87
C036336,1093.01,New,0.02,21.86
C057700,198.61,Returning,0.11,21.85
C018970,1092.54,Loyal,0.02,21.85
C052732,2184.08,Returning,0.01,21.84
C000314,364.01,New,0.06,21.84
C092303,727.43,Returning,0.03,21.82
C017255,363.38,VIP,0.06,21.8
C092902,363.13,Returning,0.06,21.79
C078084,1088.84,VIP,0.02,21.78
C017721,2177.06,New,0.01,21.77
C079132,310.5,Loyal,0.07,21.74
C090139,543.02,New,0.04,21.72
C056057,310.27,New,0.07,21.72
C051186,217.09,New,0.1,21.71
C070381,35.01,Loyal,0.62,21.71
C038992,2171.39,VIP,0.01,21.71
C058706,723.41,Loyal,0.03,21.7
C030674,2168.87,Loyal,0.01,21.69
C028428,271.18,New,0.08,21.69
C035404,1084.13,New,0.02,21.68
C077310,309.44,New,0.07,21.66
C017540,721.82,New,0.03,21.65
C032387,2165.21,VIP,0.01,21.65
C081793,2162.38,New,0.01,21.62
C012695,540.21,VIP,0.04,21.61
C084710,2160.72,New,0.01,21.61
C015991,2160.57,Loyal,0.01,21.61
C096927,1079.97,New,0.02,21.6
C057102,720.02,Loyal,0.03,21.6
C017438,359.43,New,0.06,21.57
C004999,23.95,VIP,0.9,21.56
C020797,1076.86,Loyal,0.02,21.54
C042103,165.56,VIP,0.13,21.52
C072367,2151.31,VIP,0.01,21.51
C034351,716.56,Loyal,0.03,21.5
C084813,2148.17,New,0.01,21.48
C011907,2146.74,Returning,0.01,21.47
C089977,2146.7,Loyal,0.01,21.47
C009198,2143.42,Loyal,0.01,21.43
C066449,2141.51,Returning,0.01,21.42
C085309,267.36,VIP,0.08,21.39
C073260,2137.42,VIP,0.01,21.37
C072482,118.66,VIP,0.18,21.36
C011588,533.69,New,0.04,21.35
C086984,266.67,Loyal,0.08,21.33
C070860,355.03,Returning,0.06,21.3
C091657,709.59,VIP,0.03,21.29
C065994,354.51,Loyal,0.06,21.27
C045967,708.18,Loyal,0.03,21.25
C007364,22.35,New,0.95,21.23
C028586,2122.0,VIP,0.01,21.22
C060455,30.74,Returning,0.69,21.21
C075417,303.02,VIP,0.07,21.21
C030903,353.37,Returning,0.06,21.2
C059617,1059.94,Returning,0.02,21.2
C085816,705.65,New,0.03,21.17
C055491,705.47,New,0.03,21.16
C035348,2114.63,VIP,0.01,21.15
C011135,2115.26,New,0.01,21.15
C079229,234.94,VIP,0.09,21.14
C064091,703.57,Returning,0.03,21.11
C062351,351.63,New,0.06,21.1
C053134,527.23,VIP,0.04,21.09
C071576,22.66,VIP,0.93,21.07
C054999,421.13,Loyal,0.05,21.06
C095866,421.01,Returning,0.05,21.05
C056286,1051.83,New,0.02,21.04
C031381,1052.16,New,0.02,21.04
C091488,2102.64,Loyal,0.01,21.03
C006449,1051.48,Loyal,0.02,21.03
C053632,2101.64,Loyal,0.01,21.02
C000550,36.86,New,0.57,21.01
C045301,420.0,VIP,0.05,21.0
C071162,699.43,Loyal,0.03,20.98
C090243,233.07,Loyal,0.09,20.98
C030659,1047.79,VIP,0.02,20.96
C058079,522.93,VIP,0.04,20.92
C060074,160.87,Returning,0.13,20.91
C036839,1045.08,Returning,0.02,20.9
C056462,2088.98,New,0.01,20.89
C039012,2088.52,New,0.01,20.89
C011713,1043.6,Returning,0.02,20.87
C065957,347.71,Returning,0.06,20.86
C029945,61.36,Returning,0.34,20.86
C056746,1042.47,New,0.02,20.85
C078921,2084.21,New,0.01,20.84
C029246,694.02,Returning,0.03,20.82
C037914,260.08,Loyal,0.08,20.81
C001697,346.65,Returning,0.06,20.8
C074458,1038.77,Returning,0.02,20.78
C067418,2073.06,Returning,0.01,20.73
C084804,1036.65,Loyal,0.02,20.73
C073342,518.07,Loyal,0.04,20.72
C097977,414.39,Loyal,0.05,20.72
C071108,1035.25,VIP,0.02,20.7
C021615,689.22,Loyal,0.03,20.68
C058728,147.36,Loyal,0.14,20.63
C080416,1031.6,Loyal,0.02,20.63
C012154,2062.37,Loyal,0.01,20.62
C029442,686.42,Returning,0.03,20.59
C065576,2058.19,Returning,0.01,20.58
C020902,158.23,Returning,0.13,20.57
C087151,1028.57,Returning,0.02,20.57
C044404,1027.28,Loyal,0.02,20.55
C084653,76.11,New,0.27,20.55
C016818,684.38,Loyal,0.03,20.53
C096288,2052.69,VIP,0.01,20.53
C058314,1026.64,Loyal,0.02,20.53
C004035,293.14,New,0.07,20.52
C005454,1025.69,New,0.02,20.51
C065410,31.07,Returning,0.66,20.51
C096493,409.95,New,0.05,20.5
C050565,1025.15,Loyal,0.02,20.5
C073646,2048.43,Loyal,0.01,20.48
C051428,1024.2,VIP,0.02,20.48
C040314,1023.7,Loyal,0.02,20.47
C049961,2044.66,Returning,0.01,20.45
C046369,22.98,New,0.89,20.45
C019887,2045.44,Loyal,0.01,20.45
C060403,1021.54,Loyal,0.02,20.43
C092948,680.22,Returning,0.03,20.41
C015398,340.02,New,0.06,20.4
C050335,2040.26,Returning,0.01,20.4
C096440,1019.39,New,0.02,20.39
C083593,509.27,New,0.04,20.37
C021969,2035.02,Returning,0.01,20.35
C028073,406.69,New,0.05,20.33
C042710,1016.03,New,0.02,20.32
C077158,67.66,Returning,0.3,20.3
C055040,338.31,Returning,0.06,20.3
C009316,2025.54,New,0.01,20.26
C092084,1013.04,New,0.02,20.26
C051655,2026.09,Returning,0.01,20.26
C080562,1012.59,VIP,0.02,20.25
C064994,2024.95,Returning,0.01,20.25
C018107,224.95,Returning,0.09,20.25
C082654,2024.8,VIP,0.01,20.25
C001901,253.17,Returning,0.08,20.25
C090389,337.17,New,0.06,20.23
C051744,252.91,Returning,0.08,20.23
C083183,20.85,Loyal,0.97,20.22
C050089,505.32,VIP,0.04,20.21
C051782,2020.7,VIP,0.01,20.21
C047173,673.72,Loyal,0.03,20.21
C008551,224.61,New,0.09,20.21
C016052,2020.57,New,0.01,20.21
C020269,2020.45,New,0.01,20.2
C013199,1009.88,Returning,0.02,20.2
C078490,125.83,Returning,0.16,20.13
C037795,23.67,VIP,0.85,20.12
C022257,91.44,VIP,0.22,20.12
C028268,502.65,Loyal,0.04,20.11
C052540,2009.83,New,0.01,20.1
C025890,670.1,VIP,0.03,20.1
C035245,669.86,VIP,0.03,20.1
C055435,1004.5,New,0.02,20.09
C024403,251.09,VIP,0.08,20.09
C023157,401.83,VIP,0.05,20.09
C081466,2007.52,New,0.01,20.08
C048886,2006.51,New,0.01,20.07
C092826,401.44,New,0.05,20.07
C055195,668.51,VIP,0.03,20.06
C097192,2004.06,VIP,0.01,20.04
C037180,2001.91,Loyal,0.01,20.02
C071569,400.31,VIP,0.05,20.02
C056136,2000.86,VIP,0.01,20.01
C038078,666.87,VIP,0.03,20.01
C091939,1999.51,Returning,0.01,20.0
C089719,666.06,New,0.03,19.98
C099956,52.59,Returning,0.38,19.98
C095237,285.28,New,0.07,19.97
C057791,998.24,VIP,0.02,19.96
C045460,665.32,Loyal,0.03,19.96
C030283,181.41,VIP,0.11,19.96
C076295,498.67,VIP,0.04,19.95
C019357,332.23,Returning,0.06,19.93
C068950,1992.65,Loyal,0.01,19.93
C096370,996.71,Loyal,0.02,19.93
C021759,996.7,New,0.02,19.93
C072058,1992.29,Loyal,0.01,19.92
C002545,995.84,New,0.02,19.92
C004008,1990.72,Loyal,0.01,19.91
C060477,662.68,Loyal,0.03,19.88
C063617,662.5,VIP,0.03,19.88
C007027,1987.08,VIP,0.01,19.87
C085634,993.54,Loyal,0.02,19.87
C075455,661.28,Returning,0.03,19.84
C036719,661.4,New,0.03,19.84
C054383,283.31,New,0.07,19.83
C008785,396.67,Returning,0.05,19.83
C091438,1978.87,Returning,0.01,19.79
C020583,282.71,Loyal,0.07,19.79
C011031,1979.24,Returning,0.01,19.79
C037173,989.36,New,0.02,19.79
C097012,131.95,New,0.15,19.79
C066872,21.25,Returning,0.93,19.76
C044386,987.59,VIP,0.02,19.75
C079185,47.01,New,0.42,19.74
C069257,281.82,New,0.07,19.73
C045181,657.83,New,0.03,19.73
C094482,493.0,VIP,0.04,19.72
C044001,75.81,VIP,0.26,19.71
C042861,1971.26,VIP,0.01,19.71
C087908,393.95,New,0.05,19.7
C041866,656.51,New,0.03,19.7
C011452,983.65,Returning,0.02,19.67
C095950,1963.62,New,0.01,19.64
C061516,1963.39,New,0.01,19.63
C067247,980.37,Loyal,0.02,19.61
C010599,489.95,New,0.04,19.6
C034449,652.84,Loyal,0.03,19.59
C063285,653.01,Returning,0.03,19.59
C045553,652.29,Loyal,0.03,19.57
C082588,1956.73,New,0.01,19.57
C087963,1956.88,New,0.01,19.57
C023446,326.14,Returning,0.06,19.57
C039015,652.39,Loyal,0.03,19.57
C088977,1956.07,VIP,0.01,19.56
C028110,1955.31,VIP,0.01,19.55
C014453,1955.36,Loyal,0.01,19.55
C052503,1953.75,New,0.01,19.54
C095696,976.08,VIP,0.02,19.52
C011824,390.0,New,0.05,19.5
C020943,216.7,New,0.09,19.5
C092549,389.38,New,0.05,19.47
C008094,1944.58,VIP,0.01,19.45
C047811,58.93,Returning,0.33,19.45
C018635,1944.81,Returning,0.01,19.45
C070192,484.87,Loyal,0.04,19.39
C050816,149.12,Returning,0.13,19.39
C040284,645.72,Returning,0.03,19.37
C069061,215.16,Loyal,0.09,19.36
C007621,1935.81,New,0.01,19.36
C076046,1934.17,Loyal,0.01,19.34
C002786,1933.67,VIP,0.01,19.34
C007337,1934.44,VIP,0.01,19.34
C089276,214.77,Loyal,0.09,19.33
C040288,386.14,Returning,0.05,19.31
C059138,963.83,Loyal,0.02,19.28
C011763,240.72,New,0.08,19.26
C066289,1925.89,Loyal,0.01,19.26
C023634,19.81,Loyal,0.97,19.22
C061676,174.53,VIP,0.11,19.2
C046883,959.72,New,0.02,19.19
C007384,958.52,Loyal,0.02,19.17
C083951,383.46,Returning,0.05,19.17
C017820,1916.25,Returning,0.01,19.16
C037916,159.56,Loyal,0.12,19.15
C085361,21.28,VIP,0.9,19.15
C068863,637.9,New,0.03,19.14
C049255,127.63,New,0.15,19.14
C060499,1913.12,New,0.01,19.13
C070694,1912.19,VIP,0.01,19.12
C058926,318.6,VIP,0.06,19.12
C066194,381.87,Returning,0.05,19.09
C095684,636.39,Returning,0.03,19.09
C022927,271.94,Returning,0.07,19.04
C028459,951.31,New,0.02,19.03
C056735,380.38,Returning,0.05,19.02
C012067,633.84,VIP,0.03,19.02
C018497,1901.77,Loyal,0.01,19.02
C026395,135.88,Returning,0.14,19.02
C064572,79.23,VIP,0.24,19.02
C026865,951.24,VIP,0.02,19.02
C085417,475.34,New,0.04,19.01
C065061,633.61,Loyal,0.03,19.01
C022468,271.58,New,0.07,19.01
C032756,20.89,Returning,0.91,19.01
C039305,633.23,Returning,0.03,19.0
C029977,1899.1,VIP,0.01,18.99
C022035,633.14,New,0.03,18.99
C014020,379.53,Loyal,0.05,18.98
C074020,379.67,Loyal,0.05,18.98
C029132,1897.8,Loyal,0.01,18.98
C058638,1896.94,New,0.01,18.97
C090533,236.81,New,0.08,18.94
C008701,472.86,VIP,0.04,18.91
C004587,472.51,Returning,0.04,18.9
C039764,72.67,VIP,0.26,18.89
C049196,471.93,VIP,0.04,18.88
C006634,944.08,VIP,0.02,18.88
C043481,471.87,Loyal,0.04,18.87
C086001,1885.8,Returning,0.01,18.86
C091741,942.08,New,0.02,18.84
C066311,314.08,Returning,0.06,18.84
C004563,1879.46,New,0.01,18.79
C048266,1878.88,Loyal,0.01,18.79
C083777,267.94,Returning,0.07,18.76
C064557,1874.67,New,0.01,18.75
C004117,133.86,New,0.14,18.74
C060377,624.64,VIP,0.03,18.74
C058125,936.32,New,0.02,18.73
C097706,467.47,Loyal,0.04,18.7
C091848,1868.63,VIP,0.01,18.69
C023988,233.55,New,0.08,18.68
C002399,266.79,Returning,0.07,18.68
C025141,933.98,Returning,0.02,18.68
C051090,466.71,New,0.04,18.67
C019846,622.31,Loyal,0.03,18.67
C007829,932.93,VIP,0.02,18.66
C064691,232.96,New,0.08,18.64
C031376,310.64,Returning,0.06,18.64
C062789,1864.45,Returning,0.01,18.64
C090336,372.61,Returning,0.05,18.63
C072991,372.54,Loyal,0.05,18.63
C078736,124.2,Loyal,0.15,18.63
C040369,465.63,Loyal,0.04,18.63
C025764,620.19,VIP,0.03,18.61
C074987,1861.45,Loyal,0.01,18.61
C011932,1860.6,Returning,0.01,18.61
C089266,1860.71,Loyal,0.01,18.61
C084078,464.93,Returning,0.04,18.6
C007476,1859.77,Loyal,0.01,18.6
C034099,465.04,Loyal,0.04,18.6
C062353,619.24,VIP,0.03,18.58
C008732,116.0,New,0.16,18.56
C001140,618.05,Returning,0.03,18.54
C045828,925.94,New,0.02,18.52
C059983,370.38,New,0.05,18.52
C034234,123.4,VIP,0.15,18.51
C003930,1850.8,VIP,0.01,18.51
C024573,616.79,VIP,0.03,18.5
C010981,924.67,New,0.02,18.49
C039577,369.46,Loyal,0.05,18.47
C096923,307.74,VIP,0.06,18.46
C045248,368.95,New,0.05,18.45
C039011,115.33,VIP,0.16,18.45
C033067,1842.84,Loyal,0.01,18.43
C047454,1840.15,Returning,0.01,18.4
C098089,919.04,Returning,0.02,18.38
C045493,918.75,Loyal,0.02,18.38
C074200,203.9,VIP,0.09,18.35
C011598,611.63,New,0.03,18.35
C002339,366.71,VIP,0.05,18.34
C004635,917.24,VIP,0.02,18.34
C094318,458.13,Returning,0.04,18.33
C099475,1831.69,Loyal,0.01,18.32
C021070,610.63,Loyal,0.03,18.32
C095885,457.83,Loyal,0.04,18.31
C085264,610.05,Returning,0.03,18.3
C058888,1830.06,New,0.01,18.3
C047940,228.6,Returning,0.08,18.29
C083305,609.67,VIP,0.03,18.29
C085061,914.48,VIP,0.02,18.29
C053082,44.57,Loyal,0.41,18.27
C093957,1823.4,Loyal,0.01,18.23
C083956,364.32,Returning,0.05,18.22
C074305,607.18,Loyal,0.03,18.22
C056025,606.78,New,0.03,18.2
C029041,606.65,New,0.03,18.2
C004362,364.03,Returning,0.05,18.2
C089668,605.93,Loyal,0.03,18.18
C070156,606.04,New,0.03,18.18
C045337,454.47,Returning,0.04,18.18
C014562,606.06,Loyal,0.03,18.18
C055470,1816.88,Returning,0.01,18.17
C012909,302.73,Loyal,0.06,18.16
C094760,181.62,New,0.1,18.16
C023229,1814.55,New,0.01,18.15
C042219,18.88,VIP,0.96,18.12
C027538,258.78,VIP,0.07,18.11
C089777,78.68,VIP,0.23,18.1
C014216,301.43,New,0.06,18.09
C023091,361.85,New,0.05,18.09
C050731,1807.81,Loyal,0.01,18.08
C020021,903.31,New,0.02,18.07
C024383,1806.15,Returning,0.01,18.06
C074956,361.24,VIP,0.05,18.06
C021106,1804.63,New,0.01,18.05
C053249,300.74,Returning,0.06,18.04
C092266,901.85,New,0.02,18.04
C091284,1802.7,New,0.01,18.03
C044521,360.63,New,0.05,18.03
C037548,601.06,New,0.03,18.03
C073312,100.09,New,0.18,18.02
C072030,900.41,VIP,0.02,18.01
C069406,1799.54,Loyal,0.01,18.0
C057095,20.93,VIP,0.86,18.0
C015970,899.22,VIP,0.02,17.98
C011896,1796.25,Returning,0.01,17.96
C017002,1792.72,VIP,0.01,17.93
C061959,896.06,VIP,0.02,17.92
C038004,255.89,Loyal,0.07,17.91
C044643,162.85,VIP,0.11,17.91
C018421,895.37,New,0.02,17.91
C012884,1786.85,VIP,0.01,17.87
C041884,890.41,New,0.02,17.81
C088140,890.14,New,0.02,17.8
C098648,593.06,Loyal,0.03,17.79
C034497,1779.33,Loyal,0.01,17.79
C089688,592.03,VIP,0.03,17.76
C023975,592.16,Returning,0.03,17.76
C018440,1775.84,Returning,0.01,17.76
C071381,1774.62,Returning,0.01,17.75
C066450,887.4,VIP,0.02,17.75
C030339,887.19,Loyal,0.02,17.74
C061524,591.11,VIP,0.03,17.73
C048656,1773.4,New,0.01,17.73
C005552,196.83,VIP,0.09,17.71
C050330,885.44,VIP,0.02,17.71
C087049,884.37,VIP,0.02,17.69
C091596,589.6,New,0.03,17.69
C057992,884.47,Loyal,0.02,17.69
C099924,176.68,VIP,0.1,17.67
C014814,1765.55,Loyal,0.01,17.66
C064680,294.15,Returning,0.06,17.65
C049400,441.34,New,0.04,17.65
C098666,146.9,New,0.12,17.63
C019079,1761.82,Returning,0.01,17.62
C007674,440.61,Returning,0.04,17.62
C072840,293.46,New,0.06,17.61
C006400,1760.01,Returning,0.01,17.6
C011857,440.08,VIP,0.04,17.6
C031266,879.77,Loyal,0.02,17.6
C024437,1759.92,New,0.01,17.6
C034571,879.78,Loyal,0.02,17.6
C051165,879.32,VIP,0.02,17.59
C022497,878.74,Loyal,0.02,17.57
C087958,1756.63,Returning,0.01,17.57
C035636,585.41,New,0.03,17.56
C027449,26.19,VIP,0.67,17.55
C093954,1752.59,New,0.01,17.53
C010551,876.74,New,0.02,17.53
C002834,1752.51,Returning,0.01,17.53
C049502,876.12,Returning,0.02,17.52
C018986,582.62,New,0.03,17.48
C062217,872.69,Returning,0.02,17.45
C090358,348.86,Loyal,0.05,17.44
C059277,1744.34,New,0.01,17.44
C025988,1744.32,Loyal,0.01,17.44
C055531,871.5,Returning,0.02,17.43
C042743,1741.02,VIP,0.01,17.41
C036570,435.07,VIP,0.04,17.4
C029587,1737.99,VIP,0.01,17.38
C071409,1737.81,New,0.01,17.38
C057726,248.29,Loyal,0.07,17.38
C052842,289.61,VIP,0.06,17.38
C076775,579.14,New,0.03,17.37
C084757,1734.51,VIP,0.01,17.35
C048783,867.6,Returning,0.02,17.35
C073993,865.83,VIP,0.02,17.32
C089056,576.86,New,0.03,17.31
C050157,865.24,New,0.02,17.3
C076704,1729.32,New,0.01,17.29
C078508,1728.5,VIP,0.01,17.28
C060100,864.22,Returning,0.02,17.28
C065827,863.45,New,0.02,17.27
C052476,1726.52,New,0.01,17.27
C024457,1724.61,Returning,0.01,17.25
C039557,575.12,New,0.03,17.25
C039610,30.21,New,0.57,17.22
C022097,66.22,Returning,0.26,17.22
C065086,101.22,Loyal,0.17,17.21
C085139,1720.07,Loyal,0.01,17.2
C092358,286.7,New,0.06,17.2
C079317,1719.84,VIP,0.01,17.2
C083150,1719.43,Loyal,0.01,17.19
C036836,858.81,VIP,0.02,17.18
C003126,95.36,VIP,0.18,17.16
C059528,85.79,New,0.2,17.16
C099433,343.23,Returning,0.05,17.16
C057611,244.97,Loyal,0.07,17.15
C047256,343.02,VIP,0.05,17.15
C031917,856.67,New,0.02,17.13
C062040,1711.72,Loyal,0.01,17.12
C018846,428.01,Loyal,0.04,17.12
C022197,570.74,VIP,0.03,17.12
C040395,570.34,Loyal,0.03,17.11
C009905,213.75,VIP,0.08,17.1
C098963,854.76,New,0.02,17.1
C002174,1708.96,New,0.01,17.09
C092808,1707.36,Returning,0.01,17.07
C081941,1705.55,Loyal,0.01,17.06
C065394,852.48,VIP,0.02,17.05
C029336,340.0,New,0.05,17.0
C072560,425.12,New,0.04,17.0
C016771,339.51,VIP,0.05,16.98
C010021,1696.86,VIP,0.01,16.97
C002951,141.39,Returning,0.12,16.97
C017343,423.89,Returning,0.04,16.96
C067243,847.07,VIP,0.02,16.94
C062974,422.63,Returning,0.04,16.91
C057284,337.34,Returning,0.05,16.87
C057664,421.54,Returning,0.04,16.86
C043276,421.58,Loyal,0.04,16.86
C067058,1684.01,VIP,0.01,16.84
C055604,842.11,Returning,0.02,16.84
C085287,1681.32,Returning,0.01,16.81
C020459,186.76,Returning,0.09,16.81
C080273,120.08,Returning,0.14,16.81
C007951,140.04,New,0.12,16.8
C037200,79.97,VIP,0.21,16.79
C093555,186.54,VIP,0.09,16.79
C096404,558.73,VIP,0.03,16.76
C062707,334.97,Loyal,0.05,16.75
C027035,1674.02,Loyal,0.01,16.74
C095064,139.31,Loyal,0.12,16.72
C028863,1670.35,New,0.01,16.7
C046664,556.34,New,0.03,16.69
C044247,1667.35,Returning,0.01,16.67
C067791,832.07,VIP,0.02,16.64
C002126,1662.83,New,0.01,16.63
C004680,55.44,Returning,0.3,16.63
C090900,83.14,New,0.2,16.63
C036558,830.94,Returning,0.02,16.62
C047442,414.79,New,0.04,16.59
C070238,828.18,VIP,0.02,16.56
C054375,827.88,Returning,0.02,16.56
C037279,183.91,Returning,0.09,16.55
C076215,97.29,Loyal,0.17,16.54
C062585,413.48,VIP,0.04,16.54
C078495,330.72,Loyal,0.05,16.54
C091903,826.54,VIP,0.02,16.53
C096150,825.31,Loyal,0.02,16.51
C081880,549.48,New,0.03,16.48
C072759,1648.47,Returning,0.01,16.48
C082934,1647.13,New,0.01,16.47
C000380,548.87,Returning,0.03,16.47
C073287,137.24,VIP,0.12,16.47
C068362,1646.66,New,0.01,16.47
C036858,822.59,New,0.02,16.45
C043522,1644.0,New,0.01,16.44
C095184,328.48,VIP,0.05,16.42
C028176,410.47,VIP,0.04,16.42
C035914,547.07,Returning,0.03,16.41
C062327,546.83,Returning,0.03,16.4
C088811,181.88,New,0.09,16.37
C063020,816.61,Loyal,0.02,16.33
C035084,815.87,New,0.02,16.32
C085308,815.95,Loyal,0.02,16.32
C092745,181.24,New,0.09,16.31
C064215,1631.17,Returning,0.01,16.31
C026980,47.93,New,0.34,16.3
C022771,232.87,Returning,0.07,16.3
C014316,813.82,Returning,0.02,16.28
C077480,1627.37,Loyal,0.01,16.27
C065537,116.19,Loyal,0.14,16.27
C079584,812.67,VIP,0.02,16.25
C030729,270.65,Returning,0.06,16.24
C016817,811.33,New,0.02,16.23
C095763,405.79,Loyal,0.04,16.23
C041119,30.03,New,0.54,16.22
C052011,540.83,Returning,0.03,16.22
C000455,1621.92,Returning,0.01,16.22
C051181,1621.24,VIP,0.01,16.21
C040266,1620.76,VIP,0.01,16.21
C044661,1620.12,Loyal,0.01,16.2
C045030,539.76,VIP,0.03,16.19
C023974,539.83,VIP,0.03,16.19
C099466,124.49,Returning,0.13,16.18
C000266,808.57,VIP,0.02,16.17
C046675,1613.76,Returning,0.01,16.14
C006665,1612.98,New,0.01,16.13
C085499,268.79,Loyal,0.06,16.13
C025467,230.27,VIP,0.07,16.12
C096821,537.36,Loyal,0.03,16.12
C079878,1608.41,New,0.01,16.08
C060913,401.45,New,0.04,16.06
C089666,19.35,VIP,0.83,16.06
C093708,802.37,VIP,0.02,16.05
C093245,321.02,VIP,0.05,16.05
C070951,267.29,New,0.06,16.04
C016306,1602.09,Loyal,0.01,16.02
C025328,320.27,VIP,0.05,16.01
C069546,319.98,VIP,0.05,16.0
C068239,400.1,Returning,0.04,16.0
C024345,319.64,New,0.05,15.98
C050596,797.86,VIP,0.02,15.96
C042201,530.86,Loyal,0.03,15.93
C077595,796.61,VIP,0.02,15.93
C057183,530.19,New,0.03,15.91
C068068,132.59,New,0.12,15.91
C039642,1588.49,VIP,0.01,15.88
C047315,793.31,Returning,0.02,15.87
C029183,99.16,New,0.16,15.87
C040890,316.96,Loyal,0.05,15.85
C074201,1584.43,New,0.01,15.84
C005829,527.94,Loyal,0.03,15.84
C021268,1581.97,VIP,0.01,15.82
C093086,395.33,VIP,0.04,15.81
C041873,1580.83,New,0.01,15.81
C008677,790.53,Returning,0.02,15.81
C073700,526.71,Returning,0.03,15.8
C017970,788.99,VIP,0.02,15.78
C081668,75.15,New,0.21,15.78
C051396,788.0,New,0.02,15.76
C054551,787.72,VIP,0.02,15.75
C082212,262.28,Loyal,0.06,15.74
C039177,1574.02,Returning,0.01,15.74
C097372,786.57,VIP,0.02,15.73
C094218,785.63,Returning,0.02,15.71
C074441,314.1,Returning,0.05,15.71
C042886,523.77,VIP,0.03,15.71
C051387,1570.15,VIP,0.01,15.7
C056073,783.31,Loyal,0.02,15.67
C063952,71.18,Returning,0.22,15.66
C078524,521.97,VIP,0.03,15.66
C025621,521.66,Returning,0.03,15.65
C080439,20.59,New,0.76,15.65
C059690,55.83,New,0.28,15.63
C088375,1562.16,Loyal,0.01,15.62
C042785,1559.88,Loyal,0.01,15.6
C064606,311.74,VIP,0.05,15.59
C022187,389.29,VIP,0.04,15.57
C050525,518.41,New,0.03,15.55
C001739,141.4,Returning,0.11,15.55
C058031,776.34,Returning,0.02,15.53
C043972,517.45,VIP,0.03,15.52
C004288,221.61,VIP,0.07,15.51
C042729,310.17,New,0.05,15.51
C082656,774.76,Loyal,0.02,15.5
C050793,387.31,Returning,0.04,15.49
C018686,774.44,Loyal,0.02,15.49
C048268,774.24,Returning,0.02,15.48
C087020,773.64,New,0.02,15.47
C022712,1545.17,VIP,0.01,15.45
C016410,771.66,Loyal,0.02,15.43
C003538,771.74,Loyal,0.02,15.43
C031180,20.57,Loyal,0.75,15.43
C079737,513.86,Returning,0.03,15.42
C020771,1540.81,Loyal,0.01,15.41
C003103,769.83,VIP,0.02,15.4
C047321,1539.19,VIP,0.01,15.39
C074910,1537.47,Loyal,0.01,15.37
C015485,384.1,Returning,0.04,15.36
C086898,56.86,VIP,0.27,15.35
C049984,306.91,New,0.05,15.35
C056713,766.87,New,0.02,15.34
C089728,218.93,VIP,0.07,15.33
C047478,1532.33,Returning,0.01,15.32
C097256,765.61,New,0.02,15.31
C054624,1530.65,Returning,0.01,15.31
C051801,1530.23,New,0.01,15.3
C065173,382.57,Loyal,0.04,15.3
C013925,764.5,VIP,0.02,15.29
C078515,254.42,Loyal,0.06,15.27
C018123,380.89,Returning,0.04,15.24
C059555,761.98,Returning,0.02,15.24
C028069,380.3,Loyal,0.04,15.21
C095227,760.54,Returning,0.02,15.21
C002952,253.36,Returning,0.06,15.2
C007842,1519.73,New,0.01,15.2
C035232,303.71,Returning,0.05,15.19
C012607,1518.73,Returning,0.01,15.19
C031488,759.29,Returning,0.02,15.19
C089530,1516.79,New,0.01,15.17
C036443,303.26,New,0.05,15.16
C012230,252.66,Returning,0.06,15.16
C086563,1515.09,New,0.01,15.15
C075218,303.04,Returning,0.05,15.15
C085181,126.16,VIP,0.12,15.14
C035074,302.84,Loyal,0.05,15.14
C036059,756.99,New,0.02,15.14
C058043,1513.85,Loyal,0.01,15.14
C073719,1511.74,New,0.01,15.12
C010763,1511.46,Returning,0.01,15.11
C021528,1511.18,New,0.01,15.11
C012800,1510.86,Loyal,0.01,15.11
C080745,1509.81,Loyal,0.01,15.1
C046853,301.56,Returning,0.05,15.08
C094582,1507.28,New,0.01,15.07
C053654,753.37,Returning,0.02,15.07
C046223,301.23,Loyal,0.05,15.06
C016625,300.95,New,0.05,15.05
C026104,751.08,Returning,0.02,15.02
C040570,750.88,Returning,0.02,15.02
C068663,500.71,Loyal,0.03,15.02
C019717,749.89,Loyal,0.02,15.0
C082463,38.47,VIP,0.39,15.0
C089582,747.31,New,0.02,14.95
C008270,373.8,Returning,0.04,14.95
C094893,1494.94,New,0.01,14.95
C010029,373.61,New,0.04,14.94
C092793,1493.39,Loyal,0.01,14.93
C061987,1492.26,Loyal,0.01,14.92
C004670,746.02,Loyal,0.02,14.92
C042115,1491.3,Loyal,0.01,14.91
C034574,1491.1,New,0.01,14.91
C018620,1489.63,VIP,0.01,14.9
C007096,743.37,New,0.02,14.87
C091902,371.29,Loyal,0.04,14.85
C088438,742.66,Loyal,0.02,14.85
C055109,370.9,New,0.04,14.84
C002876,247.0,Loyal,0.06,14.82
C098521,741.01,Loyal,0.02,14.82
C063851,1479.82,Returning,0.01,14.8
C033178,1479.21,New,0.01,14.79
C095414,739.33,Loyal,0.02,14.79
C028896,1477.11,Loyal,0.01,14.77
C069258,70.34,New,0.21,14.77
C062306,369.07,Loyal,0.04,14.76
C028047,738.18,VIP,0.02,14.76
C074053,1475.48,Loyal,0.01,14.75
C091158,737.66,Loyal,0.02,14.75
C090662,1474.63,Loyal,0.01,14.75
C084455,294.88,New,0.05,14.74
C030293,1473.61,Loyal,0.01,14.74
C037876,1472.58,Returning,0.01,14.73
C036938,367.93,VIP,0.04,14.72
C097246,1470.96,Returning,0.01,14.71
C025374,734.39,Loyal,0.02,14.69
C026390,209.71,VIP,0.07,14.68
C046075,733.49,Loyal,0.02,14.67
C029579,81.41,Loyal,0.18,14.65
C087922,244.17,New,0.06,14.65
C041224,729.87,VIP,0.02,14.6
C082008,486.52,VIP,0.03,14.6
C079164,85.86,Loyal,0.17,14.6
C049920,729.23,Loyal,0.02,14.58
C081795,1457.76,Loyal,0.01,14.58
C090087,485.91,Returning,0.03,14.58
C061130,1458.06,Returning,0.01,14.58
C027546,1457.45,Loyal,0.01,14.57
C017031,728.43,Loyal,0.02,14.57
C009003,1455.64,Returning,0.01,14.56
C014763,727.91,Loyal,0.02,14.56
C073977,363.51,Returning,0.04,14.54
C098606,121.01,Loyal,0.12,14.52
C073173,362.39,New,0.04,14.5
C067910,362.44,Returning,0.04,14.5
C034012,144.85,VIP,0.1,14.48
C007166,289.08,Loyal,0.05,14.45
C005247,1443.88,VIP,0.01,14.44
C059908,1442.63,Loyal,0.01,14.43
C013381,480.4,New,0.03,14.41
C008530,719.99,Returning,0.02,14.4
C035137,479.85,Returning,0.03,14.4
C007996,719.52,Returning,0.02,14.39
C023145,719.2,Loyal,0.02,14.38
C066369,718.41,Returning,0.02,14.37
C055953,239.43,New,0.06,14.37
C015140,358.99,Returning,0.04,14.36
C076189,716.98,Loyal,0.02,14.34
C048063,1430.54,Returning,0.01,14.31
C032405,714.28,VIP,0.02,14.29
C029846,1428.45,New,0.01,14.28
C091932,355.92,Returning,0.04,14.24
C032201,25.89,New,0.55,14.24
C055537,1423.6,Returning,0.01,14.24
C055239,284.31,Returning,0.05,14.22
C030863,710.5,VIP,0.02,14.21
C080506,157.89,Returning,0.09,14.21
C056449,1420.11,Loyal,0.01,14.2
C035876,709.8,Returning,0.02,14.2
C054086,472.55,Returning,0.03,14.18
C025212,472.34,New,0.03,14.17
C061407,472.44,VIP,0.03,14.17
C006661,708.28,Returning,0.02,14.17
C071844,1415.32,New,0.01,14.15
C084627,353.42,VIP,0.04,14.14
C014378,353.51,New,0.04,14.14
C013481,353.02,Loyal,0.04,14.12
C034039,706.04,Loyal,0.02,14.12
C005289,201.77,VIP,0.07,14.12
C065805,704.88,Returning,0.02,14.1
C069936,469.71,New,0.03,14.09
C033042,200.93,Returning,0.07,14.07
C074504,281.43,New,0.05,14.07
C073565,351.54,New,0.04,14.06
C008570,1405.09,Returning,0.01,14.05
C071513,1403.77,New,0.01,14.04
C023273,1404.17,VIP,0.01,14.04
C065740,468.02,VIP,0.03,14.04
C098309,280.59,Returning,0.05,14.03
C081583,467.53,Loyal,0.03,14.03
C070431,467.35,Returning,0.03,14.02
C002098,1400.11,Returning,0.01,14.0
C030103,1399.56,VIP,0.01,14.0
C030804,155.45,Returning,0.09,13.99
C060256,349.43,Returning,0.04,13.98
C048588,349.21,VIP,0.04,13.97
C084662,349.29,Returning,0.04,13.97
C027605,349.02,New,0.04,13.96
C018484,1395.72,New,0.01,13.96
C051976,697.37,New,0.02,13.95
C071420,82.05,New,0.17,13.95
C002541,1394.43,Loyal,0.01,13.94
C089583,1393.91,New,0.01,13.94
C058806,696.56,VIP,0.02,13.93
C092220,87.02,Returning,0.16,13.92
C020574,1391.38,Returning,0.01,13.91
C096839,694.5,Returning,0.02,13.89
C038771,1388.76,New,0.01,13.89
C056209,231.49,Loyal,0.06,13.89
C049733,694.21,Loyal,0.02,13.88
C029196,462.19,Returning,0.03,13.87
C026666,1386.07,VIP,0.01,13.86
C035013,106.6,Loyal,0.13,13.86
C001061,1384.32,Returning,0.01,13.84
C089269,197.4,VIP,0.07,13.82
C058024,1381.7,Returning,0.01,13.82
C041423,690.49,VIP,0.02,13.81
C066547,153.28,VIP,0.09,13.8
C074366,275.98,Loyal,0.05,13.8
C020356,114.76,VIP,0.12,13.77
C004286,458.5,Loyal,0.03,13.76
C035440,458.83,New,0.03,13.76
C080376,342.88,New,0.04,13.72
C013769,1371.24,VIP,0.01,13.71
C061934,1370.46,New,0.01,13.7
C043558,136.91,Returning,0.1,13.69
C055928,1367.67,New,0.01,13.68
C004244,195.47,New,0.07,13.68
C054133,273.5,VIP,0.05,13.68
C074706,1366.73,Returning,0.01,13.67
C007617,683.65,Returning,0.02,13.67
C056297,683.0,New,0.02,13.66
C081347,341.4,New,0.04,13.66
C050586,1365.21,Returning,0.01,13.65
C078144,682.09,VIP,0.02,13.64
C016113,85.2,Loyal,0.16,13.63
C014045,680.83,Returning,0.02,13.62
C050441,90.65,Loyal,0.15,13.6
C088044,123.64,Returning,0.11,13.6
C038923,1360.5,Loyal,0.01,13.6
C052887,1359.63,Loyal,0.01,13.6
C030507,46.9,Loyal,0.29,13.6
C015866,226.57,New,0.06,13.59
C092374,1357.58,New,0.01,13.58
C021936,1358.37,VIP,0.01,13.58
C051816,75.4,New,0.18,13.57
C048987,678.18,VIP,0.02,13.56
C026935,677.38,VIP,0.02,13.55
C096223,1354.79,New,0.01,13.55
C035135,677.12,New,0.02,13.54
C023036,677.2,Returning,0.02,13.54
C001023,1353.65,Loyal,0.01,13.54
C074239,150.45,New,0.09,13.54
C000690,270.62,Returning,0.05,13.53
C020182,676.21,Loyal,0.02,13.52
C017013,1351.9,VIP,0.01,13.52
C051843,270.18,VIP,0.05,13.51
C052448,674.93,VIP,0.02,13.5
C014425,674.73,New,0.02,13.49
C044400,449.74,New,0.03,13.49
C056688,1348.21,Returning,0.01,13.48
C066461,269.69,Returning,0.05,13.48
C008836,1348.49,Returning,0.01,13.48
C021855,1348.1,Loyal,0.01,13.48
C073794,103.57,Returning,0.13,13.46
C009890,336.06,New,0.04,13.44
C092722,268.7,New,0.05,13.44
C064779,335.79,Returning,0.04,13.43
C081367,35.34,New,0.38,13.43
C086763,1343.29,VIP,0.01,13.43
C048275,30.5,Loyal,0.44,13.42
C010240,671.13,VIP,0.02,13.42
C084880,670.72,VIP,0.02,13.41
C033982,447.15,New,0.03,13.41
C000129,133.85,Returning,0.1,13.38
C044244,445.8,Returning,0.03,13.37
C029789,1333.99,Returning,0.01,13.34
C067677,444.61,Returning,0.03,13.34
C082978,222.3,Returning,0.06,13.34
C041028,1332.84,VIP,0.01,13.33
C061370,1331.17,Loyal,0.01,13.31
C072293,332.67,Returning,0.04,13.31
C044264,665.1,VIP,0.02,13.3
C072335,332.17,VIP,0.04,13.29
C060733,189.92,Returning,0.07,13.29
C071062,663.55,Loyal,0.02,13.27
C027971,1326.34,New,0.01,13.26
C007118,662.95,New,0.02,13.26
C099090,661.8,Returning,0.02,13.24
C054267,1324.39,New,0.01,13.24
C017420,661.86,Loyal,0.02,13.24
C093409,165.36,Returning,0.08,13.23
C070830,660.34,Returning,0.02,13.21
C092649,329.5,Loyal,0.04,13.18
C066213,658.38,Loyal,0.02,13.17
C073008,658.37,Returning,0.02,13.17
C024578,329.01,New,0.04,13.16
C037618,657.85,Loyal,0.02,13.16
C028815,657.09,VIP,0.02,13.14
C093156,218.92,VIP,0.06,13.14
C085268,1314.5,VIP,0.01,13.14
C072786,219.06,New,0.06,13.14
C020198,656.88,New,0.02,13.14
C015938,656.75,VIP,0.02,13.14
C056941,218.9,New,0.06,13.13
C082347,1312.48,Loyal,0.01,13.12
C093457,81.72,Loyal,0.16,13.08
C089364,1308.3,New,0.01,13.08
C024785,1307.28,Returning,0.01,13.07
C027865,118.84,New,0.11,13.07
C024548,217.88,Returning,0.06,13.07
C023088,217.77,New,0.06,13.07
C097247,1305.07,Returning,0.01,13.05
C039467,434.99,VIP,0.03,13.05
C087748,652.56,Loyal,0.02,13.05
C002300,325.95,VIP,0.04,13.04
C006651,1303.83,VIP,0.01,13.04
C016333,651.98,Returning,0.02,13.04
C086095,186.1,VIP,0.07,13.03
C002714,72.35,Returning,0.18,13.02
C088039,216.99,Returning,0.06,13.02
C045146,325.62,Returning,0.04,13.02
C013283,260.19,VIP,0.05,13.01
C025198,649.76,Returning,0.02,13.0
C013805,39.35,Loyal,0.33,12.99
C015316,1298.55,Loyal,0.01,12.99
C074036,61.8,VIP,0.21,12.98
C005758,259.49,VIP,0.05,12.97
C072161,648.29,New,0.02,12.97
C020238,324.0,Returning,0.04,12.96
C069788,144.04,Loyal,0.09,12.96
C057349,646.8,Loyal,0.02,12.94
C088664,646.88,New,0.02,12.94
C015753,646.85,Returning,0.02,12.94
C092705,646.47,VIP,0.02,12.93
C059583,61.56,New,0.21,12.93
C032991,258.36,New,0.05,12.92
C037588,1291.17,VIP,0.01,12.91
C071808,129.08,Returning,0.1,12.91
C012137,1289.6,VIP,0.01,12.9
C026128,1289.8,Loyal,0.01,12.9
C031303,214.69,VIP,0.06,12.88
C005965,321.91,Returning,0.04,12.88
C006560,643.52,Returning,0.02,12.87
C072637,643.51,Returning,0.02,12.87
C085861,321.71,New,0.04,12.87
C029415,1287.21,Loyal,0.01,12.87
C036850,643.35,VIP,0.02,12.87
C020832,214.35,New,0.06,12.86
C073268,257.21,Loyal,0.05,12.86
C030321,1285.51,VIP,0.01,12.86
C083055,321.3,New,0.04,12.85
C079021,321.03,Returning,0.04,12.84
C069934,1282.66,Loyal,0.01,12.83
C077882,256.58,VIP,0.05,12.83
C028113,256.53,Returning,0.05,12.83
C091994,256.39,Loyal,0.05,12.82
C047743,182.82,Returning,0.07,12.8
C010142,1280.21,VIP,0.01,12.8
C028810,640.0,Loyal,0.02,12.8
C032897,1280.36,Loyal,0.01,12.8
C035767,1278.76,New,0.01,12.79
C055344,1277.79,Loyal,0.01,12.78
C091500,1277.6,Returning,0.01,12.78
C083564,638.52,Returning,0.02,12.77
C075874,636.32,New,0.02,12.73
C022108,423.65,New,0.03,12.71
C080092,211.6,Loyal,0.06,12.7
C024881,253.56,New,0.05,12.68
C076372,1266.81,VIP,0.01,12.67
C024039,633.69,Loyal,0.02,12.67
C041907,1265.82,VIP,0.01,12.66
C061278,421.58,Returning,0.03,12.65
C059529,210.71,Returning,0.06,12.64
C078424,630.97,New,0.02,12.62
C057369,1261.22,VIP,0.01,12.61
C073098,315.22,Returning,0.04,12.61
C046017,157.63,Loyal,0.08,12.61
C029982,210.11,Loyal,0.06,12.61
C064020,630.07,New,0.02,12.6
C011804,252.02,VIP,0.05,12.6
C064405,1258.72,New,0.01,12.59
C078116,629.53,Loyal,0.02,12.59
C091616,1257.65,New,0.01,12.58
C072885,628.59,Returning,0.02,12.57
C066129,1256.59,Loyal,0.01,12.57
C013239,628.27,New,0.02,12.57
C096691,251.25,VIP,0.05,12.56
C072603,179.35,VIP,0.07,12.55
C057635,251.04,Loyal,0.05,12.55
C039193,313.81,VIP,0.04,12.55
C081473,627.34,VIP,0.02,12.55
C090730,1253.96,New,0.01,12.54
C011606,178.86,Returning,0.07,12.52
C008444,625.78,Loyal,0.02,12.52
C000135,1251.25,Returning,0.01,12.51
C093661,178.46,New,0.07,12.49
C021856,208.19,Returning,0.06,12.49
C056469,1249.18,Loyal,0.01,12.49
C069220,1247.75,Returning,0.01,12.48
C023786,1245.92,Returning,0.01,12.46
C074440,1245.12,VIP,0.01,12.45
C034535,414.93,Returning,0.03,12.45
C021077,155.56,Returning,0.08,12.44
C008182,414.7,New,0.03,12.44
C042506,1242.52,VIP,0.01,12.43
C047108,621.5,New,0.02,12.43
C020744,248.41,Returning,0.05,12.42
C023869,1241.23,Returning,0.01,12.41
C072208,620.1,Returning,0.02,12.4
C089483,309.67,VIP,0.04,12.39
C072327,247.89,VIP,0.05,12.39
C056580,176.85,VIP,0.07,12.38
C033076,247.31,VIP,0.05,12.37
C011584,618.02,New,0.02,12.36
C052530,1234.54,Returning,0.01,12.35
C041469,617.6,Loyal,0.02,12.35
C036544,411.22,Returning,0.03,12.34
C005810,616.37,VIP,0.02,12.33
C093117,153.9,VIP,0.08,12.31
C045158,123.06,VIP,0.1,12.31
C093178,409.9,Returning,0.03,12.3
C052424,72.37,Returning,0.17,12.3
C011724,614.3,Loyal,0.02,12.29
C032129,307.3,VIP,0.04,12.29
C086938,204.76,Loyal,0.06,12.29
C047645,153.67,VIP,0.08,12.29
C075133,204.52,VIP,0.06,12.27
C057113,409.02,New,0.03,12.27
C048791,153.37,VIP,0.08,12.27
C025401,153.35,Loyal,0.08,12.27
C056263,42.27,VIP,0.29,12.26
C027596,408.36,VIP,0.03,12.25
C009282,153.07,Loyal,0.08,12.25
C018513,612.55,New,0.02,12.25
C097266,122.38,New,0.1,12.24
C076361,1222.43,VIP,0.01,12.22
C078276,1222.25,VIP,0.01,12.22
C040307,32.95,VIP,0.37,12.19
C009808,174.13,Returning,0.07,12.19
C055816,60.81,New,0.2,12.16
C082163,607.77,Loyal,0.02,12.16
C065811,151.71,VIP,0.08,12.14
C094604,1212.84,Loyal,0.01,12.13
C083876,606.57,VIP,0.02,12.13
C002998,242.3,VIP,0.05,12.12
C006849,1211.54,VIP,0.01,12.12
C053832,134.54,VIP,0.09,12.11
C010239,403.59,VIP,0.03,12.11
C011623,1210.27,New,0.01,12.1
C032453,35.56,New,0.34,12.09
C092200,301.82,New,0.04,12.07
C010330,1205.53,VIP,0.01,12.06
C077913,301.28,Loyal,0.04,12.05
C085335,150.46,Loyal,0.08,12.04
C022566,1204.23,New,0.01,12.04
C007726,300.84,New,0.04,12.03
C041047,1201.11,VIP,0.01,12.01
C037867,1200.69,Returning,0.01,12.01
C049936,1198.8,Loyal,0.01,11.99
C023304,599.13,Loyal,0.02,11.98
C014886,599.2,New,0.02,11.98
C062447,1197.03,Returning,0.01,11.97
C073251,66.49,Loyal,0.18,11.97
C036273,239.1,Returning,0.05,11.96
C040579,1195.96,New,0.01,11.96
C029407,398.58,VIP,0.03,11.96
C015825,1195.72,VIP,0.01,11.96
C092247,1195.05,New,0.01,11.95
C094393,149.4,Loyal,0.08,11.95
C050024,398.44,Returning,0.03,11.95
C072181,596.88,New,0.02,11.94
C078885,1192.52,VIP,0.01,11.93
C023661,298.1,New,0.04,11.92
C049329,119.22,Returning,0.1,11.92
C075842,396.62,Loyal,0.03,11.9
C016099,1189.78,VIP,0.01,11.9
C043077,297.2,VIP,0.04,11.89
C081314,396.42,Returning,0.03,11.89
C037572,1187.87,New,0.01,11.88
C032160,1188.48,VIP,0.01,11.88
C043066,297.1,New,0.04,11.88
C021390,593.81,VIP,0.02,11.88
C036615,1187.16,New,0.01,11.87
C093647,296.84,VIP,0.04,11.87
C058135,296.26,New,0.04,11.85
C066606,1184.51,New,0.01,11.85
C087353,1185.0,Returning,0.01,11.85
C014186,591.95,VIP,0.02,11.84
C038817,394.03,Loyal,0.03,11.82
C066147,235.98,VIP,0.05,11.8
C013034,196.34,Returning,0.06,11.78
C010603,117.75,Returning,0.1,11.78
C033948,391.96,New,0.03,11.76
C069108,1175.83,Loyal,0.01,11.76
C023504,1176.05,Loyal,0.01,11.76
C024376,1174.76,New,0.01,11.75
C002728,1174.61,Loyal,0.01,11.75
C077411,391.5,VIP,0.03,11.74
C067921,1174.21,New,0.01,11.74
C031541,1173.03,Returning,0.01,11.73
C068114,1173.01,New,0.01,11.73
C030022,391.09,VIP,0.03,11.73
C063944,195.55,Loyal,0.06,11.73
C086858,586.08,Returning,0.02,11.72
C053132,117.2,New,0.1,11.72
C053419,390.24,Loyal,0.03,11.71
C068672,292.26,Returning,0.04,11.69
C074162,389.61,VIP,0.03,11.69
C075566,389.78,Loyal,0.03,11.69
C057421,388.79,VIP,0.03,11.66
C085731,387.78,New,0.03,11.63
C087070,1163.32,New,0.01,11.63
C042610,1161.01,Returning,0.01,11.61
C087742,290.18,VIP,0.04,11.61
C059129,290.36,Returning,0.04,11.61
C039967,1159.89,New,0.01,11.6
C070227,579.28,New,0.02,11.59
C021873,386.2,Loyal,0.03,11.59
C046089,385.62,Returning,0.03,11.57
C015873,1156.33,VIP,0.01,11.56
C006805,231.06,New,0.05,11.55
C045492,1153.64,Returning,0.01,11.54
C096934,1154.32,New,0.01,11.54
C068664,127.74,VIP,0.09,11.5
C093052,164.24,New,0.07,11.5
C036142,383.49,New,0.03,11.5
C016616,127.74,New,0.09,11.5
C072066,383.15,New,0.03,11.49
C043751,382.73,VIP,0.03,11.48
C044527,229.36,New,0.05,11.47
C048476,573.07,VIP,0.02,11.46
C098953,1146.03,New,0.01,11.46
C000089,1143.61,VIP,0.01,11.44
C083858,285.76,Returning,0.04,11.43
C058382,1142.5,Loyal,0.01,11.42
C069576,142.57,New,0.08,11.41
C029619,1140.89,New,0.01,11.41
C071441,379.84,New,0.03,11.4
C020218,227.71,Loyal,0.05,11.39
C064522,1138.51,Loyal,0.01,11.39
C048612,1138.25,VIP,0.01,11.38
C000776,568.94,Returning,0.02,11.38
C096352,378.84,Loyal,0.03,11.37
C092989,284.37,VIP,0.04,11.37
C070004,227.46,New,0.05,11.37
C016131,378.51,New,0.03,11.36
C083804,1134.62,Returning,0.01,11.35
C031704,567.45,Loyal,0.02,11.35
C092521,227.0,New,0.05,11.35
C027170,1132.0,New,0.01,11.32
C008666,1132.05,VIP,0.01,11.32
C086493,1131.91,New,0.01,11.32
C086452,282.81,Loyal,0.04,11.31
C011526,1129.68,Returning,0.01,11.3
C032250,376.65,Returning,0.03,11.3
C053581,376.43,Returning,0.03,11.29
C013127,282.2,New,0.04,11.29
C089324,563.92,Returning,0.02,11.28
C014366,375.62,VIP,0.03,11.27
C055862,125.12,VIP,0.09,11.26
C023049,563.24,Returning,0.02,11.26
C089351,375.35,Loyal,0.03,11.26
C019730,225.13,Loyal,0.05,11.26
C063511,562.35,New,0.02,11.25
C081447,561.28,Returning,0.02,11.23
C018968,1122.09,Loyal,0.01,11.22
C027659,560.47,Loyal,0.02,11.21
C046707,1120.89,VIP,0.01,11.21
C091113,560.59,Loyal,0.02,11.21
C011943,32.95,Returning,0.34,11.2
C072165,1120.37,Returning,0.01,11.2
C039159,373.38,Returning,0.03,11.2
C013840,559.89,New,0.02,11.2
C052188,1118.12,Loyal,0.01,11.18
C044395,372.59,Returning,0.03,11.18
C096592,1117.87,Loyal,0.01,11.18
C029983,279.47,Loyal,0.04,11.18
C017968,558.99,Returning,0.02,11.18
C073211,223.7,VIP,0.05,11.18
C057538,223.14,New,0.05,11.16
C017050,1113.62,Loyal,0.01,11.14
C065559,278.43,VIP,0.04,11.14
C027802,278.53,Loyal,0.04,11.14
C009782,278.49,VIP,0.04,11.14
C062843,278.18,New,0.04,11.13
C053711,185.52,Loyal,0.06,11.13
C044241,123.67,VIP,0.09,11.13
C013094,555.79,VIP,0.02,11.12
C034901,556.23,Loyal,0.02,11.12
C047538,185.33,New,0.06,11.12
C022351,185.2,VIP,0.06,11.11
C074002,123.38,New,0.09,11.1
C061137,1109.62,VIP,0.01,11.1
C031410,222.08,Returning,0.05,11.1
C070335,277.35,VIP,0.04,11.09
C091150,553.86,VIP,0.02,11.08
C060926,1106.58,VIP,0.01,11.07
C030577,368.63,VIP,0.03,11.06
C092885,368.25,VIP,0.03,11.05
C075048,1105.19,Returning,0.01,11.05
C012549,184.22,New,0.06,11.05
C033506,1105.29,New,0.01,11.05
C023193,1104.13,VIP,0.01,11.04
C051618,1103.81,VIP,0.01,11.04
C053777,1104.42,VIP,0.01,11.04
C074608,367.5,VIP,0.03,11.02
C086518,84.71,Returning,0.13,11.01
C056650,550.03,Loyal,0.02,11.0
C044637,550.2,New,0.02,11.0
C074776,274.59,New,0.04,10.98
C083910,183.08,Loyal,0.06,10.98
C043738,91.41,Returning,0.12,10.97
C001812,273.93,New,0.04,10.96
C064448,547.84,Returning,0.02,10.96
C038832,273.82,VIP,0.04,10.95
C013974,547.29,VIP,0.02,10.95
C094491,1091.13,Loyal,0.01,10.91
C088942,109.12,Loyal,0.1,10.91
C086412,545.31,VIP,0.02,10.91
C012491,41.95,Loyal,0.26,10.91
C011703,272.42,New,0.04,10.9
C074873,545.07,Loyal,0.02,10.9
C073662,272.35,VIP,0.04,10.89
C027108,1088.69,Returning,0.01,10.89
C017914,32.03,New,0.34,10.89
C081711,1088.18,New,0.01,10.88
C031168,108.82,New,0.1,10.88
C074546,544.08,VIP,0.02,10.88
C081370,362.59,Returning,0.03,10.88
C044751,1086.4,Returning,0.01,10.86
C024958,543.08,New,0.02,10.86
C030841,271.15,Returning,0.04,10.85
C031495,18.36,Loyal,0.59,10.83
C048623,541.31,VIP,0.02,10.83
C044161,541.6,New,0.02,10.83
C021229,1081.25,Loyal,0.01,10.81
C067231,216.24,New,0.05,10.81
C017156,216.29,Loyal,0.05,10.81
C029538,119.88,Loyal,0.09,10.79
C090440,359.44,Returning,0.03,10.78
C011501,359.22,Loyal,0.03,10.78
C012821,179.48,VIP,0.06,10.77
C043797,268.86,VIP,0.04,10.75
C044577,1072.82,New,0.01,10.73
C085808,1072.74,VIP,0.01,10.73
C014778,1073.43,New,0.01,10.73
C007795,1071.5,Loyal,0.01,10.72
C014121,1072.28,Returning,0.01,10.72
C007247,152.94,Returning,0.07,10.71
C054280,356.85,Returning,0.03,10.71
C003397,535.43,Loyal,0.02,10.71
C011374,534.66,New,0.02,10.69
C066028,1069.34,Returning,0.01,10.69
C019141,355.68,VIP,0.03,10.67
C040918,1065.51,VIP,0.01,10.66
C026689,355.03,New,0.03,10.65
C049683,1064.78,Returning,0.01,10.65
C063688,266.12,Returning,0.04,10.64
C003358,1063.57,VIP,0.01,10.64
C014182,531.37,Loyal,0.02,10.63
C048154,354.41,Loyal,0.03,10.63
C064123,1063.29,Loyal,0.01,10.63
C097667,353.71,New,0.03,10.61
C089002,88.39,Loyal,0.12,10.61
C022551,1061.43,Loyal,0.01,10.61
C033704,176.57,VIP,0.06,10.59
C009818,529.51,New,0.02,10.59
C073372,529.54,VIP,0.02,10.59
C005147,351.59,Loyal,0.03,10.55
C073790,1054.85,Loyal,0.01,10.55
C038036,150.65,New,0.07,10.55
C099152,351.2,New,0.03,10.54
C012037,210.6,Loyal,0.05,10.53
C017655,526.24,Returning,0.02,10.52
C096707,105.24,Loyal,0.1,10.52
C084495,350.15,New,0.03,10.5
C092777,349.41,New,0.03,10.48
C054688,174.72,New,0.06,10.48
C084252,1047.52,Returning,0.01,10.48
C020362,523.38,VIP,0.02,10.47
C097309,523.52,Returning,0.02,10.47
C084706,1044.75,VIP,0.01,10.45
C086045,522.68,Returning,0.02,10.45
C064908,347.87,Loyal,0.03,10.44
C020871,260.92,Returning,0.04,10.44
C049007,1044.02,Returning,0.01,10.44
C022995,1042.55,Loyal,0.01,10.43
C037326,1041.6,Returning,0.01,10.42
C059807,347.13,Returning,0.03,10.41
C089160,74.38,New,0.14,10.41
C059240,260.03,Returning,0.04,10.4
C039295,115.58,Returning,0.09,10.4
C065904,259.79,Loyal,0.04,10.39
C038905,345.51,Loyal,0.03,10.37
C027404,518.5,Loyal,0.02,10.37
C073694,1035.95,Loyal,0.01,10.36
C075092,517.3,Loyal,0.02,10.35
C076970,206.84,Loyal,0.05,10.34
C008120,516.26,Returning,0.02,10.33
C011057,258.0,New,0.04,10.32
C006152,257.93,New,0.04,10.32
C027405,343.53,New,0.03,10.31
C016340,1030.02,New,0.01,10.3
C090122,514.88,Loyal,0.02,10.3
C043699,257.17,New,0.04,10.29
C079334,36.75,New,0.28,10.29
C048621,1026.67,New,0.01,10.27
C035521,341.52,Loyal,0.03,10.25
C047090,1025.0,VIP,0.01,10.25
C077890,340.75,Loyal,0.03,10.22
C080848,170.11,Returning,0.06,10.21
C055802,1020.53,Returning,0.01,10.21
C072082,1020.49,Loyal,0.01,10.2
C030364,1019.93,Returning,0.01,10.2
C071373,203.92,New,0.05,10.2
C021922,72.7,New,0.14,10.18
C082214,1016.52,Loyal,0.01,10.17
C093820,254.04,New,0.04,10.16
C039947,338.25,New,0.03,10.15
C047328,1015.26,New,0.01,10.15
C036782,337.9,New,0.03,10.14
C022286,202.89,New,0.05,10.14
C003117,506.66,Returning,0.02,10.13
C087644,168.66,Loyal,0.06,10.12
C032363,505.29,New,0.02,10.11
C024765,1011.21,Returning,0.01,10.11
C054926,1010.66,Returning,0.01,10.11
C024446,112.38,New,0.09,10.11
C056063,1011.29,New,0.01,10.11
C018343,252.53,Returning,0.04,10.1
C066144,1008.0,Loyal,0.01,10.08
C061078,504.19,VIP,0.02,10.08
C042265,143.9,VIP,0.07,10.07
C084063,1006.32,New,0.01,10.06
C066881,143.69,Loyal,0.07,10.06
C022611,502.52,Loyal,0.02,10.05
C074689,100.39,Loyal,0.1,10.04
C019480,26.41,Loyal,0.38,10.04
C078006,167.38,VIP,0.06,10.04
C087018,501.67,Loyal,0.02,10.03
C010851,250.38,Loyal,0.04,10.02
C073468,200.1,New,0.05,10.01
C052898,76.92,VIP,0.13,10.0
C084008,998.99,New,0.01,9.99
C025097,499.45,VIP,0.02,9.99
C062393,332.28,VIP,0.03,9.97
C009609,498.5,VIP,0.02,9.97
C060042,996.94,Returning,0.01,9.97
C023225,498.12,VIP,0.02,9.96
C060807,995.81,VIP,0.01,9.96
C009210,331.79,Loyal,0.03,9.95
C023156,995.29,VIP,0.01,9.95
C054904,142.07,New,0.07,9.94
C050133,248.49,New,0.04,9.94
C036961,165.47,New,0.06,9.93
C099435,992.0,Loyal,0.01,9.92
C099418,495.36,New,0.02,9.91
C089912,141.41,New,0.07,9.9
C041587,247.46,Loyal,0.04,9.9
C054610,495.1,Returning,0.02,9.9
C095755,494.88,Loyal,0.02,9.9
C007396,247.23,Loyal,0.04,9.89
C037653,29.08,Returning,0.34,9.89
C001200,109.84,Loyal,0.09,9.89
C037710,197.66,Loyal,0.05,9.88
C021193,986.92,VIP,0.01,9.87
C035911,986.89,Returning,0.01,9.87
C030278,493.65,Returning,0.02,9.87
C019262,987.4,Loyal,0.01,9.87
C034481,246.87,Returning,0.04,9.87
C082164,493.03,Loyal,0.02,9.86
C007078,984.59,Returning,0.01,9.85
C072261,491.87,VIP,0.02,9.84
C056707,328.13,New,0.03,9.84
C053294,982.58,Loyal,0.01,9.83
C090517,327.78,VIP,0.03,9.83
C050129,490.93,New,0.02,9.82
C017550,57.72,New,0.17,9.81
C092967,326.84,Returning,0.03,9.81
C055043,326.54,VIP,0.03,9.8
C075035,979.49,Loyal,0.01,9.79
C041461,978.97,VIP,0.01,9.79
C039844,978.48,New,0.01,9.78
C027085,977.97,VIP,0.01,9.78
C088270,977.28,VIP,0.01,9.77
C062297,975.97,Returning,0.01,9.76
C001350,488.03,New,0.02,9.76
C022965,243.9,Loyal,0.04,9.76
C072291,243.72,VIP,0.04,9.75
C038777,243.55,Loyal,0.04,9.74
C028400,974.06,New,0.01,9.74
C009023,139.19,New,0.07,9.74
C018049,486.4,New,0.02,9.73
C010760,486.41,Loyal,0.02,9.73
C029824,972.38,Loyal,0.01,9.72
C003739,323.68,New,0.03,9.71
C064921,121.39,Returning,0.08,9.71
C036926,323.31,Returning,0.03,9.7
C027467,323.23,VIP,0.03,9.7
C022724,484.4,VIP,0.02,9.69
C021048,968.47,VIP,0.01,9.68
C014424,968.41,New,0.01,9.68
C009667,193.4,VIP,0.05,9.67
C093447,322.27,Returning,0.03,9.67
C043598,966.05,New,0.01,9.66
C070525,482.86,Loyal,0.02,9.66
C053116,241.3,Returning,0.04,9.65
C008775,482.16,New,0.02,9.64
C091035,192.66,Loyal,0.05,9.63
C027653,96.23,New,0.1,9.62
C025577,479.93,VIP,0.02,9.6
C091442,319.59,Returning,0.03,9.59
C042378,319.04,Loyal,0.03,9.57
C045020,319.06,New,0.03,9.57
C003804,318.4,Loyal,0.03,9.55
C005121,955.24,New,0.01,9.55
C010931,238.52,New,0.04,9.54
C096025,56.06,Returning,0.17,9.53
C080884,136.13,New,0.07,9.53
C076459,50.06,Returning,0.19,9.51
C061011,949.78,Loyal,0.01,9.5
C049044,949.6,Returning,0.01,9.5
C061291,316.78,VIP,0.03,9.5
C001079,949.43,VIP,0.01,9.49
C073962,316.18,Returning,0.03,9.49
C053989,315.64,VIP,0.03,9.47
C011001,236.42,New,0.04,9.46
C067332,946.31,New,0.01,9.46
C096398,315.16,VIP,0.03,9.45
C050804,314.77,New,0.03,9.44
C032867,94.15,Loyal,0.1,9.42
C058780,104.65,New,0.09,9.42
C015781,22.94,Loyal,0.41,9.41
C036988,940.08,VIP,0.01,9.4
C076268,939.62,New,0.01,9.4
C050309,937.52,Returning,0.01,9.38
C043111,24.66,Returning,0.38,9.37
C022544,936.65,Loyal,0.01,9.37
C048389,933.86,Loyal,0.01,9.34
C041518,467.21,New,0.02,9.34
C033238,466.25,VIP,0.02,9.33
C088064,464.57,Returning,0.02,9.29
C028667,463.83,Loyal,0.02,9.28
C087863,309.35,Loyal,0.03,9.28
C012315,309.4,VIP,0.03,9.28
C041687,463.41,New,0.02,9.27
C071098,925.89,VIP,0.01,9.26
C082828,925.83,New,0.01,9.26
C031810,308.28,VIP,0.03,9.25
C098110,925.34,Returning,0.01,9.25
C095927,924.84,New,0.01,9.25
C030363,308.04,New,0.03,9.24
C061678,308.1,Returning,0.03,9.24
C021996,115.49,VIP,0.08,9.24
C048892,923.41,New,0.01,9.23
C052121,923.25,Loyal,0.01,9.23
C008115,920.77,VIP,0.01,9.21
C023257,306.87,Returning,0.03,9.21
C002914,460.25,Loyal,0.02,9.2
C026385,919.16,Loyal,0.01,9.19
C081767,459.57,Loyal,0.02,9.19
C059187,229.51,New,0.04,9.18
C066977,305.25,VIP,0.03,9.16
C020424,91.59,Loyal,0.1,9.16
C060774,182.9,Returning,0.05,9.15
C043250,65.38,Loyal,0.14,9.15
C017472,914.76,Loyal,0.01,9.15
C092432,912.84,Returning,0.01,9.13
C027821,304.11,VIP,0.03,9.12
C012683,912.19,New,0.01,9.12
C098070,910.78,VIP,0.01,9.11
C034081,911.36,VIP,0.01,9.11
C028878,909.75,Loyal,0.01,9.1
C022919,909.69,VIP,0.01,9.1
C001166,910.2,Loyal,0.01,9.1
C029823,303.36,VIP,0.03,9.1
C008247,909.81,Returning,0.01,9.1
C046617,227.43,Returning,0.04,9.1
C040019,909.07,Returning,0.01,9.09
C054874,907.33,VIP,0.01,9.07
C031379,302.27,VIP,0.03,9.07
C036291,452.52,New,0.02,9.05
C032469,451.93,Returning,0.02,9.04
C087091,150.74,New,0.06,9.04
C090651,300.96,Returning,0.03,9.03
C092524,451.3,Loyal,0.02,9.03
C074909,902.85,Loyal,0.01,9.03
C016320,451.61,New,0.02,9.03
C048262,300.57,New,0.03,9.02
C080872,902.21,VIP,0.01,9.02
C094362,901.71,Loyal,0.01,9.02
C057026,900.43,Returning,0.01,9.0
C055360,449.9,Loyal,0.02,9.0
C010063,898.71,Returning,0.01,8.99
C058497,449.08,Loyal,0.02,8.98
C030221,299.5,Returning,0.03,8.98
C019920,298.92,Returning,0.03,8.97
C072211,448.58,Loyal,0.02,8.97
C026587,298.4,New,0.03,8.95
C016084,298.48,New,0.03,8.95
C011715,447.24,Returning,0.02,8.94
C073089,223.6,Returning,0.04,8.94
C041102,297.49,Loyal,0.03,8.92
C021909,178.47,New,0.05,8.92
C013934,178.24,Loyal,0.05,8.91
C077846,445.03,Loyal,0.02,8.9
C036069,55.64,Returning,0.16,8.9
C056958,444.05,Loyal,0.02,8.88
C042541,110.71,New,0.08,8.86
C054484,295.42,Loyal,0.03,8.86
C001117,886.0,Loyal,0.01,8.86
C062597,443.02,New,0.02,8.86
C051509,295.05,Loyal,0.03,8.85
C005931,441.72,Loyal,0.02,8.83
C000903,882.48,Returning,0.01,8.82
C036890,881.53,Returning,0.01,8.82
C031745,125.83,Returning,0.07,8.81
C087608,440.67,VIP,0.02,8.81
C020750,440.74,VIP,0.02,8.81
C023171,881.15,Returning,0.01,8.81
C091895,439.99,New,0.02,8.8
C037465,439.76,VIP,0.02,8.8
C022916,439.31,Loyal,0.02,8.79
C010407,292.6,Loyal,0.03,8.78
C068425,438.39,Loyal,0.02,8.77
C072063,437.85,VIP,0.02,8.76
C020697,292.06,VIP,0.03,8.76
C076874,145.94,Loyal,0.06,8.76
C077057,292.13,Returning,0.03,8.76
C041997,437.69,Loyal,0.02,8.75
C069945,875.21,Loyal,0.01,8.75
C067153,109.26,VIP,0.08,8.74
C057832,291.08,New,0.03,8.73
C002063,290.51,New,0.03,8.72
C040550,869.66,Returning,0.01,8.7
C057223,869.29,VIP,0.01,8.69
C024356,868.97,VIP,0.01,8.69
C086903,289.36,New,0.03,8.68
C032312,173.48,Returning,0.05,8.67
C001310,866.64,Returning,0.01,8.67
C071831,866.76,Loyal,0.01,8.67
C085218,288.69,New,0.03,8.66
C080540,865.49,Returning,0.01,8.65
C009088,216.26,VIP,0.04,8.65
C049717,288.16,VIP,0.03,8.64
C071931,431.05,New,0.02,8.62
C096386,430.82,New,0.02,8.62
C043603,287.1,Returning,0.03,8.61
C029441,287.04,Returning,0.03,8.61
C003273,286.69,VIP,0.03,8.6
C086895,860.3,New,0.01,8.6
C059140,171.76,Returning,0.05,8.59
C099127,858.68,Returning,0.01,8.59
C079660,858.22,New,0.01,8.58
C073619,858.32,VIP,0.01,8.58
C021935,285.77,Loyal,0.03,8.57
C079359,856.74,Returning,0.01,8.57
C024148,285.38,New,0.03,8.56
C036619,213.81,Loyal,0.04,8.55
C076041,284.65,New,0.03,8.54
C059650,142.36,VIP,0.06,8.54
C026675,854.45,New,0.01,8.54
C035046,426.71,Loyal,0.02,8.53
C028163,426.31,VIP,0.02,8.53
C066689,852.4,Returning,0.01,8.52
C015470,213.1,Returning,0.04,8.52
C062286,425.92,Returning,0.02,8.52
C027848,283.66,Loyal,0.03,8.51
C023629,850.71,Loyal,0.01,8.51
C011608,849.56,Returning,0.01,8.5
C043358,425.19,New,0.02,8.5
C015510,283.38,Returning,0.03,8.5
C023604,283.01,VIP,0.03,8.49
C045682,282.91,VIP,0.03,8.49
C057722,848.44,Returning,0.01,8.48
C018939,424.24,New,0.02,8.48
C079935,846.83,Loyal,0.01,8.47
C092284,847.11,Loyal,0.01,8.47
C070712,423.36,Loyal,0.02,8.47
C088819,847.4,VIP,0.01,8.47
C023895,845.17,Loyal,0.01,8.45
C083658,421.54,New,0.02,8.43
C078830,140.46,VIP,0.06,8.43
C003190,842.75,New,0.01,8.43
C005559,421.39,New,0.02,8.43
C036232,210.17,Returning,0.04,8.41
C061393,280.33,New,0.03,8.41
C014449,168.04,New,0.05,8.4
C016461,839.66,Loyal,0.01,8.4
C051883,840.03,New,0.01,8.4
C068830,279.62,New,0.03,8.39
C090509,419.66,Returning,0.02,8.39
C096671,838.53,Loyal,0.01,8.39
C020295,209.15,Loyal,0.04,8.37
C075642,49.18,New,0.17,8.36
C057583,278.43,Loyal,0.03,8.35
C063226,834.48,VIP,0.01,8.34
C076012,833.68,New,0.01,8.34
C065524,416.83,New,0.02,8.34
C003916,834.03,Loyal,0.01,8.34
C068407,834.02,Loyal,0.01,8.34
C010566,83.32,Loyal,0.1,8.33
C068941,277.27,Returning,0.03,8.32
C050271,830.84,New,0.01,8.31
C057492,276.67,Loyal,0.03,8.3
C007480,118.64,Loyal,0.07,8.3
C047083,118.53,Loyal,0.07,8.3
C094266,829.72,New,0.01,8.3
C082455,276.73,VIP,0.03,8.3
C030687,828.75,New,0.01,8.29
C081291,827.6,Loyal,0.01,8.28
C088558,41.34,VIP,0.2,8.27
C041643,826.77,Loyal,0.01,8.27
C081037,825.78,New,0.01,8.26
C013811,412.91,Returning,0.02,8.26
C016010,137.46,VIP,0.06,8.25
C024252,117.86,Loyal,0.07,8.25
C080091,823.76,VIP,0.01,8.24
C000278,411.44,New,0.02,8.23
C088232,102.68,Loyal,0.08,8.21
C023194,273.63,Loyal,0.03,8.21
C068590,409.88,Returning,0.02,8.2
C033562,410.24,Returning,0.02,8.2
C055517,818.99,Returning,0.01,8.19
C066677,409.01,New,0.02,8.18
C078249,74.3,VIP,0.11,8.17
C063548,816.91,New,0.01,8.17
C067329,817.25,New,0.01,8.17
C068055,272.01,Returning,0.03,8.16
C056348,815.58,VIP,0.01,8.16
C085979,816.19,Loyal,0.01,8.16
C038253,407.79,Loyal,0.02,8.16
C084379,203.69,Returning,0.04,8.15
C084860,813.86,Returning,0.01,8.14
C072890,814.11,Returning,0.01,8.14
C091044,812.91,Returning,0.01,8.13
C033635,202.89,New,0.04,8.12
C007723,811.99,VIP,0.01,8.12
C015166,203.05,Loyal,0.04,8.12
C089258,811.81,Returning,0.01,8.12
C051301,811.06,Returning,0.01,8.11
C030054,115.84,Loyal,0.07,8.11
C070812,811.16,VIP,0.01,8.11
C066499,811.14,Returning,0.01,8.11
C055941,405.61,Returning,0.02,8.11
C077745,405.48,Returning,0.02,8.11
C049149,807.94,New,0.01,8.08
C080418,807.78,New,0.01,8.08
C083133,202.02,New,0.04,8.08
C098253,807.56,VIP,0.01,8.08
C080431,808.43,Loyal,0.01,8.08
C003474,403.45,Loyal,0.02,8.07
C051928,201.72,VIP,0.04,8.07
C026398,806.01,New,0.01,8.06
C018169,134.39,Loyal,0.06,8.06
C050034,268.68,Loyal,0.03,8.06
C064130,805.18,Returning,0.01,8.05
C084598,134.23,Loyal,0.06,8.05
C085696,804.98,Returning,0.01,8.05
C019241,268.2,Returning,0.03,8.05
C042117,268.09,VIP,0.03,8.04
C077645,201.03,VIP,0.04,8.04
C022089,802.54,New,0.01,8.03
C065550,267.53,Returning,0.03,8.03
C086963,401.4,Loyal,0.02,8.03
C081207,802.66,New,0.01,8.03
C002790,801.74,VIP,0.01,8.02
C032752,267.38,New,0.03,8.02
C084773,399.76,Returning,0.02,8.0
C036598,88.89,VIP,0.09,8.0
C081947,266.74,New,0.03,8.0
C049652,399.87,Loyal,0.02,8.0
C032421,266.02,Returning,0.03,7.98
C074411,398.29,New,0.02,7.97
C002616,796.35,Loyal,0.01,7.96
C058070,796.04,Returning,0.01,7.96
C015128,397.83,Loyal,0.02,7.96
C097611,198.65,Loyal,0.04,7.95
C078998,793.97,Loyal,0.01,7.94
C004578,113.36,VIP,0.07,7.94
C008894,396.48,Loyal,0.02,7.93
C042575,791.53,Returning,0.01,7.92
C028154,395.1,Returning,0.02,7.9
C012703,394.85,VIP,0.02,7.9
C046939,395.07,Returning,0.02,7.9
C026769,788.8,Loyal,0.01,7.89
C055708,394.41,Returning,0.02,7.89
C088317,262.97,Loyal,0.03,7.89
C035648,157.41,Returning,0.05,7.87
C078225,787.13,Loyal,0.01,7.87
C067711,393.5,VIP,0.02,7.87
C034736,785.82,Returning,0.01,7.86
C071663,392.36,Returning,0.02,7.85
C006189,784.03,VIP,0.01,7.84
C097027,21.19,VIP,0.37,7.84
C028125,392.2,Returning,0.02,7.84
C077388,783.21,New,0.01,7.83
C037899,783.27,Loyal,0.01,7.83
C001407,781.51,Returning,0.01,7.82
C090473,156.24,Returning,0.05,7.81
C003639,780.73,Returning,0.01,7.81
C055852,780.16,Loyal,0.01,7.8
C089287,389.81,Loyal,0.02,7.8
C079786,779.59,VIP,0.01,7.8
C006193,778.86,Loyal,0.01,7.79
C083081,86.55,New,0.09,7.79
C087182,777.92,Loyal,0.01,7.78
C043596,258.91,VIP,0.03,7.77
C059586,777.3,Loyal,0.01,7.77
C023516,193.89,New,0.04,7.76
C084310,258.7,VIP,0.03,7.76
C029523,387.4,New,0.02,7.75
C058358,387.53,VIP,0.02,7.75
C021831,775.31,VIP,0.01,7.75
C009640,774.92,Returning,0.01,7.75
C035079,386.97,Returning,0.02,7.74
C009790,193.33,New,0.04,7.73
C020547,36.74,Loyal,0.21,7.72
C046002,385.46,Loyal,0.02,7.71
C049670,770.31,New,0.01,7.7
C078056,384.88,New,0.02,7.7
C001887,770.01,Returning,0.01,7.7
C037794,385.01,New,0.02,7.7
C002514,256.83,Returning,0.03,7.7
C028830,191.74,Loyal,0.04,7.67
C015693,767.2,VIP,0.01,7.67
C093648,383.14,Returning,0.02,7.66
C028581,50.98,Loyal,0.15,7.65
C013853,76.36,Loyal,0.1,7.64
C078633,254.68,New,0.03,7.64
C071867,764.38,New,0.01,7.64
C011736,764.0,Loyal,0.01,7.64
C091980,254.26,Returning,0.03,7.63
C096517,254.18,Loyal,0.03,7.63
C082018,763.47,Loyal,0.01,7.63
C061521,762.21,New,0.01,7.62
C062630,253.81,Returning,0.03,7.61
C048872,761.22,Loyal,0.01,7.61
C011257,253.5,Loyal,0.03,7.6
C087212,757.77,Loyal,0.01,7.58
C065387,377.84,VIP,0.02,7.56
C006538,34.32,Returning,0.22,7.55
C019102,376.9,Returning,0.02,7.54
C019627,377.16,New,0.02,7.54
C076559,753.23,Loyal,0.01,7.53
C019927,753.14,Returning,0.01,7.53
C012929,376.34,Loyal,0.02,7.53
C048460,376.63,Loyal,0.02,7.53
C091706,752.09,VIP,0.01,7.52
C059579,107.48,Loyal,0.07,7.52
C073081,375.39,New,0.02,7.51
C087337,374.88,VIP,0.02,7.5
C058386,250.1,Loyal,0.03,7.5
C030351,374.8,Loyal,0.02,7.5
C030018,749.33,Returning,0.01,7.49
C099447,747.76,VIP,0.01,7.48
C091062,746.97,Loyal,0.01,7.47
C028298,248.96,New,0.03,7.47
C044130,186.45,Returning,0.04,7.46
C023132,372.95,New,0.02,7.46
C047824,745.58,New,0.01,7.46
C028074,149.23,VIP,0.05,7.46
C005477,744.69,Returning,0.01,7.45
C070670,743.56,VIP,0.01,7.44
C003209,372.01,Loyal,0.02,7.44
C040718,743.71,Loyal,0.01,7.44
C028955,742.72,New,0.01,7.43
C080809,371.48,Returning,0.02,7.43
C047111,743.19,VIP,0.01,7.43
C000136,742.05,New,0.01,7.42
C063352,370.72,Loyal,0.02,7.41
C080625,739.99,VIP,0.01,7.4
C069037,38.94,VIP,0.19,7.4
C004940,49.3,New,0.15,7.4
C023997,370.0,Returning,0.02,7.4
C016383,246.21,VIP,0.03,7.39
C024136,738.08,New,0.01,7.38
C076542,245.68,New,0.03,7.37
C006106,245.51,New,0.03,7.37
C075944,49.06,VIP,0.15,7.36
C082266,368.13,Loyal,0.02,7.36
C010991,735.71,New,0.01,7.36
C063759,183.86,VIP,0.04,7.35
C036845,735.27,Returning,0.01,7.35
C034996,732.6,Returning,0.01,7.33
C011667,731.61,New,0.01,7.32
C027832,365.76,New,0.02,7.32
C058539,91.54,Returning,0.08,7.32
C099765,365.31,Returning,0.02,7.31
C018499,66.41,Loyal,0.11,7.31
C014168,365.69,Returning,0.02,7.31
C077621,729.81,Loyal,0.01,7.3
C040200,728.56,New,0.01,7.29
C027317,121.25,Loyal,0.06,7.28
C047022,727.58,New,0.01,7.28
C090396,181.81,Loyal,0.04,7.27
C028867,363.54,Returning,0.02,7.27
C010055,66.06,New,0.11,7.27
C062665,726.08,New,0.01,7.26
C042039,726.12,Loyal,0.01,7.26
C026335,725.97,Loyal,0.01,7.26
C086370,724.46,Loyal,0.01,7.24
C010564,722.84,Returning,0.01,7.23
C012239,144.59,New,0.05,7.23
C045430,360.96,Returning,0.02,7.22
C034753,51.53,VIP,0.14,7.21
C031430,360.31,Loyal,0.02,7.21
C036206,359.92,VIP,0.02,7.2
C001654,144.0,Loyal,0.05,7.2
C032933,359.98,New,0.02,7.2
C097058,718.52,Returning,0.01,7.19
C033213,239.28,Returning,0.03,7.18
C021031,359.19,New,0.02,7.18
C090277,119.34,New,0.06,7.16
C004450,357.82,Returning,0.02,7.16
C005239,714.37,VIP,0.01,7.14
C076258,238.04,Returning,0.03,7.14
C024187,19.27,New,0.37,7.13
C085536,178.19,New,0.04,7.13
C019646,356.15,New,0.02,7.12
C032881,711.01,VIP,0.01,7.11
C085074,355.74,Returning,0.02,7.11
C023164,118.54,VIP,0.06,7.11
C013037,101.08,Returning,0.07,7.08
C015394,141.51,Loyal,0.05,7.08
C073764,47.19,Loyal,0.15,7.08
C006920,70.75,VIP,0.1,7.08
C038367,707.49,VIP,0.01,7.07
C050981,352.82,New,0.02,7.06
C061899,100.89,Loyal,0.07,7.06
C041825,141.12,New,0.05,7.06
C040942,704.7,Returning,0.01,7.05
C071655,702.14,Returning,0.01,7.02
C064862,699.55,VIP,0.01,7.0
C014469,350.19,Returning,0.02,7.0
C085998,699.36,Loyal,0.01,6.99
C001369,698.07,Returning,0.01,6.98
C069549,139.51,New,0.05,6.98
C000696,348.54,New,0.02,6.97
C082085,139.2,Returning,0.05,6.96
C025726,99.43,Returning,0.07,6.96
C070811,232.04,Loyal,0.03,6.96
C059358,24.01,VIP,0.29,6.96
C029759,695.11,Returning,0.01,6.95
C042061,347.06,VIP,0.02,6.94
C089353,347.01,Loyal,0.02,6.94
C034432,693.21,VIP,0.01,6.93
C083063,346.28,Loyal,0.02,6.93
C033223,346.74,Returning,0.02,6.93
C033111,692.01,New,0.01,6.92
C059002,345.78,VIP,0.02,6.92
C024666,346.16,VIP,0.02,6.92
C003453,692.47,VIP,0.01,6.92
C048067,345.66,Returning,0.02,6.91
C042685,691.13,VIP,0.01,6.91
C064072,690.88,VIP,0.01,6.91
C078277,230.22,VIP,0.03,6.91
C054115,345.06,VIP,0.02,6.9
C087942,343.89,VIP,0.02,6.88
C090756,228.5,VIP,0.03,6.86
C090923,76.14,Loyal,0.09,6.85
C056193,685.44,Loyal,0.01,6.85
C061692,228.06,New,0.03,6.84
C082243,684.24,New,0.01,6.84
C043560,683.1,VIP,0.01,6.83
C001400,682.83,New,0.01,6.83
C040501,340.8,Loyal,0.02,6.82
C097195,681.11,Returning,0.01,6.81
C047968,113.37,Returning,0.06,6.8
C081465,75.42,Returning,0.09,6.79
C088695,339.04,Returning,0.02,6.78
C055400,135.5,VIP,0.05,6.78
C046857,169.41,VIP,0.04,6.78
C074358,338.96,New,0.02,6.78
C089283,75.15,Returning,0.09,6.76
C086172,676.26,Returning,0.01,6.76
C081394,337.58,VIP,0.02,6.75
C071071,225.1,New,0.03,6.75
C005355,337.02,New,0.02,6.74
C069475,673.64,Loyal,0.01,6.74
C050287,673.89,Returning,0.01,6.74
C046517,134.64,Loyal,0.05,6.73
C097516,673.34,Returning,0.01,6.73
C049322,224.42,New,0.03,6.73
C090909,335.88,VIP,0.02,6.72
C064322,223.89,New,0.03,6.72
C069890,672.1,Returning,0.01,6.72
C099107,61.01,VIP,0.11,6.71
C039673,83.86,Loyal,0.08,6.71
C043258,223.69,New,0.03,6.71
C042578,670.04,VIP,0.01,6.7
C010810,334.85,Loyal,0.02,6.7
C048205,669.08,New,0.01,6.69
C073253,333.99,New,0.02,6.68
C002443,167.02,Loyal,0.04,6.68
C041184,668.29,VIP,0.01,6.68
C026051,334.06,VIP,0.02,6.68
C062229,333.68,Loyal,0.02,6.67
C087774,166.64,VIP,0.04,6.67
C050829,111.13,New,0.06,6.67
C048489,666.91,Loyal,0.01,6.67
C066496,222.0,New,0.03,6.66
C095528,664.81,Returning,0.01,6.65
C003042,663.74,VIP,0.01,6.64
C074269,165.41,Loyal,0.04,6.62
C024868,661.56,Returning,0.01,6.62
C052769,659.61,Loyal,0.01,6.6
C091112,165.12,Returning,0.04,6.6
C088212,329.5,VIP,0.02,6.59
C084915,329.5,New,0.02,6.59
C061342,658.26,Returning,0.01,6.58
C054707,328.79,Loyal,0.02,6.58
C059906,328.92,New,0.02,6.58
C014407,658.22,Returning,0.01,6.58
C051074,34.61,Loyal,0.19,6.58
C094889,218.99,Loyal,0.03,6.57
C068825,328.2,VIP,0.02,6.56
C024892,327.75,New,0.02,6.56
C039871,655.09,New,0.01,6.55
C091205,655.3,Loyal,0.01,6.55
C045392,81.83,New,0.08,6.55
C058636,130.7,New,0.05,6.54
C082107,653.99,Loyal,0.01,6.54
C085279,652.88,Loyal,0.01,6.53
C038304,653.27,Loyal,0.01,6.53
C032540,326.02,Loyal,0.02,6.52
C017340,326.22,New,0.02,6.52
C047521,651.19,New,0.01,6.51
C004499,325.33,New,0.02,6.51
C055493,650.62,Returning,0.01,6.51
C065446,649.59,Loyal,0.01,6.5
C023445,162.14,Returning,0.04,6.49
C067474,216.41,New,0.03,6.49
C032538,648.33,Loyal,0.01,6.48
C059664,323.87,Loyal,0.02,6.48
C043854,324.25,VIP,0.02,6.48
C015218,647.49,Loyal,0.01,6.47
C047231,647.41,VIP,0.01,6.47
C085909,58.72,VIP,0.11,6.46
C087412,646.27,Returning,0.01,6.46
C079476,322.32,New,0.02,6.45
C016510,53.76,New,0.12,6.45
C019455,321.82,VIP,0.02,6.44
C039263,214.78,Returning,0.03,6.44
C010215,643.09,Loyal,0.01,6.43
C051289,643.11,VIP,0.01,6.43
C089870,642.56,Loyal,0.01,6.43
C090670,321.52,VIP,0.02,6.43
C020416,320.28,Returning,0.02,6.41
C001198,640.88,New,0.01,6.41
C088280,641.27,VIP,0.01,6.41
C070482,641.37,VIP,0.01,6.41
C080326,213.17,New,0.03,6.4
C005443,639.27,Returning,0.01,6.39
C005996,639.11,Loyal,0.01,6.39
C010464,127.88,Loyal,0.05,6.39
C017896,79.88,Returning,0.08,6.39
C053685,637.54,Loyal,0.01,6.38
C072859,638.07,Loyal,0.01,6.38
C004388,318.7,Returning,0.02,6.37
C034808,637.31,Returning,0.01,6.37
C032999,159.04,New,0.04,6.36
C066281,636.18,VIP,0.01,6.36
C002631,317.89,New,0.02,6.36
C024035,317.61,Returning,0.02,6.35
C018219,211.82,New,0.03,6.35
C061323,211.8,Returning,0.03,6.35
C025115,317.22,VIP,0.02,6.34
C006760,316.87,VIP,0.02,6.34
C029344,632.93,VIP,0.01,6.33
C020150,632.7,Loyal,0.01,6.33
C034567,631.09,Loyal,0.01,6.31
C004222,631.49,VIP,0.01,6.31
C028487,44.92,Loyal,0.14,6.29
C096347,625.97,Returning,0.01,6.26
C035756,208.57,VIP,0.03,6.26
C061526,626.05,Loyal,0.01,6.26
C015716,208.33,VIP,0.03,6.25
C027915,312.7,VIP,0.02,6.25
C081502,311.75,Loyal,0.02,6.24
C062284,103.96,Returning,0.06,6.24
C021968,89.08,New,0.07,6.24
C027668,623.81,VIP,0.01,6.24
C002626,312.11,Loyal,0.02,6.24
C012540,124.77,VIP,0.05,6.24
C039774,207.8,New,0.03,6.23
C049436,103.65,VIP,0.06,6.22
C092270,103.63,Loyal,0.06,6.22
C094536,51.84,VIP,0.12,6.22
C034267,621.54,Returning,0.01,6.22
C016937,621.02,New,0.01,6.21
C040519,206.66,New,0.03,6.2
C004509,619.6,Loyal,0.01,6.2
C068376,309.43,VIP,0.02,6.19
C040167,619.02,Loyal,0.01,6.19
C038270,47.57,Loyal,0.13,6.18
C014931,308.91,Loyal,0.02,6.18
C033455,205.78,New,0.03,6.17
C024452,102.82,Returning,0.06,6.17
C093299,44.06,Loyal,0.14,6.17
C033025,102.71,New,0.06,6.16
C090799,122.75,VIP,0.05,6.14
C035888,203.46,New,0.03,6.1
C020585,101.49,Returning,0.06,6.09
C063699,202.62,Loyal,0.03,6.08
C055838,304.14,Loyal,0.02,6.08
C081329,46.78,Returning,0.13,6.08
C091238,202.27,Loyal,0.03,6.07
C056371,303.4,Loyal,0.02,6.07
C054065,605.81,VIP,0.01,6.06
C026319,303.22,Loyal,0.02,6.06
C073130,605.02,Loyal,0.01,6.05
C018756,601.53,Returning,0.01,6.02
C035467,120.28,Loyal,0.05,6.01
C089832,200.21,Loyal,0.03,6.01
C029597,99.97,Returning,0.06,6.0
C062556,299.76,Loyal,0.02,6.0
C055052,149.98,Loyal,0.04,6.0
C042434,200.1,Loyal,0.03,6.0
C077701,598.11,Returning,0.01,5.98
C086459,85.4,VIP,0.07,5.98
C009215,199.23,New,0.03,5.98
C015608,298.7,Returning,0.02,5.97
C082417,148.99,New,0.04,5.96
C049517,297.9,Returning,0.02,5.96
C010677,297.62,Returning,0.02,5.95
C057274,297.23,Loyal,0.02,5.94
C022729,296.87,VIP,0.02,5.94
C069879,593.47,Returning,0.01,5.93
C064499,592.98,New,0.01,5.93
C081561,592.16,New,0.01,5.92
C018438,148.08,New,0.04,5.92
C007778,589.79,Loyal,0.01,5.9
C025788,196.63,Returning,0.03,5.9
C040554,590.3,New,0.01,5.9
C008258,294.7,VIP,0.02,5.89
C024388,196.42,VIP,0.03,5.89
C035836,588.66,Returning,0.01,5.89
C015743,589.38,New,0.01,5.89
C076565,294.54,Returning,0.02,5.89
C099062,294.07,Loyal,0.02,5.88
C025142,588.4,Loyal,0.01,5.88
C092485,587.35,New,0.01,5.87
C017690,195.66,VIP,0.03,5.87
C076879,293.34,New,0.02,5.87
C052513,195.39,Loyal,0.03,5.86
C030202,293.25,VIP,0.02,5.86
C011373,586.49,Loyal,0.01,5.86
C047466,292.7,New,0.02,5.85
C013949,194.77,VIP,0.03,5.84
C029637,583.6,VIP,0.01,5.84
C017284,194.61,Loyal,0.03,5.84
C041219,291.89,Returning,0.02,5.84
C019008,583.18,Returning,0.01,5.83
C066502,22.44,VIP,0.26,5.83
C008714,97.2,VIP,0.06,5.83
C028840,583.28,VIP,0.01,5.83
C010578,194.48,VIP,0.03,5.83
C023321,582.47,Loyal,0.01,5.82
C029886,96.99,New,0.06,5.82
C010777,291.02,New,0.02,5.82
C047988,52.87,VIP,0.11,5.82
C012797,193.62,Returning,0.03,5.81
C019274,116.17,New,0.05,5.81
C030511,290.58,Loyal,0.02,5.81
C080940,193.81,New,0.03,5.81
C068278,193.09,Returning,0.03,5.79
C049506,289.4,VIP,0.02,5.79
C060422,288.82,Returning,0.02,5.78
C011099,192.76,Loyal,0.03,5.78
C043199,288.41,Returning,0.02,5.77
C009294,192.22,Returning,0.03,5.77
C040486,288.32,VIP,0.02,5.77
C009164,575.71,VIP,0.01,5.76
C008823,57.61,Returning,0.1,5.76
C096866,287.8,New,0.02,5.76
C096473,575.05,VIP,0.01,5.75
C081328,287.19,Loyal,0.02,5.74
C068291,574.15,VIP,0.01,5.74
C003283,573.41,New,0.01,5.73
C022752,286.55,Returning,0.02,5.73
C001060,190.79,Loyal,0.03,5.72
C062945,285.96,Returning,0.02,5.72
C034258,285.9,New,0.02,5.72
C037621,284.76,VIP,0.02,5.7
C057281,63.3,Loyal,0.09,5.7
C003396,95.0,Loyal,0.06,5.7
C004249,568.86,Returning,0.01,5.69
C053278,569.19,VIP,0.01,5.69
C043141,141.96,VIP,0.04,5.68
C007764,568.13,Returning,0.01,5.68
C078834,283.84,New,0.02,5.68
C076420,283.49,New,0.02,5.67
C038167,283.5,Returning,0.02,5.67
C001459,80.91,New,0.07,5.66
C059209,282.41,Returning,0.02,5.65
C028050,565.49,Returning,0.01,5.65
C054902,282.33,Returning,0.02,5.65
C022685,563.95,VIP,0.01,5.64
C092355,140.94,VIP,0.04,5.64
C090069,281.85,New,0.02,5.64
C018735,564.37,Returning,0.01,5.64
C037624,563.99,Returning,0.01,5.64
C084887,561.93,Loyal,0.01,5.62
C058089,23.43,Returning,0.24,5.62
C048712,561.48,Returning,0.01,5.61
C032498,561.43,New,0.01,5.61
C035001,560.92,VIP,0.01,5.61
C016065,560.99,VIP,0.01,5.61
C006822,279.94,New,0.02,5.6
C021130,559.73,Loyal,0.01,5.6
C052155,111.84,New,0.05,5.59
C050399,557.51,New,0.01,5.58
C045802,92.88,VIP,0.06,5.57
C079039,92.84,Loyal,0.06,5.57
C052497,185.66,Returning,0.03,5.57
C053386,139.01,New,0.04,5.56
C081529,185.33,Loyal,0.03,5.56
C076659,138.74,VIP,0.04,5.55
C028239,554.24,Returning,0.01,5.54
C025868,276.88,New,0.02,5.54
C019278,553.16,Returning,0.01,5.53
C088116,552.9,New,0.01,5.53
C089025,276.3,Returning,0.02,5.53
C079347,552.1,VIP,0.01,5.52
C065423,275.76,Returning,0.02,5.52
C068606,184.11,Loyal,0.03,5.52
C015441,552.41,Returning,0.01,5.52
C078037,551.14,VIP,0.01,5.51
C029175,91.83,New,0.06,5.51
C036522,550.8,New,0.01,5.51
C011873,275.37,Loyal,0.02,5.51
C020570,275.3,VIP,0.02,5.51
C045701,551.27,Returning,0.01,5.51
C048175,551.45,VIP,0.01,5.51
C050184,274.88,Loyal,0.02,5.5
C050601,137.62,New,0.04,5.5
C024948,182.93,Loyal,0.03,5.49
C007706,273.96,VIP,0.02,5.48
C045829,182.66,New,0.03,5.48
C025719,182.81,VIP,0.03,5.48
C038358,547.95,VIP,0.01,5.48
C004655,272.78,Returning,0.02,5.46
C085275,181.83,New,0.03,5.45
C070746,545.28,VIP,0.01,5.45
C018167,272.36,New,0.02,5.45
C013144,272.29,VIP,0.02,5.45
C009424,545.41,Returning,0.01,5.45
C037871,272.11,New,0.02,5.44
C076094,90.6,Loyal,0.06,5.44
C090318,135.68,VIP,0.04,5.43
C030834,181.01,Loyal,0.03,5.43
C093376,180.87,Returning,0.03,5.43
C088377,541.75,New,0.01,5.42
C088292,180.32,Returning,0.03,5.41
C099729,77.22,Returning,0.07,5.41
C088564,269.92,Returning,0.02,5.4
C082661,269.94,VIP,0.02,5.4
C037018,540.47,Loyal,0.01,5.4
C024037,269.86,Returning,0.02,5.4
C007412,269.58,New,0.02,5.39
C038658,269.35,Returning,0.02,5.39
C014147,539.18,New,0.01,5.39
C010022,179.21,Loyal,0.03,5.38
C078130,28.29,VIP,0.19,5.38
C066033,537.22,VIP,0.01,5.37
C060784,268.61,VIP,0.02,5.37
C058040,268.0,Loyal,0.02,5.36
C042199,535.21,Returning,0.01,5.35
C005954,535.45,Loyal,0.01,5.35
C018881,48.59,Returning,0.11,5.34
C032072,267.03,VIP,0.02,5.34
C089034,533.76,New,0.01,5.34
C071031,177.73,VIP,0.03,5.33
C076780,177.78,Returning,0.03,5.33
C035443,265.92,Returning,0.02,5.32
C098171,532.09,New,0.01,5.32
C093966,532.14,Returning,0.01,5.32
C091806,176.7,VIP,0.03,5.3
C022772,176.74,Returning,0.03,5.3
C017089,132.31,New,0.04,5.29
C079977,263.96,New,0.02,5.28
C078103,175.98,Returning,0.03,5.28
C085560,29.27,New,0.18,5.27
C064016,175.36,Loyal,0.03,5.26
C078540,526.49,Loyal,0.01,5.26
C036357,174.92,Returning,0.03,5.25
C033018,104.97,Returning,0.05,5.25
C036436,105.05,Returning,0.05,5.25
C011469,524.79,Returning,0.01,5.25
C007714,261.9,Loyal,0.02,5.24
C056335,523.71,VIP,0.01,5.24
C086661,174.5,Returning,0.03,5.24
C031432,524.0,VIP,0.01,5.24
C071731,40.25,Loyal,0.13,5.23
C039303,261.74,Loyal,0.02,5.23
C041649,104.39,New,0.05,5.22
C094783,104.2,Loyal,0.05,5.21
C088710,173.28,VIP,0.03,5.2
C084842,518.99,Returning,0.01,5.19
C025656,518.52,Returning,0.01,5.19
C080432,518.6,Loyal,0.01,5.19
C098599,518.43,New,0.01,5.18
C025503,73.95,Loyal,0.07,5.18
C077211,86.37,New,0.06,5.18
C087672,258.35,VIP,0.02,5.17
C038332,517.24,VIP,0.01,5.17
C038027,172.35,New,0.03,5.17
C083845,516.66,VIP,0.01,5.17
C053900,258.59,VIP,0.02,5.17
C029367,172.03,Loyal,0.03,5.16
C071104,103.17,Loyal,0.05,5.16
C001881,515.01,Returning,0.01,5.15
C088542,257.68,Loyal,0.02,5.15
C040045,256.76,Returning,0.02,5.14
C027773,102.51,VIP,0.05,5.13
C028802,512.21,Returning,0.01,5.12
C052739,256.06,Returning,0.02,5.12
C093487,85.38,Returning,0.06,5.12
C094981,127.88,Loyal,0.04,5.12
C039961,510.91,VIP,0.01,5.11
C003435,255.54,Loyal,0.02,5.11
C092435,510.58,VIP,0.01,5.11
C047195,255.27,VIP,0.02,5.11
C015001,510.99,VIP,0.01,5.11
C080120,254.93,Returning,0.02,5.1
C033609,509.23,VIP,0.01,5.09
C065541,169.48,Loyal,0.03,5.08
C020865,24.17,New,0.21,5.08
C035189,252.88,Loyal,0.02,5.06
C086313,168.27,Returning,0.03,5.05
C005432,505.47,New,0.01,5.05
C041444,167.88,VIP,0.03,5.04
C055577,251.57,Loyal,0.02,5.03
C099566,251.74,Returning,0.02,5.03
C041131,167.81,Returning,0.03,5.03
C081348,501.93,Loyal,0.01,5.02
C045275,250.89,Returning,0.02,5.02
C072059,100.39,VIP,0.05,5.02
C056781,250.47,Loyal,0.02,5.01
C056450,500.97,Loyal,0.01,5.01
C007956,125.34,Loyal,0.04,5.01
C062823,500.03,Loyal,0.01,5.0
C008507,500.3,VIP,0.01,5.0
C068061,166.56,VIP,0.03,5.0
C067653,249.6,Returning,0.02,4.99
C081223,124.41,Returning,0.04,4.98
C085263,496.67,Returning,0.01,4.97
C074859,248.3,VIP,0.02,4.97
C021457,165.72,VIP,0.03,4.97
C088346,248.56,New,0.02,4.97
C046207,248.57,New,0.02,4.97
C076142,165.3,Returning,0.03,4.96
C032711,70.91,New,0.07,4.96
C054117,70.83,New,0.07,4.96
C085698,494.71,Loyal,0.01,4.95
C071936,123.55,Loyal,0.04,4.94
C094058,30.89,Loyal,0.16,4.94
C069067,492.67,New,0.01,4.93
C075046,164.13,Loyal,0.03,4.92
C095788,245.46,New,0.02,4.91
C030959,81.77,VIP,0.06,4.91
C019497,491.03,Returning,0.01,4.91
C045991,491.34,VIP,0.01,4.91
C058938,244.97,VIP,0.02,4.9
C002162,489.27,Returning,0.01,4.89
C013869,97.63,Loyal,0.05,4.88
C020683,243.43,Loyal,0.02,4.87
C084349,243.45,Returning,0.02,4.87
C087126,486.38,Loyal,0.01,4.86
C051988,243.2,New,0.02,4.86
C021734,121.32,VIP,0.04,4.85
C013620,485.05,Loyal,0.01,4.85
C036905,483.53,Loyal,0.01,4.84
C089556,80.69,New,0.06,4.84
C035681,69.12,VIP,0.07,4.84
C057298,240.83,New,0.02,4.82
C054108,482.35,New,0.01,4.82
C080205,160.72,VIP,0.03,4.82
C034358,80.22,VIP,0.06,4.81
C082393,477.55,VIP,0.01,4.78
C014819,238.05,Loyal,0.02,4.76
C001715,20.7,Loyal,0.23,4.76
C047950,95.01,New,0.05,4.75
C091777,118.68,VIP,0.04,4.75
C012587,47.48,New,0.1,4.75
C024951,237.23,New,0.02,4.74
C077184,237.16,Returning,0.02,4.74
C047890,236.68,New,0.02,4.73
C019326,47.3,Loyal,0.1,4.73
C010900,94.4,Returning,0.05,4.72
C044738,236.14,Returning,0.02,4.72
C038607,235.79,VIP,0.02,4.72
C076650,67.34,New,0.07,4.71
C032026,470.85,Loyal,0.01,4.71
C064863,470.68,New,0.01,4.71
C052227,234.76,VIP,0.02,4.7
C066826,468.71,VIP,0.01,4.69
C085073,116.93,Loyal,0.04,4.68
C098481,78.04,VIP,0.06,4.68
C073201,93.58,VIP,0.05,4.68
C003768,467.16,VIP,0.01,4.67
C040886,233.2,Loyal,0.02,4.66
C055930,232.75,VIP,0.02,4.66
C004625,232.86,New,0.02,4.66
C016846,465.36,New,0.01,4.65
C003786,232.43,VIP,0.02,4.65
C082180,464.61,VIP,0.01,4.65
C037713,232.13,Returning,0.02,4.64
C045659,231.52,Loyal,0.02,4.63
C070399,154.28,New,0.03,4.63
C042467,462.25,Returning,0.01,4.62
C000867,114.94,Returning,0.04,4.6
C025268,230.16,Returning,0.02,4.6
C096365,229.97,Loyal,0.02,4.6
C063153,457.93,VIP,0.01,4.58
C043538,457.53,Returning,0.01,4.58
C098366,457.91,VIP,0.01,4.58
C017110,38.14,Loyal,0.12,4.58
C089888,457.11,VIP,0.01,4.57
C041802,65.21,Loyal,0.07,4.56
C025885,50.62,Loyal,0.09,4.56
C081512,228.21,VIP,0.02,4.56
C063902,227.42,Returning,0.02,4.55
C061299,454.83,Returning,0.01,4.55
C047812,227.74,VIP,0.02,4.55
C086583,453.68,VIP,0.01,4.54
C072071,56.74,Returning,0.08,4.54
C030862,113.38,Loyal,0.04,4.54
C087857,226.27,VIP,0.02,4.53
C000675,452.65,Loyal,0.01,4.53
C056213,225.15,Loyal,0.02,4.5
C089835,224.88,Returning,0.02,4.5
C057209,224.8,VIP,0.02,4.5
C048595,225.11,Returning,0.02,4.5
C000437,74.74,Loyal,0.06,4.48
C056654,222.94,Returning,0.02,4.46
C015923,111.28,Returning,0.04,4.45
C038629,444.95,New,0.01,4.45
C007143,221.87,VIP,0.02,4.44
C068635,222.14,Returning,0.02,4.44
C015043,443.12,Returning,0.01,4.43
C015352,147.66,Loyal,0.03,4.43
C094286,147.57,Returning,0.03,4.43
C071338,220.8,Loyal,0.02,4.42
C039184,442.26,Loyal,0.01,4.42
C065663,110.48,Loyal,0.04,4.42
C059392,146.84,Loyal,0.03,4.41
C040924,441.45,New,0.01,4.41
C044708,146.89,Returning,0.03,4.41
C081630,441.19,VIP,0.01,4.41
C024430,439.82,Loyal,0.01,4.4
C030229,219.88,VIP,0.02,4.4
C054181,439.88,VIP,0.01,4.4
C027795,219.52,Loyal,0.02,4.39
C072746,439.36,VIP,0.01,4.39
C068263,438.93,New,0.01,4.39
C063780,62.77,Loyal,0.07,4.39
C007117,437.59,VIP,0.01,4.38
C002710,436.6,New,0.01,4.37
C071819,218.5,Returning,0.02,4.37
C006294,436.46,Returning,0.01,4.36
C001743,434.95,VIP,0.01,4.35
C065916,434.77,New,0.01,4.35
C001861,433.59,VIP,0.01,4.34
C055329,433.73,Returning,0.01,4.34
C061189,433.18,New,0.01,4.33
C008009,432.11,Loyal,0.01,4.32
C060702,107.92,New,0.04,4.32
C069239,432.11,New,0.01,4.32
C060644,86.42,Loyal,0.05,4.32
C081393,430.66,Loyal,0.01,4.31
C028228,215.28,Loyal,0.02,4.31
C024168,143.74,Returning,0.03,4.31
C079196,429.95,Returning,0.01,4.3
C095820,71.73,VIP,0.06,4.3
C016751,214.77,New,0.02,4.3
C018687,215.24,Loyal,0.02,4.3
C069103,214.38,New,0.02,4.29
C058510,142.64,New,0.03,4.28
C077181,142.7,Returning,0.03,4.28
C070536,427.1,VIP,0.01,4.27
C046720,427.01,Returning,0.01,4.27
C081655,427.47,VIP,0.01,4.27
C004418,106.49,Loyal,0.04,4.26
C027877,26.6,VIP,0.16,4.26
C063359,425.11,Returning,0.01,4.25
C049756,70.79,Loyal,0.06,4.25
C083847,141.38,New,0.03,4.24
C050248,422.67,Returning,0.01,4.23
C002997,211.72,Returning,0.02,4.23
C012803,211.21,VIP,0.02,4.22
C013353,422.08,VIP,0.01,4.22
C099994,140.23,Loyal,0.03,4.21
C072248,60.09,Returning,0.07,4.21
C016607,140.42,Loyal,0.03,4.21
C031632,83.97,Loyal,0.05,4.2
C011910,210.07,Loyal,0.02,4.2
C032799,208.92,Loyal,0.02,4.18
C058156,208.47,New,0.02,4.17
C036163,46.35,Returning,0.09,4.17
C046984,83.38,New,0.05,4.17
C064150,417.2,New,0.01,4.17
C092604,208.2,Returning,0.02,4.16
C074121,415.75,VIP,0.01,4.16
C096266,51.9,Returning,0.08,4.15
C019184,206.69,Loyal,0.02,4.13
C000271,206.27,VIP,0.02,4.13
C021620,205.39,Loyal,0.02,4.11
C037130,409.72,VIP,0.01,4.1
C083778,136.51,New,0.03,4.1
C068164,29.3,VIP,0.14,4.1
C029267,204.99,Returning,0.02,4.1
C006837,136.26,Returning,0.03,4.09
C083897,68.24,Loyal,0.06,4.09
C061969,102.1,Returning,0.04,4.08
C017704,135.21,Returning,0.03,4.06
C072898,101.52,Returning,0.04,4.06
C023788,406.0,Returning,0.01,4.06
C074562,202.26,Loyal,0.02,4.05
C003636,134.92,VIP,0.03,4.05
C049784,80.66,Returning,0.05,4.03
C072187,403.02,VIP,0.01,4.03
C036956,200.95,VIP,0.02,4.02
C093454,401.98,New,0.01,4.02
C054586,200.74,Loyal,0.02,4.01
C033057,200.52,Returning,0.02,4.01
C055880,401.08,New,0.01,4.01
C067894,200.59,VIP,0.02,4.01
C012396,401.23,New,0.01,4.01
C087685,200.55,Returning,0.02,4.01
C037462,99.77,Loyal,0.04,3.99
C028718,133.16,Returning,0.03,3.99
C073817,399.27,VIP,0.01,3.99
C023063,398.04,VIP,0.01,3.98
C055006,396.9,VIP,0.01,3.97
C087541,132.41,Loyal,0.03,3.97
C058129,396.51,VIP,0.01,3.97
C062291,396.6,Loyal,0.01,3.97
C003119,396.52,Loyal,0.01,3.97
C032891,197.8,VIP,0.02,3.96
C035606,79.18,VIP,0.05,3.96
C096200,396.21,New,0.01,3.96
C080504,197.34,Loyal,0.02,3.95
C060274,131.72,Returning,0.03,3.95
C094481,395.06,Returning,0.01,3.95
C074412,65.62,Loyal,0.06,3.94
C072441,43.82,Loyal,0.09,3.94
C093606,196.57,Returning,0.02,3.93
C074142,49.16,Returning,0.08,3.93
C033132,196.53,New,0.02,3.93
C093843,391.5,Loyal,0.01,3.92
C032885,97.89,Returning,0.04,3.92
C034082,390.9,Loyal,0.01,3.91
C095339,389.5,VIP,0.01,3.9
C087591,389.22,New,0.01,3.89
C095469,194.69,Returning,0.02,3.89
C060419,389.32,VIP,0.01,3.89
C053124,388.84,Loyal,0.01,3.89
C040262,389.23,VIP,0.01,3.89
C013802,194.59,Returning,0.02,3.89
C025040,129.71,Loyal,0.03,3.89
C075591,194.61,Returning,0.02,3.89
C080178,388.98,VIP,0.01,3.89
C065529,388.09,Returning,0.01,3.88
C044746,387.92,Returning,0.01,3.88
C057376,193.59,Loyal,0.02,3.87
C037246,385.74,Returning,0.01,3.86
C091372,386.02,VIP,0.01,3.86
C052262,384.34,Loyal,0.01,3.84
C063260,128.02,VIP,0.03,3.84
C093269,383.0,VIP,0.01,3.83
C042620,383.11,VIP,0.01,3.83
C006076,127.75,New,0.03,3.83
C006624,190.93,New,0.02,3.82
C007864,381.18,Returning,0.01,3.81
C016585,380.54,VIP,0.01,3.81
C035156,380.92,Returning,0.01,3.81
C075833,380.41,VIP,0.01,3.8
C077960,379.93,Loyal,0.01,3.8
C012507,379.83,VIP,0.01,3.8
C032961,189.43,Returning,0.02,3.79
C067409,377.66,Returning,0.01,3.78
C001326,377.74,VIP,0.01,3.78
C056323,377.47,New,0.01,3.77
C049210,375.97,Returning,0.01,3.76
C083844,374.9,Loyal,0.01,3.75
C073797,125.1,New,0.03,3.75
C067607,374.48,Loyal,0.01,3.74
C088084,37.42,Returning,0.1,3.74
C009151,53.13,Loyal,0.07,3.72
C032930,123.51,New,0.03,3.71
C032278,371.1,Returning,0.01,3.71
C040247,61.64,Loyal,0.06,3.7
C080636,123.23,VIP,0.03,3.7
C003051,123.12,Loyal,0.03,3.69
C054585,368.97,Returning,0.01,3.69
C013859,368.57,Loyal,0.01,3.69
C074101,368.71,Returning,0.01,3.69
C071484,183.44,New,0.02,3.67
C052075,366.58,VIP,0.01,3.67
C059018,36.66,Loyal,0.1,3.67
C094565,45.77,New,0.08,3.66
C012795,365.78,New,0.01,3.66
C075722,122.1,VIP,0.03,3.66
C010093,121.84,VIP,0.03,3.66
C028972,366.03,Returning,0.01,3.66
C048664,73.07,Loyal,0.05,3.65
C086015,121.52,VIP,0.03,3.65
C049333,181.81,Loyal,0.02,3.64
C081054,364.24,VIP,0.01,3.64
C056049,30.21,Returning,0.12,3.63
C080535,363.44,Loyal,0.01,3.63
C003369,181.02,VIP,0.02,3.62
C052191,362.45,VIP,0.01,3.62
C072563,361.72,Loyal,0.01,3.62
C078839,60.26,New,0.06,3.62
C004692,181.12,VIP,0.02,3.62
C069659,180.56,Loyal,0.02,3.61
C018830,60.1,Loyal,0.06,3.61
C004089,360.31,VIP,0.01,3.6
C063793,359.67,Returning,0.01,3.6
C003792,179.25,New,0.02,3.58
C015751,358.32,New,0.01,3.58
C029910,89.35,Loyal,0.04,3.57
C008310,51.04,VIP,0.07,3.57
C008252,357.21,Returning,0.01,3.57
C051965,118.87,VIP,0.03,3.57
C058992,89.33,New,0.04,3.57
C068762,357.26,VIP,0.01,3.57
C052921,355.74,VIP,0.01,3.56
C048836,355.54,VIP,0.01,3.56
C060576,355.05,New,0.01,3.55
C010290,354.91,New,0.01,3.55
C051230,88.64,Loyal,0.04,3.55
C066150,176.76,New,0.02,3.54
C095387,353.82,Loyal,0.01,3.54
C015303,353.83,VIP,0.01,3.54
C093395,117.65,Returning,0.03,3.53
C021963,87.75,Loyal,0.04,3.51
C076488,350.38,Loyal,0.01,3.5
C045576,349.97,New,0.01,3.5
C044331,350.36,New,0.01,3.5
C010164,348.94,VIP,0.01,3.49
C041000,349.33,New,0.01,3.49
C012533,349.36,Returning,0.01,3.49
C067611,115.97,VIP,0.03,3.48
C055700,173.78,Loyal,0.02,3.48
C072691,115.98,Returning,0.03,3.48
C042473,87.05,Loyal,0.04,3.48
C046101,346.89,New,0.01,3.47
C073267,347.09,VIP,0.01,3.47
C001547,173.32,VIP,0.02,3.47
C083934,346.25,VIP,0.01,3.46
C007307,346.3,Loyal,0.01,3.46
C075937,344.9,New,0.01,3.45
C011862,114.67,VIP,0.03,3.44
C005449,344.17,New,0.01,3.44
C033848,344.18,VIP,0.01,3.44
C081504,344.23,Loyal,0.01,3.44
C030083,344.05,Returning,0.01,3.44
C094867,20.16,Returning,0.17,3.43
C042275,342.7,VIP,0.01,3.43
C053780,85.6,Loyal,0.04,3.42
C008782,113.83,VIP,0.03,3.41
C049056,341.39,New,0.01,3.41
C033503,169.85,Loyal,0.02,3.4
C020229,339.92,VIP,0.01,3.4
C005867,339.78,New,0.01,3.4
C091919,339.03,Returning,0.01,3.39
C002373,338.77,New,0.01,3.39
C026253,339.36,VIP,0.01,3.39
C072471,169.36,VIP,0.02,3.39
C076478,339.27,New,0.01,3.39
C025470,169.08,Loyal,0.02,3.38
C024825,337.58,VIP,0.01,3.38
C087136,337.84,VIP,0.01,3.38
C052072,168.73,Loyal,0.02,3.37
C089256,167.45,Returning,0.02,3.35
C098556,335.3,New,0.01,3.35
C039058,334.88,Loyal,0.01,3.35
C021504,167.48,New,0.02,3.35
C001261,333.76,Loyal,0.01,3.34
C088424,333.98,Loyal,0.01,3.34
C034789,333.57,New,0.01,3.34
C026792,167.07,New,0.02,3.34
C080041,334.02,Returning,0.01,3.34
C069312,166.26,VIP,0.02,3.33
C080483,333.01,Loyal,0.01,3.33
C036817,332.57,Loyal,0.01,3.33
C064313,333.37,New,0.01,3.33
C060591,331.64,Loyal,0.01,3.32
C002352,330.79,New,0.01,3.31
C026192,66.17,VIP,0.05,3.31
C099455,331.45,New,0.01,3.31
C088249,330.44,Loyal,0.01,3.3
C098176,330.27,New,0.01,3.3
C073354,329.6,VIP,0.01,3.3
C091282,82.37,New,0.04,3.29
C046542,109.72,Returning,0.03,3.29
C087022,329.07,Loyal,0.01,3.29
C041368,54.73,VIP,0.06,3.28
C049472,327.62,Returning,0.01,3.28
C087046,163.99,Loyal,0.02,3.28
C083843,109.06,New,0.03,3.27
C013944,163.34,VIP,0.02,3.27
C052267,326.72,New,0.01,3.27
C092686,163.37,New,0.02,3.27
C065988,163.49,New,0.02,3.27
C019560,81.49,Loyal,0.04,3.26
C076964,54.33,VIP,0.06,3.26
C039891,326.19,VIP,0.01,3.26
C007481,81.6,Loyal,0.04,3.26
C040965,324.89,Returning,0.01,3.25
C080128,108.2,New,0.03,3.25
C012619,324.45,VIP,0.01,3.24
C029684,32.38,Loyal,0.1,3.24
C004414,324.05,Loyal,0.01,3.24
C096992,161.39,Returning,0.02,3.23
C034441,323.02,New,0.01,3.23
C024535,322.84,Returning,0.01,3.23
C016854,321.71,Loyal,0.01,3.22
C016277,107.24,Returning,0.03,3.22
C063396,161.2,VIP,0.02,3.22
C008160,64.39,Loyal,0.05,3.22
C049175,322.35,VIP,0.01,3.22
C061993,320.8,Returning,0.01,3.21
C055406,320.14,New,0.01,3.2
C051282,320.1,Returning,0.01,3.2
C026084,160.22,Loyal,0.02,3.2
C080593,159.26,Loyal,0.02,3.19
C072894,317.77,VIP,0.01,3.18
C051850,316.88,Returning,0.01,3.17
C090984,316.75,Loyal,0.01,3.17
C011498,316.68,Returning,0.01,3.17
C070350,158.38,New,0.02,3.17
C045740,105.5,Loyal,0.03,3.16
C013109,315.7,New,0.01,3.16
C071542,157.37,VIP,0.02,3.15
C037546,315.12,Returning,0.01,3.15
C013849,314.51,VIP,0.01,3.15
C057764,315.47,Loyal,0.01,3.15
C076844,157.05,VIP,0.02,3.14
C011720,314.19,Loyal,0.01,3.14
C072184,313.42,New,0.01,3.13
C019376,313.14,New,0.01,3.13
C098977,104.46,VIP,0.03,3.13
C099193,62.37,Loyal,0.05,3.12
C029989,155.94,Returning,0.02,3.12
C061025,310.97,New,0.01,3.11
C043813,311.46,New,0.01,3.11
C002827,311.2,Loyal,0.01,3.11
C041555,309.75,Loyal,0.01,3.1
C057145,77.48,VIP,0.04,3.1
C063891,77.36,Loyal,0.04,3.09
C097572,307.97,New,0.01,3.08
C058779,306.58,Returning,0.01,3.07
C091712,153.61,Returning,0.02,3.07
C089978,153.22,Returning,0.02,3.06
C043045,152.97,New,0.02,3.06
C046426,305.58,VIP,0.01,3.06
C032423,102.11,Loyal,0.03,3.06
C088973,306.02,Loyal,0.01,3.06
C051849,305.67,Returning,0.01,3.06
C091132,305.13,Loyal,0.01,3.05
C077784,303.98,New,0.01,3.04
C044686,304.32,New,0.01,3.04
C023370,151.98,VIP,0.02,3.04
C060871,303.81,New,0.01,3.04
C030408,151.38,Returning,0.02,3.03
C018073,151.38,Returning,0.02,3.03
C051785,301.97,New,0.01,3.02
C011332,301.52,Returning,0.01,3.02
C015285,300.78,Returning,0.01,3.01
C023752,300.85,Returning,0.01,3.01
C068065,301.34,Loyal,0.01,3.01
C043587,75.01,VIP,0.04,3.0
C091671,296.89,New,0.01,2.97
C030788,297.27,New,0.01,2.97
C095284,148.48,VIP,0.02,2.97
C064629,297.06,Returning,0.01,2.97
C028105,296.78,Loyal,0.01,2.97
C004257,296.0,Loyal,0.01,2.96
C027734,42.2,Loyal,0.07,2.95
C025811,147.21,Loyal,0.02,2.94
C087580,294.02,VIP,0.01,2.94
C032302,293.21,New,0.01,2.93
C074424,292.65,Loyal,0.01,2.93
C086547,293.14,VIP,0.01,2.93
C089043,292.86,Returning,0.01,2.93
C076435,292.66,Returning,0.01,2.93
C022774,291.99,New,0.01,2.92
C094037,290.54,Returning,0.01,2.91
C093357,145.26,New,0.02,2.91
C027079,290.78,New,0.01,2.91
C098230,290.09,Loyal,0.01,2.9
C028472,290.02,Returning,0.01,2.9
C002814,24.2,New,0.12,2.9
C041532,290.04,VIP,0.01,2.9
C059420,289.43,New,0.01,2.89
C095180,48.13,New,0.06,2.89
C095435,288.9,Loyal,0.01,2.89
C090964,48.03,New,0.06,2.88
C056928,144.14,Loyal,0.02,2.88
C016211,288.1,VIP,0.01,2.88
C087309,95.73,VIP,0.03,2.87
C051450,143.29,Returning,0.02,2.87
C045234,142.94,New,0.02,2.86
C001333,142.89,VIP,0.02,2.86
C015809,71.51,Loyal,0.04,2.86
C072260,142.5,Returning,0.02,2.85
C017299,142.37,New,0.02,2.85
C058714,283.89,New,0.01,2.84
C059241,141.45,VIP,0.02,2.83
C064563,70.83,New,0.04,2.83
C020922,28.33,Returning,0.1,2.83
C029314,282.51,Returning,0.01,2.83
C020279,141.27,VIP,0.02,2.83
C035425,281.83,VIP,0.01,2.82
C040027,282.24,VIP,0.01,2.82
C054950,282.33,Returning,0.01,2.82
C004728,140.9,New,0.02,2.82
C084202,93.48,Returning,0.03,2.8
C024463,139.97,New,0.02,2.8
C043261,139.52,VIP,0.02,2.79
C084954,279.48,Returning,0.01,2.79
C015084,278.74,Returning,0.01,2.79
C053915,69.79,New,0.04,2.79
C065315,279.15,Loyal,0.01,2.79
C019261,278.36,VIP,0.01,2.78
C064846,277.96,New,0.01,2.78
C030418,277.05,Loyal,0.01,2.77
C048008,138.71,Loyal,0.02,2.77
C095785,27.7,Returning,0.1,2.77
C075275,275.82,Returning,0.01,2.76
C092552,276.09,Loyal,0.01,2.76
C085209,55.16,Returning,0.05,2.76
C095858,276.48,Loyal,0.01,2.76
C069418,68.7,Loyal,0.04,2.75
C086955,91.83,VIP,0.03,2.75
C052439,91.53,VIP,0.03,2.75
C085701,274.85,New,0.01,2.75
C000088,68.81,Loyal,0.04,2.75
C060883,68.74,Returning,0.04,2.75
C053158,91.2,Returning,0.03,2.74
C005672,68.15,Loyal,0.04,2.73
C096130,273.08,New,0.01,2.73
C021784,272.95,New,0.01,2.73
C075152,271.57,Loyal,0.01,2.72
C002886,271.81,Returning,0.01,2.72
C095296,271.28,Returning,0.01,2.71
C092096,90.4,New,0.03,2.71
C000789,54.25,New,0.05,2.71
C000366,269.53,VIP,0.01,2.7
C067151,53.81,Loyal,0.05,2.69
C054085,268.86,Loyal,0.01,2.69
C061433,134.64,Loyal,0.02,2.69
C098815,268.44,Loyal,0.01,2.68
C081362,266.93,Returning,0.01,2.67
C053091,266.2,New,0.01,2.66
C006101,265.5,Returning,0.01,2.66
C056792,265.39,VIP,0.01,2.65
C010206,264.48,Returning,0.01,2.64
C067218,87.56,Loyal,0.03,2.63
C071875,262.73,VIP,0.01,2.63
C070283,262.88,VIP,0.01,2.63
C088169,261.54,VIP,0.01,2.62
C091672,65.52,Returning,0.04,2.62
C078553,261.4,VIP,0.01,2.61
C079014,261.13,Returning,0.01,2.61
C021476,129.78,Returning,0.02,2.6
C080075,65.03,VIP,0.04,2.6
C062725,259.92,VIP,0.01,2.6
C063034,64.74,New,0.04,2.59
C055371,259.36,Loyal,0.01,2.59
C035461,258.31,Returning,0.01,2.58
C085116,86.06,VIP,0.03,2.58
C003004,255.61,Loyal,0.01,2.56
C055275,255.7,New,0.01,2.56
C029888,85.41,VIP,0.03,2.56
C056384,63.77,Loyal,0.04,2.55
C088012,127.65,Loyal,0.02,2.55
C083571,42.4,New,0.06,2.54
C083407,127.17,Returning,0.02,2.54
C020226,126.91,Loyal,0.02,2.54
C068906,254.07,Returning,0.01,2.54
C009691,252.71,Loyal,0.01,2.53
C016578,84.23,VIP,0.03,2.53
C097526,252.67,New,0.01,2.53
C015086,252.39,VIP,0.01,2.52
C087799,27.93,VIP,0.09,2.51
C042264,62.43,New,0.04,2.5
C023531,83.19,VIP,0.03,2.5
C088985,249.51,Loyal,0.01,2.5
C097565,62.4,New,0.04,2.5
C039699,124.41,Loyal,0.02,2.49
C043326,124.6,VIP,0.02,2.49
C034964,49.8,VIP,0.05,2.49
C077636,62.3,Returning,0.04,2.49
C033479,247.26,New,0.01,2.47
C005744,61.5,Returning,0.04,2.46
C051392,245.94,New,0.01,2.46
C085187,244.64,Returning,0.01,2.45
C020474,122.47,New,0.02,2.45
C020300,81.51,Returning,0.03,2.45
C065352,243.6,Returning,0.01,2.44
C036796,121.86,Returning,0.02,2.44
C088293,243.2,VIP,0.01,2.43
C003395,243.46,Returning,0.01,2.43
C066006,121.36,Loyal,0.02,2.43
C055479,243.47,Loyal,0.01,2.43
C035913,242.93,Returning,0.01,2.43
C071723,243.48,New,0.01,2.43
C019131,120.49,Loyal,0.02,2.41
C044208,79.98,VIP,0.03,2.4
C023844,118.81,New,0.02,2.38
C075683,238.42,New,0.01,2.38
C006457,79.3,New,0.03,2.38
C056303,238.48,New,0.01,2.38
C071906,33.9,Loyal,0.07,2.37
C023323,237.19,VIP,0.01,2.37
C042779,237.47,Loyal,0.01,2.37
C047707,59.06,VIP,0.04,2.36
C081458,78.7,New,0.03,2.36
C019555,235.98,Loyal,0.01,2.36
C092774,236.41,New,0.01,2.36
C002686,117.55,Loyal,0.02,2.35
C023265,46.83,VIP,0.05,2.34
C065736,77.82,Loyal,0.03,2.33
C079885,232.99,New,0.01,2.33
C017815,116.7,Loyal,0.02,2.33
C016802,232.74,VIP,0.01,2.33
C042567,232.08,New,0.01,2.32
C047262,232.37,New,0.01,2.32
C029660,38.66,Returning,0.06,2.32
C093193,232.0,Loyal,0.01,2.32
C029018,231.16,New,0.01,2.31
C012509,38.57,Loyal,0.06,2.31
C030530,77.01,Loyal,0.03,2.31
C030062,115.27,Returning,0.02,2.31
C066825,231.02,Returning,0.01,2.31
C078909,38.57,Loyal,0.06,2.31
C007954,229.93,Returning,0.01,2.3
C084937,57.13,Loyal,0.04,2.29
C007428,228.89,New,0.01,2.29
C005053,229.15,Loyal,0.01,2.29
C055227,56.94,New,0.04,2.28
C001448,114.02,Returning,0.02,2.28
C021097,76.13,Returning,0.03,2.28
C033950,227.02,New,0.01,2.27
C081379,37.78,New,0.06,2.27
C085889,227.01,Loyal,0.01,2.27
C099356,113.12,Loyal,0.02,2.26
C065948,225.61,VIP,0.01,2.26
C091347,37.56,Loyal,0.06,2.25
C060894,112.71,VIP,0.02,2.25
C052586,224.98,Loyal,0.01,2.25
C042835,74.68,VIP,0.03,2.24
C005481,224.23,New,0.01,2.24
C047438,74.23,Returning,0.03,2.23
C092525,222.12,VIP,0.01,2.22
C076307,110.29,Loyal,0.02,2.21
C072400,27.27,VIP,0.08,2.18
C023281,108.84,Loyal,0.02,2.18
C092209,72.83,Returning,0.03,2.18
C088711,108.28,Loyal,0.02,2.17
C038250,108.41,Returning,0.02,2.17
C014305,216.14,Loyal,0.01,2.16
C027345,215.08,Loyal,0.01,2.15
C006289,215.37,Loyal,0.01,2.15
C056689,212.57,Returning,0.01,2.13
C095055,212.53,VIP,0.01,2.13
C073344,212.87,VIP,0.01,2.13
C038309,106.16,VIP,0.02,2.12
C060802,210.72,New,0.01,2.11
C036094,52.63,Returning,0.04,2.11
C049043,210.71,Returning,0.01,2.11
C080126,105.11,New,0.02,2.1
C070116,26.25,VIP,0.08,2.1
C066839,41.94,New,0.05,2.1
C016432,208.89,VIP,0.01,2.09
C084700,104.34,New,0.02,2.09
C012903,207.89,New,0.01,2.08
C051397,207.74,Returning,0.01,2.08
C029858,208.48,VIP,0.01,2.08
C059195,34.68,New,0.06,2.08
C089828,207.43,Returning,0.01,2.07
C034720,103.49,VIP,0.02,2.07
C096250,207.25,Loyal,0.01,2.07
C006530,206.71,Loyal,0.01,2.07
C073457,51.51,VIP,0.04,2.06
C092201,205.75,VIP,0.01,2.06
C095729,206.01,VIP,0.01,2.06
C029707,68.17,VIP,0.03,2.05
C012117,205.33,New,0.01,2.05
C099282,102.0,New,0.02,2.04
C070835,204.35,VIP,0.01,2.04
C054661,67.54,New,0.03,2.03
C087072,67.17,Loyal,0.03,2.02
C083661,66.85,VIP,0.03,2.01
C076528,199.68,New,0.01,2.0
C011129,99.78,Returning,0.02,2.0
C077491,199.77,New,0.01,2.0
C096567,199.36,Returning,0.01,1.99
C035942,196.34,New,0.01,1.96
C068696,32.68,Returning,0.06,1.96
C059397,196.03,VIP,0.01,1.96
C081411,97.39,Returning,0.02,1.95
C018042,97.03,Returning,0.02,1.94
C052576,193.67,Loyal,0.01,1.94
C090780,193.43,VIP,0.01,1.93
C087479,191.89,VIP,0.01,1.92
C012943,192.11,Loyal,0.01,1.92
C053245,95.82,VIP,0.02,1.92
C031022,23.82,VIP,0.08,1.91
C015618,190.8,New,0.01,1.91
C025012,47.42,Loyal,0.04,1.9
C075129,190.43,Returning,0.01,1.9
C064484,189.64,New,0.01,1.9
C059493,63.27,VIP,0.03,1.9
C042124,190.23,VIP,0.01,1.9
C092177,95.07,Loyal,0.02,1.9
C046043,94.44,New,0.02,1.89
C082593,94.27,New,0.02,1.89
C093747,188.75,Loyal,0.01,1.89
C044305,47.24,Returning,0.04,1.89
C024087,94.51,New,0.02,1.89
C069689,47.15,VIP,0.04,1.89
C015969,94.1,Loyal,0.02,1.88
C066086,188.14,Loyal,0.01,1.88
C080788,62.41,Returning,0.03,1.87
C066661,93.37,VIP,0.02,1.87
C083924,62.38,VIP,0.03,1.87
C037466,37.32,Returning,0.05,1.87
C003586,186.38,VIP,0.01,1.86
C039661,61.87,VIP,0.03,1.86
C064625,93.21,Returning,0.02,1.86
C079716,46.3,New,0.04,1.85
C046211,183.72,New,0.01,1.84
C017116,182.7,Loyal,0.01,1.83
C078105,90.75,Returning,0.02,1.82
C067034,45.54,Returning,0.04,1.82
C006424,91.09,Loyal,0.02,1.82
C012636,91.15,Loyal,0.02,1.82
C058440,91.08,Loyal,0.02,1.82
C030157,180.98,Returning,0.01,1.81
C042446,181.13,Loyal,0.01,1.81
C022339,45.0,Returning,0.04,1.8
C068778,179.3,Returning,0.01,1.79
C066663,89.62,VIP,0.02,1.79
C030875,178.21,VIP,0.01,1.78
C016816,35.63,Loyal,0.05,1.78
C038306,178.07,Returning,0.01,1.78
C035616,29.67,New,0.06,1.78
C000505,176.16,New,0.01,1.76
C088749,176.05,VIP,0.01,1.76
C086912,58.83,Returning,0.03,1.76
C047662,87.66,Returning,0.02,1.75
C030027,174.57,Returning,0.01,1.75
C071414,173.9,New,0.01,1.74
C083740,174.42,New,0.01,1.74
C087678,173.88,Loyal,0.01,1.74
C071391,58.06,Loyal,0.03,1.74
C049541,28.81,Loyal,0.06,1.73
C083344,172.22,VIP,0.01,1.72
C066621,170.82,New,0.01,1.71
C059476,171.45,New,0.01,1.71
C014859,170.01,VIP,0.01,1.7
C001599,170.5,Returning,0.01,1.7
C088363,85.08,New,0.02,1.7
C007761,170.25,New,0.01,1.7
C066379,84.39,New,0.02,1.69
C037692,84.35,New,0.02,1.69
C034849,167.44,Loyal,0.01,1.67
C024671,82.92,New,0.02,1.66
C056840,165.94,VIP,0.01,1.66
C057707,83.22,VIP,0.02,1.66
C067327,164.97,Loyal,0.01,1.65
C087359,164.03,Returning,0.01,1.64
C019264,32.81,VIP,0.05,1.64
C062670,162.0,Loyal,0.01,1.62
C025376,26.64,Loyal,0.06,1.6
C034791,80.16,Loyal,0.02,1.6
C038115,160.19,VIP,0.01,1.6
C051404,79.55,Returning,0.02,1.59
C059971,26.57,Returning,0.06,1.59
C019982,26.49,Loyal,0.06,1.59
C010971,157.88,VIP,0.01,1.58
C012758,157.71,New,0.01,1.58
C039809,158.44,New,0.01,1.58
C008082,157.5,New,0.01,1.58
C080879,156.87,Loyal,0.01,1.57
C035533,78.33,Loyal,0.02,1.57
C060193,156.62,VIP,0.01,1.57
C041669,77.95,Loyal,0.02,1.56
C008855,77.76,VIP,0.02,1.56
C043244,155.38,Returning,0.01,1.55
C087544,153.93,New,0.01,1.54
C092998,76.79,Returning,0.02,1.54
C085080,153.98,VIP,0.01,1.54
C009791,76.75,Returning,0.02,1.54
C041262,76.74,Loyal,0.02,1.53
C067015,151.7,Loyal,0.01,1.52
C065572,151.57,New,0.01,1.52
C058206,150.97,VIP,0.01,1.51
C086190,37.61,Loyal,0.04,1.5
C006726,148.54,Returning,0.01,1.49
C025666,74.58,Returning,0.02,1.49
C006482,149.24,Returning,0.01,1.49
C021692,148.51,Loyal,0.01,1.49
C087802,37.35,Returning,0.04,1.49
C015880,148.05,Returning,0.01,1.48
C037803,146.94,VIP,0.01,1.47
C073284,73.62,Returning,0.02,1.47
C019531,73.27,Loyal,0.02,1.47
C060147,48.99,New,0.03,1.47
C047794,147.02,VIP,0.01,1.47
C047301,146.82,Loyal,0.01,1.47
C088678,73.25,New,0.02,1.46
C037972,73.25,New,0.02,1.46
C074510,48.67,VIP,0.03,1.46
C066487,24.1,Loyal,0.06,1.45
C001019,144.89,Returning,0.01,1.45
C024711,72.73,Loyal,0.02,1.45
C041763,47.85,VIP,0.03,1.44
C048937,71.95,New,0.02,1.44
C060091,144.2,Loyal,0.01,1.44
C026312,48.16,Returning,0.03,1.44
C089455,35.79,VIP,0.04,1.43
C030765,142.9,Returning,0.01,1.43
C004155,142.5,Returning,0.01,1.42
C051052,141.17,VIP,0.01,1.41
C000173,139.52,New,0.01,1.4
C023074,140.17,Returning,0.01,1.4
C056884,138.81,New,0.01,1.39
C092363,46.32,Loyal,0.03,1.39
C094590,45.89,VIP,0.03,1.38
C017103,137.63,VIP,0.01,1.38
C083156,69.25,Returning,0.02,1.38
C076445,34.13,VIP,0.04,1.37
C099707,68.57,New,0.02,1.37
C030504,137.35,VIP,0.01,1.37
C047100,34.12,Returning,0.04,1.36
C089681,135.35,VIP,0.01,1.35
C042689,135.11,Returning,0.01,1.35
C081461,134.54,Returning,0.01,1.35
C079903,134.31,New,0.01,1.34
C073395,134.08,VIP,0.01,1.34
C013006,33.22,Loyal,0.04,1.33
C046021,131.83,Loyal,0.01,1.32
C097534,65.93,New,0.02,1.32
C033806,32.98,Returning,0.04,1.32
C005580,130.75,Returning,0.01,1.31
C075534,129.39,VIP,0.01,1.29
C035753,125.85,Returning,0.01,1.26
C056497,125.92,Returning,0.01,1.26
C039754,123.84,Loyal,0.01,1.24
C008881,122.64,Loyal,0.01,1.23
C026781,123.43,New,0.01,1.23
C098697,61.18,Returning,0.02,1.22
C067926,121.5,VIP,0.01,1.22
C033049,121.5,New,0.01,1.22
C094766,40.56,VIP,0.03,1.22
C020860,119.5,Loyal,0.01,1.2
C073304,120.01,Loyal,0.01,1.2
C034596,59.86,VIP,0.02,1.2
C054691,118.92,Returning,0.01,1.19
C048541,117.68,Returning,0.01,1.18
C002874,59.05,Returning,0.02,1.18
C081057,39.38,VIP,0.03,1.18
C018093,116.87,New,0.01,1.17
C050767,116.7,New,0.01,1.17
C048859,117.09,Loyal,0.01,1.17
C045856,116.04,Returning,0.01,1.16
C069144,116.47,New,0.01,1.16
C000183,57.48,New,0.02,1.15
C019975,114.78,VIP,0.01,1.15
C054078,113.82,Loyal,0.01,1.14
C022279,112.19,Returning,0.01,1.12
C044626,111.99,Returning,0.01,1.12
C030627,111.86,VIP,0.01,1.12
C090656,111.03,New,0.01,1.11
C092033,55.65,VIP,0.02,1.11
C068460,110.74,New,0.01,1.11
C045767,55.06,New,0.02,1.1
C007721,109.03,Loyal,0.01,1.09
C087757,53.81,New,0.02,1.08
C061540,106.57,Returning,0.01,1.07
C076941,107.26,New,0.01,1.07
C043288,52.32,New,0.02,1.05
C019052,104.92,Loyal,0.01,1.05
C020207,104.34,Loyal,0.01,1.04
C041772,51.94,Loyal,0.02,1.04
C016373,103.88,Returning,0.01,1.04
C030547,51.48,Loyal,0.02,1.03
C078287,103.36,Returning,0.01,1.03
C088103,50.79,VIP,0.02,1.02
C086691,101.86,New,0.01,1.02
C059099,51.07,Returning,0.02,1.02
C019998,49.78,New,0.02,1.0
C068416,100.18,VIP,0.01,1.0
C045298,99.82,VIP,0.01,1.0
C059590,49.29,Returning,0.02,0.99
C060680,97.57,Returning,0.01,0.98
C091265,98.31,Returning,0.01,0.98
C044908,96.88,Returning,0.01,0.97
C052232,97.43,New,0.01,0.97
C016321,24.07,New,0.04,0.96
C034403,95.09,VIP,0.01,0.95
C012477,47.44,Returning,0.02,0.95
C089383,92.27,New,0.01,0.92
C008267,91.88,New,0.01,0.92
C090949,30.0,Loyal,0.03,0.9
C025378,89.44,VIP,0.01,0.89
C009343,88.63,VIP,0.01,0.89
C044953,86.75,Loyal,0.01,0.87
C056042,28.97,Returning,0.03,0.87
C006452,86.13,Loyal,0.01,0.86
C072812,43.08,Loyal,0.02,0.86
C050672,85.25,Returning,0.01,0.85
C018727,85.37,VIP,0.01,0.85
C085945,21.32,VIP,0.04,0.85
C032728,84.31,Returning,0.01,0.84
C073317,41.82,Returning,0.02,0.84
C027846,39.56,VIP,0.02,0.79
C094216,78.55,Returning,0.01,0.79
C048028,78.9,VIP,0.01,0.79
C014118,79.15,VIP,0.01,0.79
C095116,73.54,Loyal,0.01,0.74
C071079,74.13,Returning,0.01,0.74
C037222,73.12,New,0.01,0.73
C095712,72.74,Returning,0.01,0.73
C018927,72.99,Returning,0.01,0.73
C030464,35.76,New,0.02,0.72
C003564,71.8,Loyal,0.01,0.72
C098683,70.38,Returning,0.01,0.7
C089359,34.72,New,0.02,0.69
C086573,69.17,New,0.01,0.69
C094059,67.3,Loyal,0.01,0.67
C041193,22.29,New,0.03,0.67
C019870,66.07,New,0.01,0.66
C009846,33.21,New,0.02,0.66
C059560,64.19,New,0.01,0.64
C084112,31.33,Loyal,0.02,0.63
C000363,63.35,Loyal,0.01,0.63
C026941,62.82,VIP,0.01,0.63
C052352,29.71,VIP,0.02,0.59
C020309,56.73,Returning,0.01,0.57
C040366,55.22,Loyal,0.01,0.55
C031982,54.78,Loyal,0.01,0.55
C078551,53.19,Loyal,0.01,0.53
C062102,24.54,Returning,0.02,0.49
C010269,47.73,Loyal,0.01,0.48
C005987,42.79,Returning,0.01,0.43
C006594,41.65,New,0.01,0.42
C098627,36.71,New,0.01,0.37
C079504,5807.4,Loyal,0.0,0.0
C044360,1857.2,Loyal,0.0,0.0
C080088,6145.39,Returning,0.0,0.0
C064957,107.27,Returning,0.0,0.0
C087339,1746.0,New,0.0,0.0
C038930,324.09,Returning,0.0,0.0
C041286,680.61,Loyal,0.0,0.0
C051062,807.8,VIP,0.0,0.0
C049025,1551.95,New,0.0,0.0
C009854,709.64,Loyal,0.0,0.0
C095847,230.57,New,0.0,0.0
C018179,178.27,Returning,0.0,0.0
C034045,2185.99,Returning,0.0,0.0
C084857,4742.75,Returning,0.0,0.0
C012479,15837.84,Returning,0.0,0.0
C000822,11917.53,Loyal,0.0,0.0
C098740,1154.14,New,0.0,0.0
C035497,11084.93,Loyal,0.0,0.0
C004546,210.98,Loyal,0.0,0.0
C037374,3037.18,Returning,0.0,0.0
C074157,242.1,Returning,0.0,0.0
C012397,340.7,Returning,0.0,0.0
C085791,600.86,Returning,0.0,0.0
C057020,2046.07,Returning,0.0,0.0
C099567,3623.4,Loyal,0.0,0.0
C059148,1578.52,New,0.0,0.0
C021518,6999.18,VIP,0.0,0.0
C080918,3394.9,Returning,0.0,0.0
C033804,1153.87,VIP,0.0,0.0
C018374,743.33,VIP,0.0,0.0
C054450,1054.78,New,0.0,0.0
C002589,1735.7,Loyal,0.0,0.0
C053491,5018.88,New,0.0,0.0
C097802,1026.52,New,0.0,0.0
C070880,78.27,New,0.0,0.0
C076517,2285.98,New,0.0,0.0
C081169,235.34,VIP,0.0,0.0
C021398,2725.74,Returning,0.0,0.0
C018013,2911.79,Returning,0.0,0.0
C002451,5380.99,Loyal,0.0,0.0
C098204,197.58,Loyal,0.0,0.0
C046190,1020.36,Returning,0.0,0.0
C031866,490.49,Returning,0.0,0.0
C082714,6015.41,Loyal,0.0,0.0
C065025,1033.78,Loyal,0.0,0.0
C051590,2938.44,Loyal,0.0,0.0
C077252,1119.87,Returning,0.0,0.0
C082313,245.1,Returning,0.0,0.0
C010291,415.58,Returning,0.0,0.0
C008564,486.36,New,0.0,0.0
C041420,2935.92,New,0.0,0.0
C072582,5526.23,Loyal,0.0,0.0
C058999,392.97,Loyal,0.0,0.0
C052885,2979.39,New,0.0,0.0
C069781,3135.69,Loyal,0.0,0.0
C022211,1574.19,New,0.0,0.0
C075438,1718.98,Returning,0.0,0.0
C006479,3352.43,New,0.0,0.0
C029897,311.03,New,0.0,0.0
C053231,910.16,Loyal,0.0,0.0
C016804,1904.39,VIP,0.0,0.0
C037432,6242.76,New,0.0,0.0
C002175,4568.28,Loyal,0.0,0.0
C031961,5991.6,VIP,0.0,0.0
C094826,1813.1,VIP,0.0,0.0
C094187,276.19,Returning,0.0,0.0
C086277,2192.87,Returning,0.0,0.0
C073435,5272.06,Returning,0.0,0.0
C058310,344.18,Returning,0.0,0.0
C064152,395.33,VIP,0.0,0.0
C070233,597.69,New,0.0,0.0
C054582,3820.09,Returning,0.0,0.0
C089551,622.12,New,0.0,0.0
C092530,7172.24,VIP,0.0,0.0
C015147,4322.36,Loyal,0.0,0.0
C027146,716.5,VIP,0.0,0.0
C044825,480.11,New,0.0,0.0
C069437,955.01,Loyal,0.0,0.0
C079957,669.55,Loyal,0.0,0.0
C020001,1742.55,Loyal,0.0,0.0
C094538,1133.49,New,0.0,0.0
C002722,290.34,VIP,0.0,0.0
C031828,473.79,VIP,0.0,0.0
C049049,11873.9,VIP,0.0,0.0
C096698,1421.4,New,0.0,0.0
C043313,634.19,VIP,0.0,0.0
C071503,763.5,VIP,0.0,0.0
C044035,78.35,VIP,0.0,0.0
C040180,355.24,VIP,0.0,0.0
C083646,428.68,VIP,0.0,0.0
C031839,681.74,Returning,0.0,0.0
C028447,2028.57,New,0.0,0.0
C015838,1168.47,Returning,0.0,0.0
C009580,2505.72,Returning,0.0,0.0
C073359,912.63,VIP,0.0,0.0
C078571,647.74,Loyal,0.0,0.0
C071758,126.92,New,0.0,0.0
C002583,3107.36,Loyal,0.0,0.0
C017059,203.04,New,0.0,0.0
C041803,5601.14,New,0.0,0.0
C008503,501.62,Loyal,0.0,0.0
C088893,2833.75,VIP,0.0,0.0
C018859,561.67,Loyal,0.0,0.0
C003936,140.53,VIP,0.0,0.0
C063505,924.41,Returning,0.0,0.0
C027337,1642.68,Loyal,0.0,0.0
C068563,142.11,Loyal,0.0,0.0
C021895,258.2,Returning,0.0,0.0
C019525,822.99,Loyal,0.0,0.0
C053830,1757.74,Loyal,0.0,0.0
C036981,1878.09,VIP,0.0,0.0
C082020,1326.26,New,0.0,0.0
C070851,401.4,Loyal,0.0,0.0
C065401,544.47,New,0.0,0.0
C015478,602.84,Returning,0.0,0.0
C074973,5978.82,New,0.0,0.0
C011986,322.28,Returning,0.0,0.0
C047681,271.11,New,0.0,0.0
C086965,1578.68,New,0.0,0.0
C069758,131.39,Loyal,0.0,0.0
C000990,588.41,Returning,0.0,0.0
C082364,2306.03,Returning,0.0,0.0
C047124,285.0,New,0.0,0.0
C002869,2297.82,Loyal,0.0,0.0
C059055,725.13,Loyal,0.0,0.0
C096383,785.0,VIP,0.0,0.0
C056815,7897.05,Loyal,0.0,0.0
C051385,1193.87,New,0.0,0.0
C090377,1276.35,New,0.0,0.0
C060284,257.11,Loyal,0.0,0.0
C091469,583.96,VIP,0.0,0.0
C041678,5976.24,VIP,0.0,0.0
C041374,960.04,Returning,0.0,0.0
C029938,1683.28,Returning,0.0,0.0
C082945,134.78,Returning,0.0,0.0
C060649,432.14,Loyal,0.0,0.0
C053559,1176.69,VIP,0.0,0.0
C079153,2716.24,Loyal,0.0,0.0
C076735,925.66,Loyal,0.0,0.0
C033212,562.13,Returning,0.0,0.0
C060736,442.43,Loyal,0.0,0.0
C087663,724.62,Returning,0.0,0.0
C013310,1445.88,New,0.0,0.0
C015114,1148.21,Loyal,0.0,0.0
C067659,1117.39,New,0.0,0.0
C021375,1839.17,New,0.0,0.0
C063751,5885.31,Loyal,0.0,0.0
C045945,10568.55,Loyal,0.0,0.0
C018631,291.32,Loyal,0.0,0.0
C059778,1863.73,New,0.0,0.0
C096921,597.48,New,0.0,0.0
C031530,1252.71,Returning,0.0,0.0
C039784,2517.13,Returning,0.0,0.0
C097670,4791.86,VIP,0.0,0.0
C078668,1670.57,New,0.0,0.0
C058155,1515.28,Returning,0.0,0.0
C020296,10376.4,New,0.0,0.0
C080882,1710.96,Returning,0.0,0.0
C026028,3128.84,VIP,0.0,0.0
C032359,3144.0,VIP,0.0,0.0
C063284,204.82,VIP,0.0,0.0
C036658,1125.91,VIP,0.0,0.0
C062334,627.41,New,0.0,0.0
C066599,250.68,Returning,0.0,0.0
C030960,569.1,Loyal,0.0,0.0
C044245,892.7,Returning,0.0,0.0
C026002,4275.26,VIP,0.0,0.0
C050699,683.31,Returning,0.0,0.0
C041958,1427.16,Returning,0.0,0.0
C073733,5071.57,Returning,0.0,0.0
C062917,6522.63,Loyal,0.0,0.0
C039991,1643.46,Returning,0.0,0.0
C007663,701.1,Loyal,0.0,0.0
C090415,610.34,New,0.0,0.0
C007127,22009.73,Loyal,0.0,0.0
C049750,4298.71,New,0.0,0.0
C092021,252.11,VIP,0.0,0.0
C027694,952.39,VIP,0.0,0.0
C099036,3107.36,VIP,0.0,0.0
C016415,853.4,Returning,0.0,0.0
C051359,879.17,VIP,0.0,0.0
C057177,1305.26,VIP,0.0,0.0
C034722,1969.58,New,0.0,0.0
C015867,919.91,New,0.0,0.0
C042553,343.42,VIP,0.0,0.0
C002246,904.8,Returning,0.0,0.0
C029307,651.69,Loyal,0.0,0.0
C006313,6664.89,VIP,0.0,0.0
C070689,236.05,Loyal,0.0,0.0
C077064,230.51,Returning,0.0,0.0
C005439,2428.6,Loyal,0.0,0.0
C033817,2550.66,VIP,0.0,0.0
C009195,408.6,New,0.0,0.0
C080325,875.93,VIP,0.0,0.0
C025589,978.51,New,0.0,0.0
C078351,7737.9,Returning,0.0,0.0
C043090,4162.5,New,0.0,0.0
C032374,1518.51,Loyal,0.0,0.0
C097560,254.85,New,0.0,0.0
C091226,328.41,New,0.0,0.0
C010928,322.69,Returning,0.0,0.0
C051001,336.54,New,0.0,0.0
C011571,2145.57,New,0.0,0.0
C020173,1634.96,VIP,0.0,0.0
C040989,41.32,Returning,0.0,0.0
C031528,3414.19,New,0.0,0.0
C069152,5694.22,VIP,0.0,0.0
C022385,5642.89,Returning,0.0,0.0
C005527,2033.47,Returning,0.0,0.0
C088791,403.3,Returning,0.0,0.0
C063551,2288.19,VIP,0.0,0.0
C079568,3408.27,Loyal,0.0,0.0
C051209,2465.18,VIP,0.0,0.0
C062333,2855.03,VIP,0.0,0.0
C065803,476.55,VIP,0.0,0.0
C014661,3108.83,Loyal,0.0,0.0
C031732,853.01,Loyal,0.0,0.0
C077549,2675.67,Returning,0.0,0.0
C011729,301.91,VIP,0.0,0.0
C020945,673.57,Loyal,0.0,0.0
C066797,136.77,New,0.0,0.0
C084920,744.95,New,0.0,0.0
C094261,3146.99,New,0.0,0.0
C003717,1366.98,New,0.0,0.0
C045530,346.36,Returning,0.0,0.0
C074377,10717.87,Loyal,0.0,0.0
C096962,571.47,Returning,0.0,0.0
C045547,7953.56,New,0.0,0.0
C041147,697.51,Loyal,0.0,0.0
C016822,1394.63,Returning,0.0,0.0
C019793,4937.19,Returning,0.0,0.0
C027450,882.96,VIP,0.0,0.0
C085872,824.09,VIP,0.0,0.0
C061770,17678.12,Returning,0.0,0.0
C001729,360.54,Loyal,0.0,0.0
C092453,774.6,New,0.0,0.0
C013083,573.38,Loyal,0.0,0.0
C072199,81.5,Loyal,0.0,0.0
C073682,3352.27,Loyal,0.0,0.0
C058726,84.35,New,0.0,0.0
C068384,1179.82,Loyal,0.0,0.0
C037051,2215.67,VIP,0.0,0.0
C082908,3118.15,Returning,0.0,0.0
C066163,1648.54,VIP,0.0,0.0
C000150,193.33,Loyal,0.0,0.0
C072152,2442.6,New,0.0,0.0
C065483,944.27,Loyal,0.0,0.0
C047159,1594.81,New,0.0,0.0
C008914,1335.22,VIP,0.0,0.0
C048307,2849.3,Returning,0.0,0.0
C070121,1251.3,Loyal,0.0,0.0
C092907,1239.75,VIP,0.0,0.0
C019101,596.27,New,0.0,0.0
C014957,1178.6,New,0.0,0.0
C037924,2194.14,VIP,0.0,0.0
C014152,9194.0,Returning,0.0,0.0
C000279,12485.52,New,0.0,0.0
C013552,915.57,New,0.0,0.0
C065644,259.25,New,0.0,0.0
C006973,275.69,Loyal,0.0,0.0
C039672,849.17,VIP,0.0,0.0
C070852,611.94,Returning,0.0,0.0
C096948,3867.75,New,0.0,0.0
C022095,1161.47,Loyal,0.0,0.0
C029724,1033.04,VIP,0.0,0.0
C083351,557.02,VIP,0.0,0.0
C012534,688.12,Loyal,0.0,0.0
C098475,2184.06,New,0.0,0.0
C031592,890.53,Loyal,0.0,0.0
C073647,549.76,Returning,0.0,0.0
C054730,1197.89,New,0.0,0.0
C088947,4750.7,Loyal,0.0,0.0
C024857,834.91,Returning,0.0,0.0
C087379,1228.58,Loyal,0.0,0.0
C057099,1219.72,VIP,0.0,0.0
C063223,276.74,Returning,0.0,0.0
C031698,999.84,Loyal,0.0,0.0
C062827,8792.8,Loyal,0.0,0.0
C063338,197.75,Loyal,0.0,0.0
C030243,4421.86,New,0.0,0.0
C094505,926.42,Returning,0.0,0.0
C049446,7851.45,New,0.0,0.0
C098882,3195.23,Returning,0.0,0.0
C094910,3544.79,New,0.0,0.0
C061329,6045.33,Returning,0.0,0.0
C070084,967.36,Returning,0.0,0.0
C012078,20830.68,Returning,0.0,0.0
C089142,1474.34,New,0.0,0.0
C075330,861.48,New,0.0,0.0
C057948,223.9,VIP,0.0,0.0
C028010,316.58,VIP,0.0,0.0
C034690,11275.75,New,0.0,0.0
C030152,228.34,Loyal,0.0,0.0
C041093,785.58,Loyal,0.0,0.0
C033539,23029.26,Loyal,0.0,0.0
C054051,946.15,Returning,0.0,0.0
C094036,732.92,Returning,0.0,0.0
C003690,2545.58,Returning,0.0,0.0
C007933,527.11,New,0.0,0.0
C079964,1760.49,Returning,0.0,0.0
C015843,5121.5,Returning,0.0,0.0
C067375,390.94,Returning,0.0,0.0
C071189,227.17,Loyal,0.0,0.0
C070231,299.1,New,0.0,0.0
C080465,3976.52,Returning,0.0,0.0
C086786,5901.24,VIP,0.0,0.0
C080492,1664.82,New,0.0,0.0
C016629,935.88,Loyal,0.0,0.0
C045587,167.96,Loyal,0.0,0.0
C071284,2935.67,Loyal,0.0,0.0
C078243,5316.73,New,0.0,0.0
C071361,648.74,Returning,0.0,0.0
C096076,1959.49,VIP,0.0,0.0
C048809,405.87,Returning,0.0,0.0
C049788,410.11,Returning,0.0,0.0
C099836,106.68,VIP,0.0,0.0
C038632,8455.34,Loyal,0.0,0.0
C089646,1101.77,Returning,0.0,0.0
C034165,2479.84,Loyal,0.0,0.0
C057937,3228.88,VIP,0.0,0.0
C085542,56.97,Returning,0.0,0.0
C090545,4737.14,Returning,0.0,0.0
C027744,381.81,Returning,0.0,0.0
C005131,2119.97,Returning,0.0,0.0
C073196,446.02,New,0.0,0.0
C020381,10132.74,Returning,0.0,0.0
C041118,11856.89,Returning,0.0,0.0
C014480,3549.0,New,0.0,0.0
C025897,1753.01,VIP,0.0,0.0
C085584,3055.65,VIP,0.0,0.0
C012659,2057.53,New,0.0,0.0
C096897,3125.5,New,0.0,0.0
C052309,313.77,New,0.0,0.0
C055939,14031.86,Loyal,0.0,0.0
C042415,547.18,New,0.0,0.0
C021273,2070.85,Returning,0.0,0.0
C009027,1018.18,New,0.0,0.0
C019445,5520.57,New,0.0,0.0
C044843,395.36,VIP,0.0,0.0
C096807,117.47,New,0.0,0.0
C031923,664.38,VIP,0.0,0.0
C004245,7280.32,New,0.0,0.0
C008798,4663.27,VIP,0.0,0.0
C062201,332.43,New,0.0,0.0
C084334,833.63,Loyal,0.0,0.0
C009484,316.09,New,0.0,0.0
C077279,470.12,New,0.0,0.0
C002695,252.3,VIP,0.0,0.0
C033172,3275.29,Returning,0.0,0.0
C094644,22067.4,Returning,0.0,0.0
C087847,116.17,Returning,0.0,0.0
C069704,2277.09,New,0.0,0.0
C022101,1429.57,Returning,0.0,0.0
C007216,3912.48,VIP,0.0,0.0
C035480,6054.64,Returning,0.0,0.0
C078523,907.96,New,0.0,0.0
C050452,298.57,Returning,0.0,0.0
C085318,5256.35,Loyal,0.0,0.0
C025777,222.83,VIP,0.0,0.0
C067973,157.7,New,0.0,0.0
C069200,1862.24,VIP,0.0,0.0
C013328,1093.89,New,0.0,0.0
C080978,611.45,VIP,0.0,0.0
C041188,1006.4,VIP,0.0,0.0
C084474,3557.85,VIP,0.0,0.0
C041516,2403.9,VIP,0.0,0.0
C055846,2411.22,VIP,0.0,0.0
C011733,1489.9,Returning,0.0,0.0
C031004,417.96,VIP,0.0,0.0
C039199,5281.02,VIP,0.0,0.0
C035393,44.43,Loyal,0.0,0.0
C086639,1934.16,New,0.0,0.0
C063465,1453.96,Returning,0.0,0.0
C048419,84.1,Returning,0.0,0.0
C073053,295.5,New,0.0,0.0
C030036,44.07,Returning,0.0,0.0
C083835,814.76,New,0.0,0.0
C019332,708.73,New,0.0,0.0
C058073,3535.55,Loyal,0.0,0.0
C091985,1111.47,Returning,0.0,0.0
C083108,1466.45,Loyal,0.0,0.0
C024546,821.93,Returning,0.0,0.0
C026937,3994.04,Returning,0.0,0.0
C042905,765.26,VIP,0.0,0.0
C006520,2637.15,Loyal,0.0,0.0
C071403,4140.83,New,0.0,0.0
C098519,5136.85,VIP,0.0,0.0
C070328,2790.89,Loyal,0.0,0.0
C093422,3448.81,New,0.0,0.0
C054128,1319.6,Returning,0.0,0.0
C045921,1227.96,VIP,0.0,0.0
C077840,2212.7,Loyal,0.0,0.0
C068161,1490.95,Loyal,0.0,0.0
C003594,3710.68,New,0.0,0.0
C061080,437.03,Returning,0.0,0.0
C004654,9053.97,New,0.0,0.0
C078925,423.97,VIP,0.0,0.0
C030045,4402.51,Loyal,0.0,0.0
C032049,751.63,VIP,0.0,0.0
C068714,833.47,Loyal,0.0,0.0
C078057,29.91,VIP,0.0,0.0
C024627,3048.81,Returning,0.0,0.0
C031442,1840.4,Returning,0.0,0.0
C056098,2498.34,Loyal,0.0,0.0
C049376,98.4,Loyal,0.0,0.0
C042980,10059.77,Returning,0.0,0.0
C076175,8407.71,Loyal,0.0,0.0
C092058,6679.95,New,0.0,0.0
C091807,466.0,VIP,0.0,0.0
C056513,426.88,VIP,0.0,0.0
C042296,4065.62,New,0.0,0.0
C039251,168.88,Loyal,0.0,0.0
C086216,241.05,VIP,0.0,0.0
C057473,3529.22,Returning,0.0,0.0
C064833,1182.85,New,0.0,0.0
C098435,2193.88,New,0.0,0.0
C086389,112.94,VIP,0.0,0.0
C006145,817.83,Returning,0.0,0.0
C020788,596.65,Loyal,0.0,0.0
C022154,85.55,VIP,0.0,0.0
C070331,198.19,New,0.0,0.0
C022694,337.94,Loyal,0.0,0.0
C092460,570.29,VIP,0.0,0.0
C090186,148.42,VIP,0.0,0.0
C065513,3123.98,Loyal,0.0,0.0
C086801,6891.19,New,0.0,0.0
C008345,1177.06,Loyal,0.0,0.0
C048834,520.56,Returning,0.0,0.0
C024469,5263.93,VIP,0.0,0.0
C055651,185.34,Returning,0.0,0.0
C062989,106.37,VIP,0.0,0.0
C027964,356.83,Loyal,0.0,0.0
C039969,662.47,New,0.0,0.0
C077221,3073.34,New,0.0,0.0
C024077,147.4,New,0.0,0.0
C082182,15166.34,Returning,0.0,0.0
C004186,2226.1,Returning,0.0,0.0
C038965,786.99,New,0.0,0.0
C035602,734.43,Returning,0.0,0.0
C006907,3218.2,VIP,0.0,0.0
C023769,8145.79,New,0.0,0.0
C087206,4005.37,Returning,0.0,0.0
C014698,1269.82,Loyal,0.0,0.0
C064282,1468.55,Returning,0.0,0.0
C019932,8314.0,Returning,0.0,0.0
C021437,1731.35,Loyal,0.0,0.0
C041760,359.16,Loyal,0.0,0.0
C008257,280.83,Returning,0.0,0.0
C063659,3113.98,New,0.0,0.0
C061428,5650.69,Loyal,0.0,0.0
C053570,669.59,Returning,0.0,0.0
C027344,3130.83,VIP,0.0,0.0
C099912,14699.33,VIP,0.0,0.0
C020504,21153.46,VIP,0.0,0.0
C073648,5702.56,New,0.0,0.0
C019212,2257.99,New,0.0,0.0
C062051,2266.5,Loyal,0.0,0.0
C078789,278.59,VIP,0.0,0.0
C020283,587.22,Returning,0.0,0.0
C044097,3629.89,VIP,0.0,0.0
C097231,6423.07,Loyal,0.0,0.0
C021589,5839.12,Returning,0.0,0.0
C074866,3046.57,Returning,0.0,0.0
C083594,201.01,Loyal,0.0,0.0
C066949,2278.35,VIP,0.0,0.0
C079628,1581.99,New,0.0,0.0
C043856,896.34,Loyal,0.0,0.0
C028263,952.23,Loyal,0.0,0.0
C076550,3240.8,New,0.0,0.0
C093187,194.95,New,0.0,0.0
C020490,331.75,VIP,0.0,0.0
C080837,7663.22,Loyal,0.0,0.0
C086141,1120.41,Loyal,0.0,0.0
C086507,357.29,VIP,0.0,0.0
C052788,347.85,Returning,0.0,0.0
C007715,15631.35,Returning,0.0,0.0
C009601,1798.09,Returning,0.0,0.0
C007316,2247.08,New,0.0,0.0
C006900,858.21,Loyal,0.0,0.0
C046678,13816.2,Returning,0.0,0.0
C098468,6017.92,Loyal,0.0,0.0
C013736,690.22,Returning,0.0,0.0
C063794,4124.19,Returning,0.0,0.0
C001573,485.64,Loyal,0.0,0.0
C066937,4812.73,Returning,0.0,0.0
C073867,705.39,VIP,0.0,0.0
C047850,6995.54,VIP,0.0,0.0
C008828,304.88,New,0.0,0.0
C048773,279.72,VIP,0.0,0.0
C007038,7264.51,Returning,0.0,0.0
C040229,2389.87,VIP,0.0,0.0
C069658,3107.25,VIP,0.0,0.0
C083389,2969.37,Returning,0.0,0.0
C070436,219.63,Returning,0.0,0.0
C078031,170.07,VIP,0.0,0.0
C081718,1061.21,VIP,0.0,0.0
C070315,24171.09,VIP,0.0,0.0
C006718,868.0,Returning,0.0,0.0
C082670,6558.54,Returning,0.0,0.0
C064140,2219.39,VIP,0.0,0.0
C019650,3516.09,VIP,0.0,0.0
C073521,132.41,Returning,0.0,0.0
C056839,3629.51,Returning,0.0,0.0
C020950,7467.31,VIP,0.0,0.0
C034237,1403.29,Returning,0.0,0.0
C038220,1754.84,New,0.0,0.0
C042513,635.05,Loyal,0.0,0.0
C016886,914.55,VIP,0.0,0.0
C063556,116.85,Loyal,0.0,0.0
C081468,416.72,Loyal,0.0,0.0
C041949,321.81,Loyal,0.0,0.0
C086885,517.46,New,0.0,0.0
C012045,258.74,VIP,0.0,0.0
C065645,1565.65,New,0.0,0.0
C066285,893.59,VIP,0.0,0.0
C052177,2671.93,Loyal,0.0,0.0
C028922,5876.37,Returning,0.0,0.0
C035705,2271.01,New,0.0,0.0
C006195,6164.72,New,0.0,0.0
C059730,2134.82,Loyal,0.0,0.0
C070459,503.24,New,0.0,0.0
C093008,838.04,VIP,0.0,0.0
C078877,593.17,Returning,0.0,0.0
C019056,508.16,New,0.0,0.0
C077926,264.8,Returning,0.0,0.0
C032774,187.75,Returning,0.0,0.0
C017218,1085.84,VIP,0.0,0.0
C021514,3325.21,New,0.0,0.0
C053346,895.74,Returning,0.0,0.0
C008151,4901.38,Loyal,0.0,0.0
C037637,5031.15,Loyal,0.0,0.0
C087374,989.86,Loyal,0.0,0.0
C062632,806.02,Loyal,0.0,0.0
C070569,640.17,VIP,0.0,0.0
C041455,2785.46,Loyal,0.0,0.0
C053146,1868.55,New,0.0,0.0
C036629,236.02,Loyal,0.0,0.0
C001177,2202.9,VIP,0.0,0.0
C029869,358.28,New,0.0,0.0
C075004,544.21,Loyal,0.0,0.0
C069340,13621.71,New,0.0,0.0
C065439,657.73,New,0.0,0.0
C005159,1008.79,VIP,0.0,0.0
C012724,827.73,New,0.0,0.0
C074081,231.57,VIP,0.0,0.0
C056499,3944.47,New,0.0,0.0
C002548,895.85,Loyal,0.0,0.0
C044594,12122.36,Returning,0.0,0.0
C072873,1653.79,Loyal,0.0,0.0
C093167,3176.95,Returning,0.0,0.0
C029902,3307.87,New,0.0,0.0
C035725,308.39,New,0.0,0.0
C051264,1274.94,New,0.0,0.0
C022985,2783.63,VIP,0.0,0.0
C097700,2453.44,New,0.0,0.0
C036341,2306.78,New,0.0,0.0
C055858,3732.95,Loyal,0.0,0.0
C005047,844.21,VIP,0.0,0.0
C001425,273.46,New,0.0,0.0
C062567,2269.77,Returning,0.0,0.0
C070615,1540.05,Returning,0.0,0.0
C032214,4376.26,Returning,0.0,0.0
C017191,604.61,VIP,0.0,0.0
C065733,4521.6,VIP,0.0,0.0
C073659,721.65,Loyal,0.0,0.0
C002969,212.13,New,0.0,0.0
C007361,616.89,VIP,0.0,0.0
C007495,7640.69,Returning,0.0,0.0
C015611,358.58,Loyal,0.0,0.0
C056613,461.21,Returning,0.0,0.0
C025521,222.11,Returning,0.0,0.0
C060666,6569.36,Loyal,0.0,0.0
C092563,11946.06,New,0.0,0.0
C037210,10132.54,New,0.0,0.0
C081360,534.54,Returning,0.0,0.0
C043113,309.96,VIP,0.0,0.0
C003349,3136.84,Loyal,0.0,0.0
C027391,53.88,VIP,0.0,0.0
C060252,1584.97,Returning,0.0,0.0
C095951,1154.32,Loyal,0.0,0.0
C065846,1650.69,New,0.0,0.0
C044752,2022.1,Loyal,0.0,0.0
C004423,548.71,Loyal,0.0,0.0
C083135,1317.16,Loyal,0.0,0.0
C085828,187.25,Loyal,0.0,0.0
C085169,620.95,Returning,0.0,0.0
C005006,3812.34,Returning,0.0,0.0
C046935,3449.31,Loyal,0.0,0.0
C050848,3382.34,New,0.0,0.0
C006325,3735.08,Returning,0.0,0.0
C078952,22040.32,Returning,0.0,0.0
C072539,274.6,Returning,0.0,0.0
C067739,1632.97,New,0.0,0.0
C091260,132.12,Returning,0.0,0.0
C078565,1897.04,New,0.0,0.0
C082117,2567.04,Returning,0.0,0.0
C056352,344.1,New,0.0,0.0
C062125,713.05,VIP,0.0,0.0
C032646,390.86,Loyal,0.0,0.0
C024371,1282.47,New,0.0,0.0
C001722,1228.4,Loyal,0.0,0.0
C062142,1111.69,Loyal,0.0,0.0
C041269,2447.32,Loyal,0.0,0.0
C026338,2977.28,New,0.0,0.0
C004725,2002.12,Loyal,0.0,0.0
C013650,805.25,Returning,0.0,0.0
C020921,4209.73,New,0.0,0.0
C082060,615.64,Returning,0.0,0.0
C055875,214.27,Returning,0.0,0.0
C066855,180.89,VIP,0.0,0.0
C099402,1266.56,Loyal,0.0,0.0
C046837,708.45,Returning,0.0,0.0
C077517,2891.77,Returning,0.0,0.0
C045845,2531.89,Loyal,0.0,0.0
C048803,629.98,Returning,0.0,0.0
C002073,863.2,Loyal,0.0,0.0
C002731,169.74,VIP,0.0,0.0
C091102,636.38,Returning,0.0,0.0
C012264,240.57,VIP,0.0,0.0
C036235,1648.84,Loyal,0.0,0.0
C096285,294.32,New,0.0,0.0
C079042,607.98,Returning,0.0,0.0
C053250,1968.78,Loyal,0.0,0.0
C019819,1854.21,VIP,0.0,0.0
C097248,329.5,Returning,0.0,0.0
C026665,11780.51,Loyal,0.0,0.0
C011276,322.18,VIP,0.0,0.0
C068573,701.08,Returning,0.0,0.0
C009127,403.27,VIP,0.0,0.0
C024013,612.93,VIP,0.0,0.0
C051279,2484.83,Returning,0.0,0.0
C038528,5945.96,Loyal,0.0,0.0
C057237,7175.13,New,0.0,0.0
C010119,415.34,VIP,0.0,0.0
C040738,195.7,Returning,0.0,0.0
C085770,297.82,New,0.0,0.0
C071341,2506.03,Returning,0.0,0.0
C020986,1416.7,Loyal,0.0,0.0
C058381,1057.65,VIP,0.0,0.0
C092980,545.67,Loyal,0.0,0.0
C002410,4771.8,VIP,0.0,0.0
C036533,2324.09,New,0.0,0.0
C085070,595.58,New,0.0,0.0
C028190,2803.62,Loyal,0.0,0.0
C032764,5908.83,VIP,0.0,0.0
C032187,969.83,VIP,0.0,0.0
C090441,789.58,Returning,0.0,0.0
C031764,1713.77,Returning,0.0,0.0
C052937,1498.81,New,0.0,0.0
C062112,4363.0,Returning,0.0,0.0
C040717,15939.81,New,0.0,0.0
C070204,793.15,VIP,0.0,0.0
C003571,142.1,Returning,0.0,0.0
C023718,1871.87,VIP,0.0,0.0
C023530,536.71,Returning,0.0,0.0
C017892,318.73,Returning,0.0,0.0
C005712,264.77,New,0.0,0.0
C074834,2067.14,VIP,0.0,0.0
C088469,7421.19,Returning,0.0,0.0
C086971,155.73,Loyal,0.0,0.0
C065947,159.9,VIP,0.0,0.0
C004422,1669.85,New,0.0,0.0
C074432,2722.03,Loyal,0.0,0.0
C046674,551.88,New,0.0,0.0
C061520,250.16,VIP,0.0,0.0
C088290,1565.18,Loyal,0.0,0.0
C011751,235.98,Loyal,0.0,0.0
C089214,630.59,Loyal,0.0,0.0
C047807,239.0,VIP,0.0,0.0
C053891,2247.71,Loyal,0.0,0.0
C060990,3717.16,Returning,0.0,0.0
C036803,669.03,VIP,0.0,0.0
C004194,404.2,VIP,0.0,0.0
C029940,694.21,Loyal,0.0,0.0
C058114,810.45,New,0.0,0.0
C057653,1383.16,Returning,0.0,0.0
C081573,444.3,New,0.0,0.0
C033427,1091.45,Loyal,0.0,0.0
C050216,195.67,Loyal,0.0,0.0
C063500,307.62,Loyal,0.0,0.0
C070058,1802.67,New,0.0,0.0
C031895,145.35,Returning,0.0,0.0
C030970,6476.98,Loyal,0.0,0.0
C015571,8900.18,Loyal,0.0,0.0
C003138,921.3,VIP,0.0,0.0
C022533,1311.25,VIP,0.0,0.0
C013076,1410.58,Returning,0.0,0.0
C026003,973.72,New,0.0,0.0
C077614,244.43,Returning,0.0,0.0
C029239,2555.63,Loyal,0.0,0.0
C009455,891.68,Returning,0.0,0.0
C088644,204.73,New,0.0,0.0
C070382,4096.12,Loyal,0.0,0.0
C044597,1965.71,VIP,0.0,0.0
C075985,3609.76,Loyal,0.0,0.0
C089423,1420.49,VIP,0.0,0.0
C030350,2877.15,New,0.0,0.0
C093638,275.73,Returning,0.0,0.0
C021194,1224.12,VIP,0.0,0.0
C012991,257.48,Returning,0.0,0.0
C099298,407.73,VIP,0.0,0.0
C058564,3402.94,VIP,0.0,0.0
C038723,4832.69,Returning,0.0,0.0
C042505,476.85,New,0.0,0.0
C074208,4329.35,Loyal,0.0,0.0
C039989,169.51,Returning,0.0,0.0
C078911,2444.06,VIP,0.0,0.0
C055397,1093.42,New,0.0,0.0
C075594,1612.9,Loyal,0.0,0.0
C015558,358.77,Loyal,0.0,0.0
C006779,6094.82,Loyal,0.0,0.0
C052518,405.75,Loyal,0.0,0.0
C062667,130.17,Returning,0.0,0.0
C014785,245.54,Returning,0.0,0.0
C095745,2312.67,VIP,0.0,0.0
C063089,6382.06,VIP,0.0,0.0
C042869,353.62,VIP,0.0,0.0
C003336,1696.68,Returning,0.0,0.0
C065940,1952.19,Loyal,0.0,0.0
C028582,670.83,Returning,0.0,0.0
C071116,639.58,VIP,0.0,0.0
C018906,5308.22,VIP,0.0,0.0
C094364,1883.79,New,0.0,0.0
C039181,344.22,Loyal,0.0,0.0
C080861,3110.2,VIP,0.0,0.0
C026718,2282.94,VIP,0.0,0.0
C045123,265.15,New,0.0,0.0
C022520,7351.49,New,0.0,0.0
C058674,836.91,New,0.0,0.0
C008642,1299.07,Loyal,0.0,0.0
C026060,916.26,VIP,0.0,0.0
C008181,3658.53,Returning,0.0,0.0
C062967,23175.86,New,0.0,0.0
C016766,672.29,New,0.0,0.0
C083026,1301.01,Loyal,0.0,0.0
C035359,11335.87,Loyal,0.0,0.0
C014523,199.6,VIP,0.0,0.0
C040144,3365.43,Returning,0.0,0.0
C071196,918.3,VIP,0.0,0.0
C053205,1798.73,VIP,0.0,0.0
C049243,2044.45,Loyal,0.0,0.0
C054037,150.29,New,0.0,0.0
C032033,8997.79,Returning,0.0,0.0
C088394,231.78,VIP,0.0,0.0
C084838,728.81,VIP,0.0,0.0
C091328,6868.86,Loyal,0.0,0.0
C076893,2941.04,Loyal,0.0,0.0
C070187,369.29,VIP,0.0,0.0
C043426,436.83,Loyal,0.0,0.0
C040261,442.5,Loyal,0.0,0.0
C047763,681.69,New,0.0,0.0
C010065,694.76,VIP,0.0,0.0
C089174,15409.16,New,0.0,0.0
C047400,2847.08,Loyal,0.0,0.0
C072012,2739.64,Returning,0.0,0.0
C080032,13996.83,New,0.0,0.0
C046187,1893.69,Returning,0.0,0.0
C012978,15230.79,VIP,0.0,0.0
C005220,14325.96,New,0.0,0.0
C078760,18636.16,New,0.0,0.0
C034288,1994.26,New,0.0,0.0
C041276,646.89,Loyal,0.0,0.0
C073535,1381.17,Loyal,0.0,0.0
C057461,1846.04,New,0.0,0.0
C049219,54.4,Loyal,0.0,0.0
C093303,3614.52,Loyal,0.0,0.0
C004579,517.63,VIP,0.0,0.0
C011176,21301.86,Returning,0.0,0.0
C025832,2339.04,New,0.0,0.0
C000939,11352.58,VIP,0.0,0.0
C001479,3308.29,Returning,0.0,0.0
C039121,736.66,Returning,0.0,0.0
C037935,1902.12,Loyal,0.0,0.0
C002309,940.66,Returning,0.0,0.0
C099780,1497.81,New,0.0,0.0
C090744,1262.76,Returning,0.0,0.0
C053877,3120.62,Loyal,0.0,0.0
C062845,327.93,Loyal,0.0,0.0
C020089,285.0,Loyal,0.0,0.0
C003201,6821.81,VIP,0.0,0.0
C039782,40.58,Loyal,0.0,0.0
C034804,788.89,Loyal,0.0,0.0
C089662,677.07,VIP,0.0,0.0
C033170,246.03,New,0.0,0.0
C053500,307.42,New,0.0,0.0
C032124,6737.35,New,0.0,0.0
C036747,909.11,New,0.0,0.0
C032042,1483.18,Loyal,0.0,0.0
C078458,1255.14,Loyal,0.0,0.0
C046495,1177.39,Loyal,0.0,0.0
C049765,4403.02,Loyal,0.0,0.0
C024512,9173.69,New,0.0,0.0
C005995,656.29,Loyal,0.0,0.0
C094502,358.87,Returning,0.0,0.0
C042648,361.51,VIP,0.0,0.0
C074434,512.43,Loyal,0.0,0.0
C002372,754.56,Loyal,0.0,0.0
C098735,1694.46,New,0.0,0.0
C093194,7889.13,Returning,0.0,0.0
C090623,3142.32,Returning,0.0,0.0
C007727,619.82,VIP,0.0,0.0
C042466,1532.97,VIP,0.0,0.0
C014671,5237.14,VIP,0.0,0.0
C050393,215.79,Returning,0.0,0.0
C067400,72.62,VIP,0.0,0.0
C044959,349.59,VIP,0.0,0.0
C089281,3358.3,Loyal,0.0,0.0
C019848,735.16,Returning,0.0,0.0
C064965,533.88,VIP,0.0,0.0
C069664,2891.21,New,0.0,0.0
C099060,777.06,Returning,0.0,0.0
C026761,394.09,VIP,0.0,0.0
C041229,981.72,New,0.0,0.0
C048422,1455.88,Loyal,0.0,0.0
C032183,797.12,New,0.0,0.0
C053501,606.58,New,0.0,0.0
C039608,8272.42,Returning,0.0,0.0
C015976,1763.14,Returning,0.0,0.0
C057710,335.72,VIP,0.0,0.0
C025489,1061.03,Returning,0.0,0.0
C085216,1162.7,New,0.0,0.0
C027603,1043.09,New,0.0,0.0
C014983,3089.13,Returning,0.0,0.0
C060598,2998.66,Loyal,0.0,0.0
C029263,1729.78,Returning,0.0,0.0
C076470,779.01,VIP,0.0,0.0
C095831,2100.25,Returning,0.0,0.0
C043641,93.47,Returning,0.0,0.0
C027094,1149.48,VIP,0.0,0.0
C040046,2227.06,Returning,0.0,0.0
C047414,868.35,VIP,0.0,0.0
C052337,958.75,Returning,0.0,0.0
C084678,219.12,Loyal,0.0,0.0
C094350,338.14,Returning,0.0,0.0
C066316,4572.4,Returning,0.0,0.0
C085836,157.01,New,0.0,0.0
C024507,6075.44,New,0.0,0.0
C014883,248.87,Loyal,0.0,0.0
C098568,2673.68,Loyal,0.0,0.0
C002061,778.7,Loyal,0.0,0.0
C026702,594.32,New,0.0,0.0
C023616,13851.96,VIP,0.0,0.0
C049380,1080.46,Loyal,0.0,0.0
C053208,5395.52,Returning,0.0,0.0
C031699,801.39,VIP,0.0,0.0
C039924,5388.36,Loyal,0.0,0.0
C058057,440.65,VIP,0.0,0.0
C009963,1004.32,New,0.0,0.0
C042051,1298.19,New,0.0,0.0
C054771,247.52,Returning,0.0,0.0
C045913,303.09,VIP,0.0,0.0
C047338,9311.68,Loyal,0.0,0.0
C076297,223.36,New,0.0,0.0
C052292,1290.31,Returning,0.0,0.0
C040108,1460.03,New,0.0,0.0
C088856,2687.92,Returning,0.0,0.0
C032937,110.5,New,0.0,0.0
C042105,724.5,New,0.0,0.0
C030725,516.44,Loyal,0.0,0.0
C044898,1039.3,VIP,0.0,0.0
C085846,1183.83,New,0.0,0.0
C054374,1399.99,New,0.0,0.0
C098567,390.47,Returning,0.0,0.0
C000648,2076.56,Returning,0.0,0.0
C024869,923.29,VIP,0.0,0.0
C049881,218.03,VIP,0.0,0.0
C049302,1009.25,New,0.0,0.0
C082317,1730.49,New,0.0,0.0
C003897,829.15,Loyal,0.0,0.0
C032217,445.87,Loyal,0.0,0.0
C035652,1618.02,New,0.0,0.0
C014615,2825.02,New,0.0,0.0
C036561,1650.58,New,0.0,0.0
C003914,262.47,New,0.0,0.0
C077739,2018.7,Loyal,0.0,0.0
C037748,457.54,VIP,0.0,0.0
C046597,241.52,Returning,0.0,0.0
C019307,312.93,VIP,0.0,0.0
C025688,859.48,New,0.0,0.0
C046192,692.87,Loyal,0.0,0.0
C026683,2097.21,New,0.0,0.0
C084507,2332.08,Loyal,0.0,0.0
C035459,4907.14,New,0.0,0.0
C020167,3612.8,Loyal,0.0,0.0
C037009,1213.85,Loyal,0.0,0.0
C038481,1822.09,Loyal,0.0,0.0
C072772,914.9,Loyal,0.0,0.0
C093038,700.99,Loyal,0.0,0.0
C088119,155.99,VIP,0.0,0.0
C064476,1075.66,Loyal,0.0,0.0
C015063,227.42,Returning,0.0,0.0
C069642,753.27,Returning,0.0,0.0
C018975,1118.18,Loyal,0.0,0.0
C088555,14863.03,VIP,0.0,0.0
C063127,4839.91,Loyal,0.0,0.0
C015724,6316.64,Returning,0.0,0.0
C025984,1875.56,Returning,0.0,0.0
C084885,62.29,VIP,0.0,0.0
C075805,343.89,New,0.0,0.0
C004206,2684.97,New,0.0,0.0
C058858,5777.73,New,0.0,0.0
C051498,550.92,Loyal,0.0,0.0
C068201,786.19,Returning,0.0,0.0
C016557,1346.66,Returning,0.0,0.0
C018784,874.58,Returning,0.0,0.0
C019517,2534.11,Loyal,0.0,0.0
C029384,278.42,New,0.0,0.0
C074228,858.9,VIP,0.0,0.0
C076762,5333.45,Loyal,0.0,0.0
C038112,1304.73,New,0.0,0.0
C044938,2250.67,Loyal,0.0,0.0
C027980,99.02,Loyal,0.0,0.0
C097146,3083.79,Returning,0.0,0.0
C020161,567.25,New,0.0,0.0
C063446,595.65,Returning,0.0,0.0
C021823,1464.5,New,0.0,0.0
C089968,845.57,Returning,0.0,0.0
C067505,124.37,VIP,0.0,0.0
C012386,561.38,Loyal,0.0,0.0
C044199,23785.77,New,0.0,0.0
C014897,186.12,Loyal,0.0,0.0
C057380,1785.54,New,0.0,0.0
C047773,1055.09,Loyal,0.0,0.0
C041062,338.18,New,0.0,0.0
C092819,906.07,New,0.0,0.0
C090412,1091.78,Returning,0.0,0.0
C080949,921.48,Loyal,0.0,0.0
C095996,724.62,Loyal,0.0,0.0
C012688,92.06,New,0.0,0.0
C075263,582.58,Loyal,0.0,0.0
C068271,729.9,Returning,0.0,0.0
C042237,771.96,Loyal,0.0,0.0
C051504,333.37,New,0.0,0.0
C062140,2832.11,New,0.0,0.0
C016447,915.01,Loyal,0.0,0.0
C019784,169.57,VIP,0.0,0.0
C059686,2289.69,New,0.0,0.0
C057819,2268.09,VIP,0.0,0.0
C027887,1468.08,New,0.0,0.0
C055368,1964.85,New,0.0,0.0
C055482,667.2,VIP,0.0,0.0
C047668,13522.94,New,0.0,0.0
C009435,821.99,Loyal,0.0,0.0
C064666,826.31,Returning,0.0,0.0
C009123,2228.43,VIP,0.0,0.0
C006725,1259.18,VIP,0.0,0.0
C082103,3869.03,VIP,0.0,0.0
C048928,346.17,Loyal,0.0,0.0
C045119,161.22,Loyal,0.0,0.0
C061804,8385.5,New,0.0,0.0
C022331,1729.2,Loyal,0.0,0.0
C051122,128.36,Returning,0.0,0.0
C060174,1845.37,New,0.0,0.0
C081761,453.6,New,0.0,0.0
C000673,690.91,Loyal,0.0,0.0
C073147,7036.15,New,0.0,0.0
C086799,1256.57,VIP,0.0,0.0
C043697,75.06,VIP,0.0,0.0
C074656,19806.09,VIP,0.0,0.0
C091043,4033.2,Loyal,0.0,0.0
C038069,388.38,New,0.0,0.0
C079273,104.34,Loyal,0.0,0.0
C034666,3252.19,New,0.0,0.0
C036692,2247.35,VIP,0.0,0.0
C001853,1515.62,Loyal,0.0,0.0
C089771,2664.59,Loyal,0.0,0.0
C016303,1622.57,Returning,0.0,0.0
C015338,514.7,New,0.0,0.0
C000564,501.21,Loyal,0.0,0.0
C000717,2425.24,VIP,0.0,0.0
C020307,355.66,Loyal,0.0,0.0
C022655,367.88,Returning,0.0,0.0
C093731,20537.07,New,0.0,0.0
C046396,1392.47,New,0.0,0.0
C081801,2405.69,Returning,0.0,0.0
C046865,1028.26,Returning,0.0,0.0
C094843,364.33,Returning,0.0,0.0
C010260,375.61,VIP,0.0,0.0
C024673,5932.33,VIP,0.0,0.0
C017318,2389.25,New,0.0,0.0
C056354,7681.84,New,0.0,0.0
C011237,269.18,New,0.0,0.0
C088004,2619.07,Loyal,0.0,0.0
C060755,1880.19,Returning,0.0,0.0
C064452,186.39,Loyal,0.0,0.0
C099463,310.93,Loyal,0.0,0.0
C028746,490.55,Returning,0.0,0.0
C025468,418.85,VIP,0.0,0.0
C025718,549.25,Returning,0.0,0.0
C059161,1600.59,Returning,0.0,0.0
C056467,855.48,VIP,0.0,0.0
C045532,254.74,Returning,0.0,0.0
C034988,1400.57,New,0.0,0.0
C078647,1901.95,Returning,0.0,0.0
C033904,620.88,Loyal,0.0,0.0
C025172,721.05,Loyal,0.0,0.0
C046956,485.32,Returning,0.0,0.0
C045326,719.28,New,0.0,0.0
C088072,1521.44,New,0.0,0.0
C065308,811.01,Loyal,0.0,0.0
C021796,1557.41,Returning,0.0,0.0
C072279,3700.44,Loyal,0.0,0.0
C094633,425.5,New,0.0,0.0
C073732,978.97,VIP,0.0,0.0
C082649,6239.91,New,0.0,0.0
C034177,866.57,Returning,0.0,0.0
C073872,404.48,VIP,0.0,0.0
C072920,741.99,VIP,0.0,0.0
C050617,2310.6,Returning,0.0,0.0
C005304,1757.26,Returning,0.0,0.0
C077677,222.61,Loyal,0.0,0.0
C021974,259.32,VIP,0.0,0.0
C006001,2375.33,Returning,0.0,0.0
C060830,7098.06,Returning,0.0,0.0
C096202,548.17,Loyal,0.0,0.0
C074202,1729.28,New,0.0,0.0
C033152,3007.09,Returning,0.0,0.0
C097464,3122.83,VIP,0.0,0.0
C048713,547.38,Loyal,0.0,0.0
C059935,11397.54,Loyal,0.0,0.0
C095642,2518.25,Loyal,0.0,0.0
C091431,1192.44,New,0.0,0.0
C085422,717.52,New,0.0,0.0
C020261,863.92,VIP,0.0,0.0
C094906,895.61,New,0.0,0.0
C032031,1637.63,Loyal,0.0,0.0
C093403,568.09,Loyal,0.0,0.0
C048814,2961.39,Returning,0.0,0.0
C079577,1171.05,VIP,0.0,0.0
C059371,1065.29,VIP,0.0,0.0
C079691,1443.69,Returning,0.0,0.0
C036394,1754.3,Loyal,0.0,0.0
C014044,10351.05,Returning,0.0,0.0
C029383,9166.78,Returning,0.0,0.0
C056620,172.35,Loyal,0.0,0.0
C025272,624.34,Returning,0.0,0.0
C048741,1104.31,VIP,0.0,0.0
C065542,176.97,New,0.0,0.0
C025585,2911.76,VIP,0.0,0.0
C015842,1135.97,New,0.0,0.0
C078086,3617.69,Returning,0.0,0.0
C056804,2619.35,New,0.0,0.0
C090359,498.26,VIP,0.0,0.0
C059823,459.95,New,0.0,0.0
C053311,2420.71,New,0.0,0.0
C096542,514.82,VIP,0.0,0.0
C012080,781.11,New,0.0,0.0
C028727,420.97,Loyal,0.0,0.0
C092097,4485.54,Returning,0.0,0.0
C078115,2748.12,VIP,0.0,0.0
C089633,4430.17,Loyal,0.0,0.0
C077294,1678.24,VIP,0.0,0.0
C085848,3767.32,Loyal,0.0,0.0
C091239,813.06,VIP,0.0,0.0
C069948,427.55,New,0.0,0.0
C066145,4716.19,New,0.0,0.0
C062868,213.07,Returning,0.0,0.0
C030155,842.09,Returning,0.0,0.0
C058965,712.74,Returning,0.0,0.0
C026193,1688.61,New,0.0,0.0
C035958,627.98,Returning,0.0,0.0
C081671,2414.35,Returning,0.0,0.0
C031909,983.24,Loyal,0.0,0.0
C083952,7194.4,Loyal,0.0,0.0
C072715,2461.89,Loyal,0.0,0.0
C025835,426.66,VIP,0.0,0.0
C099139,699.54,Returning,0.0,0.0
C030819,611.33,Loyal,0.0,0.0
C075127,2092.65,Loyal,0.0,0.0
C088018,1113.98,VIP,0.0,0.0
C063171,243.35,Returning,0.0,0.0
C083282,572.61,VIP,0.0,0.0
C017360,268.64,Returning,0.0,0.0
C063208,1768.94,Returning,0.0,0.0
C024607,605.89,Loyal,0.0,0.0
C022911,791.96,Loyal,0.0,0.0
C005427,18046.62,VIP,0.0,0.0
C000148,323.92,New,0.0,0.0
C089697,7294.11,VIP,0.0,0.0
C017595,199.61,Loyal,0.0,0.0
C078634,355.6,Loyal,0.0,0.0
C027099,1475.91,VIP,0.0,0.0
C036536,298.58,New,0.0,0.0
C031307,182.43,New,0.0,0.0
C005980,6053.56,VIP,0.0,0.0
C047991,58.6,Returning,0.0,0.0
C048155,767.14,New,0.0,0.0
C044063,227.83,Loyal,0.0,0.0
C019762,191.14,Returning,0.0,0.0
C076251,2363.05,Returning,0.0,0.0
C034086,1266.5,Loyal,0.0,0.0
C076927,2356.62,New,0.0,0.0
C003726,1408.95,Returning,0.0,0.0
C008170,9318.68,Returning,0.0,0.0
C053289,2060.89,New,0.0,0.0
C082732,668.04,VIP,0.0,0.0
C091527,255.84,Loyal,0.0,0.0
C083189,2028.37,VIP,0.0,0.0
C018988,355.57,Returning,0.0,0.0
C068203,834.23,VIP,0.0,0.0
C094990,1018.82,New,0.0,0.0
C098647,4899.12,VIP,0.0,0.0
C033608,237.84,Returning,0.0,0.0
C091000,3197.63,VIP,0.0,0.0
C029189,7242.64,Returning,0.0,0.0
C020292,374.0,Returning,0.0,0.0
C096854,1415.25,Returning,0.0,0.0
C013480,3001.85,VIP,0.0,0.0
C071878,3930.47,VIP,0.0,0.0
C057311,680.27,Loyal,0.0,0.0
C069072,1707.76,Returning,0.0,0.0
C036722,2403.43,Loyal,0.0,0.0
C060901,2176.9,Returning,0.0,0.0
C026389,3206.5,Loyal,0.0,0.0
C036091,606.27,VIP,0.0,0.0
C096643,1207.0,Loyal,0.0,0.0
C022631,1333.31,VIP,0.0,0.0
C079822,2666.99,Returning,0.0,0.0
C025463,2125.75,New,0.0,0.0
C085771,1623.95,New,0.0,0.0
C096187,1896.31,New,0.0,0.0
C056356,1613.14,VIP,0.0,0.0
C081251,152.8,Loyal,0.0,0.0
C008980,109.1,Loyal,0.0,0.0
C070861,406.8,Returning,0.0,0.0
C019136,1969.21,New,0.0,0.0
C001044,245.48,Loyal,0.0,0.0
C017948,2043.02,VIP,0.0,0.0
C068535,694.9,New,0.0,0.0
C058904,1940.96,New,0.0,0.0
C078747,356.53,VIP,0.0,0.0
C062880,169.41,New,0.0,0.0
C098352,1217.52,New,0.0,0.0
C025895,132.73,Returning,0.0,0.0
C060472,519.47,Returning,0.0,0.0
C009243,3409.89,VIP,0.0,0.0
C011915,963.63,Returning,0.0,0.0
C088881,3062.35,Returning,0.0,0.0
C012374,152.36,Returning,0.0,0.0
C062019,1891.73,Returning,0.0,0.0
C067511,1142.29,Loyal,0.0,0.0
C013099,3375.85,VIP,0.0,0.0
C052109,1986.22,VIP,0.0,0.0
C051261,1451.56,Returning,0.0,0.0
C068645,3034.84,Loyal,0.0,0.0
C006569,124.72,VIP,0.0,0.0
C061838,2969.62,VIP,0.0,0.0
C061515,366.78,Returning,0.0,0.0
C046615,3746.8,VIP,0.0,0.0
C095099,169.33,Loyal,0.0,0.0
C040733,640.97,Loyal,0.0,0.0
C044580,1679.14,VIP,0.0,0.0
C010964,3036.96,VIP,0.0,0.0
C093112,2059.62,New,0.0,0.0
C010927,558.35,New,0.0,0.0
C007647,11291.37,Loyal,0.0,0.0
C016717,1876.56,VIP,0.0,0.0
C034615,1587.76,Returning,0.0,0.0
C092281,1153.34,New,0.0,0.0
C055994,536.23,Loyal,0.0,0.0
C043711,820.61,Loyal,0.0,0.0
C079608,2921.19,Loyal,0.0,0.0
C040013,6087.11,VIP,0.0,0.0
C072457,316.65,New,0.0,0.0
C055963,1817.78,VIP,0.0,0.0
C050280,2901.35,New,0.0,0.0
C045796,184.02,Returning,0.0,0.0
C004657,5715.95,VIP,0.0,0.0
C013133,828.83,VIP,0.0,0.0
C071112,796.61,Returning,0.0,0.0
C021274,1273.1,Returning,0.0,0.0
C044284,3501.94,New,0.0,0.0
C017316,2953.01,Loyal,0.0,0.0
C024151,2744.62,New,0.0,0.0
C022271,196.81,Returning,0.0,0.0
C049239,344.42,Returning,0.0,0.0
C066766,324.01,VIP,0.0,0.0
C006419,8670.56,Returning,0.0,0.0
C082272,295.96,Loyal,0.0,0.0
C052526,724.73,VIP,0.0,0.0
C028865,298.68,Returning,0.0,0.0
C005423,4215.23,Returning,0.0,0.0
C059447,2951.47,New,0.0,0.0
C064652,595.49,Loyal,0.0,0.0
C071738,81.93,Loyal,0.0,0.0
C035579,411.57,VIP,0.0,0.0
C021568,1449.35,VIP,0.0,0.0
C068145,11836.01,Returning,0.0,0.0
C054652,398.09,New,0.0,0.0
C056105,1258.15,VIP,0.0,0.0
C026770,788.62,New,0.0,0.0
C075888,2218.16,New,0.0,0.0
C099395,279.89,Returning,0.0,0.0
C009024,536.96,VIP,0.0,0.0
C084589,326.41,Returning,0.0,0.0
C051410,1930.99,Loyal,0.0,0.0
C062347,5170.85,New,0.0,0.0
C009315,197.39,VIP,0.0,0.0
C073959,1109.03,New,0.0,0.0
C061625,85.05,New,0.0,0.0
C002323,370.77,Loyal,0.0,0.0
C082842,605.83,Loyal,0.0,0.0
C035728,529.35,New,0.0,0.0
C092767,7383.61,Returning,0.0,0.0
C064115,297.49,Loyal,0.0,0.0
C008899,13525.7,VIP,0.0,0.0
C062446,261.84,Returning,0.0,0.0
C089916,2592.84,New,0.0,0.0
C008796,5769.64,Returning,0.0,0.0
C010325,1920.31,New,0.0,0.0
C069371,345.35,New,0.0,0.0
C008558,6778.91,New,0.0,0.0
C077658,4644.64,VIP,0.0,0.0
C018392,12742.46,VIP,0.0,0.0
C046790,657.09,Returning,0.0,0.0
C012065,1316.11,New,0.0,0.0
C066675,178.09,VIP,0.0,0.0
C020154,901.74,Loyal,0.0,0.0
C069221,5101.43,Returning,0.0,0.0
C023884,3763.5,Loyal,0.0,0.0
C030513,801.27,Returning,0.0,0.0
C076824,394.16,Returning,0.0,0.0
C075435,1821.48,Returning,0.0,0.0
C044613,469.73,New,0.0,0.0
C062438,2320.28,VIP,0.0,0.0
C089479,547.76,Returning,0.0,0.0
C071677,1627.43,Loyal,0.0,0.0
C015529,6586.51,Loyal,0.0,0.0
C070164,970.18,Returning,0.0,0.0
C065636,1411.13,Returning,0.0,0.0
C008474,9070.67,Loyal,0.0,0.0
C097486,324.7,Returning,0.0,0.0
C049639,507.06,Returning,0.0,0.0
C005999,590.25,Returning,0.0,0.0
C031940,237.61,Loyal,0.0,0.0
C092469,514.14,Loyal,0.0,0.0
C085003,636.95,VIP,0.0,0.0
C088707,9749.3,VIP,0.0,0.0
C013423,2474.37,VIP,0.0,0.0
C052562,1404.88,Returning,0.0,0.0
C035153,6802.59,VIP,0.0,0.0
C080559,1279.35,New,0.0,0.0
C075813,1263.86,VIP,0.0,0.0
C089598,309.43,New,0.0,0.0
C074347,31.86,Returning,0.0,0.0
C095751,1952.33,VIP,0.0,0.0
C056661,418.64,Loyal,0.0,0.0
C008320,5452.46,VIP,0.0,0.0
C059231,896.96,VIP,0.0,0.0
C088677,956.83,New,0.0,0.0
C099273,534.82,Returning,0.0,0.0
C063190,1069.22,VIP,0.0,0.0
C031945,1623.95,New,0.0,0.0
C088286,1753.43,New,0.0,0.0
C036370,1194.71,New,0.0,0.0
C090448,3231.99,Returning,0.0,0.0
C006928,3198.02,Returning,0.0,0.0
C038463,2246.37,VIP,0.0,0.0
C061976,2962.06,VIP,0.0,0.0
C067846,614.52,New,0.0,0.0
C082279,1229.26,VIP,0.0,0.0
C013180,600.02,VIP,0.0,0.0
C029921,316.91,Returning,0.0,0.0
C040308,1480.32,Returning,0.0,0.0
C019019,703.54,Loyal,0.0,0.0
C053638,1427.91,VIP,0.0,0.0
C056452,1176.07,VIP,0.0,0.0
C066744,1112.06,Returning,0.0,0.0
C030811,2389.12,New,0.0,0.0
C080502,568.88,VIP,0.0,0.0
C091458,1623.91,Returning,0.0,0.0
C028800,1284.38,Returning,0.0,0.0
